10000 20000
0 4 7801 6271 5580 6294
1 2 2686 8836
2 5 1905 7593 3927 9313 4787
3 2 9838 3343
4 4 1075 5873 1987 7981
5 4 4640 4658 4475 669
6 2 7702 8567
7 5 3627 4239 813 168 9587
8 4 1701 9238 2405 3299
9 3 2874 8821 9775
10 1 9747
11 1 6806
12 4 444 5515 2494 7827
13 5 8780 8014 2168 747 3979
14 1 5471
15 3 1176 6040 9070
16 2 722 9861
17 2 1916 8751
18 4 4622 6109 589 2495
19 4 5312 1465 3020 1594
20 4 2945 5413 339 8198
21 3 8354 5737 4846
22 2 4449 6979
23 2 4980 1542
24 2 7563 2544
25 3 7320 3110 6121
26 4 4298 779 8055 3658
27 2 8476 1536
28 1 6798
29 5 1514 4417 8854 7082 4179
30 3 4084 2752 9233
31 5 2156 7215 3622 1487 6248
32 5 5431 3591 9663 8046 2573
33 1 5191
34 1 699
35 1 9384
36 1 3264
37 5 4579 5357 4160 585 1091
38 5 3246 6585 4739 1768 6733
39 5 609 6732 8887 3179 7409
40 3 4877 6701 9044
41 3 6593 865 6058
42 1 4816
43 1 9110
44 2 8340 4365
45 2 1413 1705
46 5 9779 7181 7246 7786 7693
47 2 350 7819
48 3 557 4064 4947
49 1 4591
50 1 4427
51 3 9732 3710 8282
52 3 7232 7359 2011
53 2 1707 1651
54 1 7618
55 2 94 8544
56 2 2941 6923
57 5 9867 6905 3213 3174 2959
58 2 3943 7839
59 1 4849
60 4 2218 5306 1091 2652
61 3 5704 326 4864
62 5 499 1412 2356 270 9755
63 1 7622
64 1 1208
65 1 7292
66 5 5108 2643 3570 6751 9865
67 5 2052 4998 9660 682 2015
68 2 8122 943
69 1 269
70 3 1742 7291 1640
71 2 3715 1120
72 1 7158
73 4 475 8409 3199 9327
74 1 1288
75 3 4883 2021 9407
76 4 1730 7889 2289 2714
77 5 7204 1289 2616 1440 5050
78 4 1250 4720 5880 5754
79 3 417 4575 2718
80 1 831
81 2 2664 135
82 3 13 1583 4824
83 4 1518 2174 6202 1871
84 2 2135 1446
85 1 8770
86 2 2269 7566
87 3 8134 1858 6180
88 2 1967 5689
89 3 857 4337 3263
90 1 344
91 1 8538
92 1 6077
93 2 1634 1173
94 4 5187 7441 9175 4855
95 2 7543 8440
96 5 1819 3872 4369 2620 355
97 4 2258 6391 1887 1105
98 4 4070 1724 1502 5277
99 1 5940
100 5 129 4721 7299 8953 4727
101 3 4295 3196 8370
102 4 2166 8549 3921 5476
103 3 4762 802 7014
104 3 6992 8306 4697
105 1 7794
106 2 2589 7942
107 4 6226 9428 6097 239
108 1 179
109 1 2498
110 4 4122 4449 1267 9784
111 4 9551 7240 9195 1176
112 4 8354 7575 577 1654
113 3 8892 5773 4621
114 3 1154 6295 5384
115 1 9931
116 4 1139 369 3206 7113
117 4 455 5221 2938 778
118 4 1042 4902 5588 553
119 3 533 1506 3072
120 3 7028 5916 1020
121 5 1995 2157 7819 6772 5500
122 2 6273 4768
123 1 6849
124 5 2606 2764 7205 703 4194
125 3 282 9975 3670
126 4 5052 2351 9567 3009
127 3 8956 6832 3289
128 3 5377 1423 5322
129 5 4468 7685 324 3714 5317
130 1 2630
131 5 9276 1663 9268 7534 6978
132 1 8043
133 2 7235 3725
134 3 3744 3427 4313
135 5 9665 8287 8741 550 9000
136 4 5815 3908 6387 6246
137 5 4087 6202 2458 2510 5625
138 4 3685 8769 1336 2657
139 3 1020 6797 6620
140 2 5632 3851
141 5 4268 2612 8634 78 2192
142 4 5972 6382 7456 1337
143 2 1178 2552
144 1 4381
145 4 7496 9943 5712 9543
146 2 6220 4114
147 4 1483 6203 5604 1727
148 2 1109 5685
149 5 9522 3174 9701 6371 5111
150 2 987 8762
151 5 3102 6308 675 8866 8754
152 3 5354 2696 9260
153 1 9911
154 1 840
155 2 2290 5664
156 4 6265 3785 5650 246
157 1 4704
158 4 6696 801 6280 6493
159 3 226 3827 1901
160 2 8187 7447
161 5 4335 7536 6993 1713 2150
162 3 6524 2397 5053
163 4 482 6081 7634 7395
164 1 7072
165 4 6781 482 4806 7554
166 2 4951 4633
167 1 5363
168 5 7694 1885 3147 3166 623
169 5 2030 2056 3436 1211 3676
170 2 9471 6883
171 4 827 9413 3739 8268
172 3 4314 2312 3643
173 5 4308 2109 4184 9397 8371
174 1 1268
175 3 6727 9672 9406
176 1 5282
177 3 8015 2822 5375
178 3 9042 1283 4212
179 4 8280 1877 9268 3729
180 2 2046 9448
181 4 2289 5369 1631 3167
182 4 4045 4323 7282 9854
183 4 6606 772 7530 82
184 4 1297 9530 8132 4740
185 4 6404 1046 4579 4115
186 5 4905 6183 4190 854 5490
187 1 1943
188 4 9389 1600 5522 2606
189 1 722
190 1 3465
191 4 6334 3611 7672 8897
192 1 6458
193 2 5081 1203
194 2 441 285
195 5 9724 2607 7743 389 5385
196 5 1412 2258 6423 8991 7597
197 2 4877 6592
198 5 5271 3791 1485 1190 1836
199 1 640
200 4 6013 4555 66 9022
201 2 6329 8187
202 2 3535 3366
203 5 9246 9046 9562 3992 4285
204 2 2866 5609
205 5 5105 1687 5203 8390 59
206 1 9266
207 3 5970 3207 2362
208 4 3489 8234 846 1867
209 4 5491 1792 841 7997
210 2 2411 3758
211 2 5417 3102
212 4 812 6720 5593 7664
213 5 2858 3149 703 2181 9600
214 2 1586 4055
215 5 1117 7403 5918 2977 1749
216 1 1221
217 5 4066 1966 1525 1855 7719
218 4 9154 8094 5729 7955
219 3 3497 2296 7091
220 3 4509 3031 5386
221 1 356
222 3 6632 2804 795
223 5 8051 4747 4326 3262 3195
224 3 2387 4631 9415
225 5 2332 7001 9220 9565 1953
226 1 1968
227 3 1541 8878 1378
228 4 1976 9801 3004 6139
229 1 1716
230 3 5856 9724 146
231 4 4736 6195 7379 5086
232 5 793 1000 1613 4579 4875
233 4 9514 6812 6106 498
234 3 9381 7564 6163
235 2 9939 7042
236 4 8768 5960 2731 2764
237 1 2083
238 5 9811 5972 6726 5327 4826
239 5 1692 722 8572 8856 8170
240 5 2074 7041 2693 577 4382
241 3 6005 5575 4783
242 1 4553
243 2 6644 5291
244 2 2446 748
245 3 3445 3237 8062
246 5 9332 8529 7836 4755 7116
247 5 2333 6079 3420 5179 7002
248 2 5939 7375
249 1 3742
250 4 716 8569 5794 3204
251 3 9454 5368 4701
252 4 4510 5991 5439 1836
253 3 4703 1714 8211
254 3 2085 1508 195
255 1 5627
256 3 6765 4175 9283
257 2 2186 8138
258 2 724 9892
259 5 7039 8605 84 159 893
260 3 3804 6088 4553
261 2 1189 4352
262 5 1881 9612 3152 8230 1358
263 2 9489 4483
264 3 832 1921 8767
265 3 8219 472 5651
266 3 6680 4491 639
267 1 6639
268 4 3938 4778 6071 1795
269 2 3656 809
270 3 5044 79 3572
271 4 527 8386 7955 1221
272 1 8973
273 2 4535 6092
274 4 6827 5340 351 2883
275 3 9042 5291 3622
276 3 441 1216 4807
277 5 1143 9854 4440 2190 6587
278 5 943 995 4208 7336 5703
279 5 5813 5097 1736 3513 2283
280 2 6200 6880
281 2 8177 2
282 5 8055 1786 7766 7893 6481
283 1 1857
284 3 7916 6480 1135
285 5 8543 1412 1342 8385 8112
286 5 581 9235 3848 2327 4004
287 1 6931
288 2 734 8164
289 1 8483
290 1 1749
291 2 5333 1108
292 1 9506
293 4 7842 293 169 9592
294 5 2303 4252 8195 4230 5079
295 1 1976
296 3 2682 8264 2577
297 4 2359 7288 1373 8791
298 5 4907 795 7795 484 4239
299 3 8231 8940 7778
300 5 5217 8819 6391 5310 3123
301 1 1084
302 1 5870
303 2 6361 1647
304 4 5652 9883 1568 3573
305 4 2593 2512 7595 6245
306 2 9281 999
307 3 2017 2126 647
308 5 1914 190 6983 9743 2110
309 1 8400
310 2 7685 6282
311 1 3414
312 5 6742 4727 27 1882 2428
313 5 3512 3592 605 1298 8691
314 5 1054 4486 469 9938 7516
315 2 3683 3186
316 4 4987 6784 6054 5234
317 4 3809 8896 3505 3183
318 5 4653 5204 7562 7973 8092
319 1 1055
320 4 8067 4332 9285 1967
321 2 6794 5034
322 3 1530 9781 5440
323 1 2450
324 4 6085 2030 1223 2336
325 5 5147 3605 1195 9640 5634
326 4 4306 8687 7036 6395
327 4 2175 6110 1467 1700
328 3 1937 2027 2892
329 1 4786
330 4 4785 5480 2410 2913
331 3 3214 2097 2121
332 5 4610 9086 1356 1680 6417
333 3 3980 6808 9709
334 3 861 5850 3442
335 1 9048
336 3 1533 913 6414
337 1 2671
338 5 126 7722 7838 2958 5673
339 5 9852 7505 6451 8509 2220
340 4 9580 9159 8035 3290
341 2 6493 7468
342 5 2380 9784 6911 1832 9266
343 3 898 423 3183
344 5 8799 6315 7866 6502 1432
345 2 9712 1144
346 1 3302
347 1 3852
348 4 4437 2526 776 2325
349 4 3415 937 7428 4872
350 2 202 4110
351 3 4849 3589 9218
352 2 1061 1321
353 4 9832 1821 2829 6577
354 5 3599 7956 6605 5672 4818
355 5 4783 7335 5099 2780 431
356 1 8792
357 5 286 7359 4028 4681 5415
358 2 7260 4116
359 4 3237 5593 38 886
360 1 1967
361 1 6046
362 3 1021 7648 7471
363 1 9015
364 2 2247 3043
365 4 1595 4042 1787 1180
366 1 2593
367 5 4301 4365 7283 4607 3932
368 2 5300 5677
369 3 6209 2988 2940
370 3 63 1241 7022
371 5 9221 6583 6884 9733 1883
372 1 8113
373 2 5516 925
374 4 891 1805 1670 3905
375 1 573
376 1 2361
377 5 4029 9126 1387 74 9602
378 1 1682
379 4 9497 4329 6850 7898
380 5 5677 9485 6659 2240 1709
381 5 3194 5784 1088 8738 813
382 1 3460
383 5 3356 9266 6338 332 2843
384 5 7428 7976 2248 9090 3748
385 4 1870 766 567 6350
386 2 9976 8106
387 5 8218 2251 5019 8180 2493
388 3 8923 332 4266
389 3 3603 2115 3001
390 5 9157 2448 4698 5757 1940
391 3 1059 2025 2887
392 2 2779 3464
393 2 2250 2247
394 1 6693
395 1 7106
396 3 160 8520 6130
397 4 3831 8437 6073 5652
398 5 4479 2042 7753 8266 5469
399 1 6275
400 1 5387
401 1 2094
402 1 8279
403 4 2668 1370 8798 2940
404 4 5878 4536 9219 801
405 1 6143
406 1 5146
407 2 7573 2564
408 2 613 3494
409 1 971
410 1 8987
411 4 403 7344 9201 9363
412 5 4497 6842 5825 4485 4927
413 5 2354 5989 646 9221 1957
414 5 2001 8143 9122 1088 1792
415 4 6033 671 6168 2545
416 5 9058 6443 8194 2082 4644
417 1 1574
418 3 8196 9017 3504
419 5 1577 2386 3695 8943 3045
420 5 832 6991 8158 972 2530
421 4 873 205 7786 281
422 5 1917 9769 5156 1173 6568
423 5 9348 8223 5640 6192 6650
424 1 8285
425 2 675 4864
426 2 5547 2893
427 4 9584 1040 1962 92
428 1 4831
429 2 1884 8106
430 1 3379
431 1 8138
432 3 8692 7725 7862
433 2 187 9691
434 5 2121 8659 5060 8837 9732
435 1 755
436 3 9520 5666 96
437 2 7116 479
438 3 5201 1485 592
439 4 4223 2524 3833 3192
440 5 5211 6528 5458 9983 3902
441 2 321 7982
442 2 9273 9866
443 2 2067 1456
444 4 9274 4868 4919 9113
445 3 9166 419 1954
446 4 918 5768 6482 9525
447 1 9953
448 1 6066
449 3 575 5755 3130
450 1 8135
451 1 6262
452 5 7589 8431 962 8037 2437
453 3 8082 2833 2355
454 4 563 2893 1169 2010
455 4 8001 650 5269 1059
456 2 3252 7910
457 5 8783 635 2945 9119 4790
458 2 8650 4673
459 4 6127 5226 6631 4722
460 5 1618 1071 3870 336 495
461 1 1297
462 4 862 7171 6822 2861
463 2 9185 6155
464 4 7541 1822 9498 8858
465 5 2007 844 1622 5085 4536
466 2 1454 436
467 3 338 4355 5075
468 5 4882 6340 5258 2516 8514
469 1 8905
470 2 3453 8987
471 3 2040 1556 6651
472 1 2002
473 3 8054 4674 4697
474 2 7949 2617
475 5 8160 8028 580 8423 397
476 2 3448 2345
477 4 200 1863 7814 5976
478 5 4785 2728 414 6890 61
479 3 1467 4527 2184
480 2 9966 7845
481 5 7869 7554 5496 407 5143
482 4 959 9587 209 475
483 2 2056 2631
484 4 9636 5339 8926 715
485 3 942 1006 1137
486 2 2954 2110
487 3 6829 605 2815
488 1 5744
489 4 2748 2274 7649 1406
490 1 6256
491 2 4328 5783
492 3 7227 7244 2793
493 5 1952 9200 117 8132 9330
494 2 4523 9342
495 4 1490 2158 7768 7055
496 4 695 6034 7150 2130
497 3 8668 2686 9591
498 4 521 4263 780 2642
499 3 5441 9148 6153
500 1 9571
501 5 4498 5385 5677 2362 8007
502 5 2067 348 9829 4941 7435
503 5 5472 1658 7049 7563 1224
504 4 1464 1657 1962 1768
505 4 2326 521 9336 9797
506 5 190 2683 8343 413 4654
507 5 4200 4857 1419 1479 7946
508 5 2590 6496 3401 9450 6707
509 5 5543 8409 1061 9595 2503
510 1 7116
511 5 7606 9759 3540 6627 96
512 3 2081 344 5394
513 5 319 6491 6940 9324 1646
514 3 3866 9256 2910
515 3 2963 862 3655
516 2 625 1651
517 1 6384
518 1 859
519 5 3785 1326 5743 8060 7512
520 1 9728
521 4 4981 6813 5947 7935
522 4 4673 7790 4201 4472
523 1 2938
524 3 1013 1792 185
525 3 5050 5407 1682
526 1 9358
527 4 4810 6323 9115 844
528 4 6520 5633 5691 8190
529 1 8922
530 4 5915 1094 4385 7983
531 3 5362 4959 824
532 4 9912 5718 9831 244
533 5 3314 5353 3069 8268 4493
534 3 115 1863 546
535 4 434 4672 4692 8107
536 4 7784 3712 5650 940
537 4 1279 2350 6537 7267
538 4 2694 8173 5330 5527
539 2 5958 8476
540 1 8278
541 3 9714 597 9186
542 5 3543 3400 2986 5973 6045
543 3 9010 9212 1408
544 1 7005
545 5 677 8571 8597 1523 4516
546 1 2430
547 1 5779
548 3 2534 9431 1541
549 1 9888
550 1 820
551 1 6257
552 3 4426 6675 6266
553 5 3014 141 2951 9821 2685
554 1 2295
555 4 1471 4316 5214 2683
556 3 7058 7399 2587
557 3 6164 9070 7633
558 1 2244
559 1 8058
560 2 2337 8293
561 2 4504 1357
562 1 3847
563 2 865 5987
564 2 3127 1760
565 5 6529 1006 2170 4959 9928
566 2 8658 6250
567 1 1840
568 4 256 7481 4988 956
569 5 7368 8997 9748 1573 4053
570 4 4877 7282 4694 7661
571 5 142 6264 1175 3541 2267
572 5 1132 3085 9329 1427 4400
573 2 3823 595
574 5 4366 8022 2458 6713 9705
575 1 2170
576 5 4448 2810 3046 4087 3883
577 5 788 2811 2852 8944 1827
578 3 9363 6309 5647
579 5 9148 4091 4675 9278 8855
580 5 5183 3038 209 7494 7066
581 5 1569 2603 409 7135 2174
582 1 96
583 3 7007 754 1288
584 2 8210 4657
585 2 1878 3297
586 4 5499 3891 9745 5447
587 2 883 1949
588 5 229 4561 3492 841 4065
589 2 8846 5783
590 1 3692
591 3 8435 8700 5250
592 2 5455 1691
593 4 1875 8280 9724 6053
594 1 5152
595 4 2939 2627 9403 2773
596 5 5605 6570 9934 701 7773
597 4 8 4825 5815 8320
598 2 7651 1036
599 5 3377 5361 4073 265 7668
600 5 207 5086 5162 5338 5100
601 1 2005
602 4 5611 5168 9430 9714
603 3 5094 5906 2057
604 4 3831 9703 7467 436
605 4 3712 6076 573 1712
606 3 107 287 6681
607 1 3389
608 4 6315 3524 45 4426
609 2 5155 336
610 2 3454 380
611 2 3899 124
612 4 9773 3718 1491 8981
613 3 9885 8916 7937
614 5 4398 9269 1384 745 2395
615 1 538
616 4 1993 4711 7537 5716
617 4 8018 657 9436 2840
618 5 2704 6143 8458 3380 8424
619 3 3268 753 235
620 4 3321 7119 7687 8374
621 4 1103 6106 9922 2341
622 5 4743 4968 3398 8986 953
623 4 2462 9155 280 5598
624 3 6885 1738 145
625 1 6
626 4 1582 2362 1930 8576
627 3 3586 2199 9817
628 4 2245 8918 2453 2750
629 2 4285 4683
630 1 6446
631 1 5781
632 1 2388
633 5 2127 1630 5514 2669 2145
634 3 708 7497 9433
635 1 4255
636 3 5677 5715 8272
637 4 288 1192 90 3154
638 2 1269 9156
639 3 7533 101 4426
640 3 7821 379 4834
641 1 7247
642 4 1346 9486 5774 993
643 2 5703 762
644 1 3339
645 5 1466 4284 3113 7897 9699
646 4 2640 2987 6841 1680
647 1 1274
648 4 2049 7296 2298 6664
649 3 9296 7476 4096
650 5 3024 7264 6568 8545 1431
651 4 6964 7 1302 5222
652 5 6798 4134 4084 1595 4292
653 2 9096 4465
654 2 778 6613
655 2 2402 4010
656 3 7391 2273 4486
657 1 3001
658 1 954
659 3 3960 1583 5872
660 4 434 4037 5432 3242
661 3 7218 5503 3819
662 1 6942
663 5 5363 2883 6991 3683 2030
664 1 7760
665 3 9365 6105 6337
666 2 9139 4466
667 4 6682 9095 1174 4165
668 3 3722 970 6419
669 1 2833
670 4 1967 8908 6837 5304
671 1 9656
672 2 8598 8932
673 2 8908 9046
674 2 454 7337
675 2 5406 6283
676 3 868 303 6278
677 5 2457 1739 6247 9502 3013
678 5 6577 7795 6967 9933 9718
679 5 7405 2416 786 8014 3603
680 5 6662 3753 6489 7519 8857
681 3 873 3216 858
682 4 9223 877 1416 8913
683 5 2215 8485 2037 3946 3057
684 5 3432 2025 8629 6979 4054
685 2 5688 4277
686 2 913 5855
687 4 955 8411 4449 1214
688 2 9790 2127
689 4 3025 9490 2370 2135
690 2 1040 4899
691 4 4661 7489 3153 2791
692 2 9611 8030
693 5 7788 8158 4987 6586 364
694 5 2213 3794 4491 2771 5904
695 2 1532 9655
696 4 2471 5232 734 245
697 5 2782 9187 4327 7569 295
698 2 4976 6644
699 4 6821 2272 6346 37
700 1 1584
701 1 7630
702 2 2759 9217
703 4 2169 5043 4595 1051
704 2 5638 7237
705 3 9427 7742 796
706 4 333 3657 478 9747
707 3 2808 6473 2935
708 5 2420 5396 603 7233 3455
709 5 4381 6038 9117 2469 1445
710 4 2802 2482 2968 3683
711 2 692 9853
712 2 1413 7442
713 2 3844 1283
714 4 3409 6392 9777 2156
715 5 6382 2001 5858 1636 2941
716 2 1933 3953
717 2 8141 6712
718 4 6914 6198 5284 1901
719 3 1057 4203 2107
720 5 1123 2613 2335 112 4220
721 1 2328
722 4 1249 1943 4434 8046
723 4 2859 5946 5670 237
724 3 3954 9113 8081
725 1 2662
726 5 21 4049 9504 1645 4875
727 1 8137
728 2 47 2205
729 5 5018 1949 9377 2674 8310
730 1 8608
731 2 726 1607
732 4 3155 6435 8731 1095
733 3 8617 4112 7337
734 4 3925 5145 4353 634
735 5 1587 8928 2895 4634 6370
736 5 8989 1002 3644 2854 4661
737 2 3420 6065
738 5 3869 5024 1379 776 8125
739 4 3418 2122 1282 3874
740 3 2575 5900 2986
741 3 1651 309 2047
742 3 1989 4785 7122
743 2 2152 1527
744 4 7621 7466 9631 6949
745 3 3971 716 7426
746 3 1440 8268 351
747 1 6417
748 2 9168 3905
749 5 8098 2735 9259 7651 2711
750 3 1590 5074 4641
751 5 3508 7821 2778 3674 2774
752 4 779 647 3160 7145
753 1 6981
754 3 2901 7335 1396
755 1 4469
756 2 5953 7794
757 4 6671 5200 7476 5233
758 2 1656 5965
759 5 1458 3839 9872 6530 5802
760 2 466 9081
761 3 1977 2014 498
762 1 482
763 2 8029 7671
764 4 6281 7566 8839 2654
765 5 2067 2410 6197 5537 2502
766 4 997 7052 9589 2667
767 1 5209
768 3 1600 8597 991
769 2 7259 644
770 4 9270 1238 5488 3363
771 5 3491 9757 1215 1267 935
772 1 7367
773 4 747 7623 1480 762
774 4 6166 5195 1466 340
775 2 6248 9344
776 1 425
777 1 9664
778 1 2431
779 3 1900 3011 5416
780 1 5305
781 2 3793 8431
782 1 9704
783 2 7610 7725
784 5 6381 3411 1125 4736 8197
785 5 9303 1190 5653 9779 9271
786 1 157
787 1 3302
788 5 6434 9482 5566 47 3376
789 2 6029 9329
790 1 1137
791 1 7011
792 3 8612 6259 8450
793 5 5032 2367 2260 7818 554
794 5 3801 323 5428 2192 5906
795 2 5683 510
796 1 5061
797 1 4482
798 1 4946
799 3 2036 7587 3217
800 2 5409 7439
801 5 8460 1503 184 518 8417
802 2 355 7148
803 4 696 2468 5400 8418
804 4 959 2642 6969 2463
805 5 1265 2661 6065 4631 4326
806 2 1800 2273
807 1 2774
808 2 9365 1645
809 4 6344 3715 9033 165
810 4 3557 771 9561 8428
811 5 7804 9572 292 5752 1524
812 3 995 3192 5773
813 1 6467
814 4 3715 1187 607 4644
815 1 3354
816 3 4957 1190 9909
817 5 8750 9456 8011 1509 195
818 5 8208 6632 3444 3301 9780
819 1 199
820 2 3867 3056
821 1 930
822 1 8879
823 2 1169 9661
824 1 596
825 4 8880 8098 1870 2529
826 1 3669
827 4 5251 6989 90 6853
828 3 8888 3812 7545
829 4 2761 8011 9700 1309
830 4 5183 3924 1318 5307
831 5 6496 9976 7404 7016 2360
832 1 5022
833 4 1552 2280 8391 4760
834 1 427
835 4 8758 1138 551 9223
836 3 7446 3211 7835
837 5 1750 2676 100 1800 6370
838 2 208 6809
839 3 4816 263 9099
840 3 847 7517 510
841 2 5682 92
842 4 1829 5071 4770 2544
843 1 9140
844 3 9179 6180 7416
845 2 565 6566
846 1 540
847 2 1403 4833
848 1 9622
849 2 2834 4997
850 1 814
851 1 2166
852 4 138 5976 8416 5871
853 3 4280 6101 7986
854 3 557 4367 4439
855 4 7067 2934 9572 924
856 2 2582 9031
857 4 3686 1296 3501 4884
858 3 1424 8164 4544
859 5 3135 4044 7057 5025 9354
860 5 1700 4765 3619 2050 2895
861 5 2199 50 6098 1724 8527
862 3 4319 4967 2362
863 1 43
864 1 8507
865 1 8021
866 3 1967 346 3702
867 5 4658 5311 2778 7157 6418
868 1 9998
869 5 7588 5977 1482 1720 2966
870 1 6546
871 2 4581 2923
872 1 60
873 4 4238 4275 5818 4077
874 4 2501 4704 9338 1324
875 3 6488 9334 3438
876 1 8092
877 5 3622 415 2523 5569 8047
878 3 9018 7606 3863
879 4 1481 7345 7427 9005
880 1 6832
881 4 7878 6393 8365 5014
882 2 8823 7161
883 2 3873 3640
884 2 1395 2384
885 4 2445 1028 846 5941
886 5 1435 2724 8089 734 4562
887 3 5653 5897 8485
888 2 1363 4339
889 3 9147 2560 7333
890 2 6708 4688
891 3 9155 117 8754
892 3 2580 2478 1573
893 3 8063 1059 7387
894 3 4663 1138 29
895 3 6140 1172 1279
896 1 1319
897 3 2262 751 2697
898 4 9863 7004 7775 5987
899 2 1347 1096
900 5 6606 935 2969 8253 8502
901 5 3937 9927 1829 9960 3913
902 1 8398
903 4 3183 8710 6176 849
904 5 4033 4456 8285 8000 8749
905 2 9002 9647
906 1 4501
907 4 3081 259 821 2111
908 3 3141 3003 1126
909 3 2034 2012 64
910 1 5321
911 3 5447 4321 4681
912 1 5104
913 5 7438 9841 2838 5865 5178
914 1 5015
915 5 1303 3889 3373 1838 2764
916 3 848 8500 6063
917 3 9610 6949 3835
918 2 1068 6578
919 5 5001 239 1610 2180 4996
920 3 4564 1008 5546
921 3 6380 3769 7103
922 5 6801 3037 4207 8056 9215
923 5 642 9506 968 6963 9070
924 4 4264 9195 2670 7522
925 4 6798 2227 2071 6692
926 2 5576 4750
927 4 7967 2858 9893 4753
928 2 6791 6606
929 2 1146 1878
930 1 6643
931 4 3448 4974 7297 2344
932 1 4461
933 1 6617
934 5 5116 6214 3862 3865 2551
935 1 115
936 1 525
937 3 7028 9993 7500
938 1 9584
939 2 8024 4574
940 4 7486 1059 8980 8309
941 2 5274 4375
942 5 7311 5148 4039 6478 7554
943 4 2051 5106 8117 808
944 5 2712 2250 1553 2119 8999
945 4 7868 7040 5863 2905
946 4 941 6379 6848 2099
947 2 6433 7690
948 2 7825 5544
949 5 1993 4628 4865 6286 1256
950 2 2473 7343
951 1 192
952 4 3801 2338 7839 1871
953 3 4671 1435 2417
954 3 2098 1078 7391
955 4 2622 2952 1914 5127
956 1 4777
957 4 4413 8812 2046 4203
958 4 8107 5816 3395 3597
959 2 777 8355
960 2 8519 7784
961 4 883 6332 8487 5909
962 3 7585 6067 7018
963 4 8414 1595 8903 5062
964 3 3861 2189 2649
965 2 8158 9860
966 5 6097 2065 7401 8633 5322
967 5 9706 9577 7498 8570 8928
968 5 3259 701 2108 8494 4184
969 3 3381 1405 3401
970 5 8961 3775 5477 2446 8642
971 5 8179 2716 9075 9773 610
972 1 1203
973 1 6618
974 2 1857 6362
975 4 5548 2521 8307 4004
976 2 2493 9728
977 4 4308 1160 2676 1801
978 5 8287 859 4959 6636 5193
979 5 1672 2287 3728 9610 1558
980 5 3609 89 6355 4914 3328
981 1 9127
982 3 2439 5958 7407
983 1 7649
984 5 8602 5097 4986 5788 5973
985 3 7722 913 2425
986 2 7209 8960
987 2 6865 8645
988 5 4453 7188 1681 4653 7884
989 2 2816 5976
990 5 2548 4563 3233 452 9353
991 4 3094 213 4736 8820
992 5 3029 7793 1049 153 8493
993 4 6619 6473 7532 3256
994 4 2690 5943 7880 7974
995 2 9309 2346
996 5 5701 1193 2489 1333 3771
997 1 6086
998 2 1433 7752
999 1 2109
1000 5 3761 3328 5621 2572 6610
1001 1 3606
1002 4 604 8925 9617 8221
1003 5 3899 1598 9397 6877 3642
1004 5 4208 4373 3999 676 3676
1005 4 2213 396 6637 7962
1006 5 862 1885 3712 1442 7270
1007 1 3055
1008 1 2147
1009 5 3497 920 5753 1819 6709
1010 2 2689 2057
1011 2 7618 3796
1012 2 9582 1645
1013 2 444 2575
1014 1 2027
1015 4 7651 9736 9342 1642
1016 1 5425
1017 4 3936 9710 6018 1706
1018 3 8220 6945 2311
1019 5 5136 7645 6872 3138 7503
1020 1 1271
1021 1 9581
1022 2 6059 1268
1023 3 1113 1395 7109
1024 1 8667
1025 1 8369
1026 1 2611
1027 3 4658 1286 9365
1028 2 8815 3229
1029 1 4548
1030 3 2159 7308 9099
1031 3 7441 4440 2609
1032 4 5496 5605 8611 5803
1033 3 1229 2463 2313
1034 5 4841 6589 4089 601 993
1035 4 6573 5327 3333 3459
1036 2 8965 891
1037 5 5217 8584 8938 7041 7268
1038 1 503
1039 1 26
1040 5 270 2296 9561 7285 8195
1041 3 414 8440 6697
1042 3 7755 3529 915
1043 3 7468 2209 2217
1044 2 4046 9546
1045 1 3498
1046 4 9749 5343 4931 5453
1047 3 5678 4273 8484
1048 1 7776
1049 2 3287 9489
1050 2 877 6043
1051 1 6948
1052 4 9709 5653 609 6645
1053 1 7908
1054 1 5507
1055 1 1078
1056 1 7763
1057 3 4892 3603 2489
1058 3 2884 7989 2662
1059 4 185 1906 4588 7420
1060 5 1989 3184 6073 1505 1507
1061 1 2761
1062 3 7890 4937 7279
1063 5 1137 6081 6570 3343 7779
1064 2 7598 551
1065 4 8761 8327 950 7811
1066 5 2012 9832 7950 666 8256
1067 5 1585 9878 687 5436 3324
1068 1 6647
1069 5 1232 5513 7252 8286 6211
1070 5 449 3647 9607 7544 3083
1071 1 4919
1072 4 2488 9063 6177 3889
1073 3 1821 4394 4517
1074 1 5824
1075 4 9190 1685 1782 1319
1076 4 8029 9714 5921 6862
1077 1 9076
1078 2 2675 4883
1079 3 6768 6756 9404
1080 3 5815 1086 3559
1081 4 3703 935 3868 2575
1082 1 1591
1083 2 5763 5333
1084 1 339
1085 3 382 3041 501
1086 2 7902 2112
1087 3 907 3168 8518
1088 5 2144 9623 7559 7258 9529
1089 2 9282 2746
1090 1 6125
1091 2 46 3046
1092 4 7285 281 9697 207
1093 3 6770 3480 2439
1094 4 1815 3839 1007 1798
1095 4 6683 8041 7082 3865
1096 5 9188 1705 652 5856 971
1097 2 9883 5532
1098 3 3437 2374 5322
1099 2 9098 795
1100 3 3681 9222 4409
1101 2 5387 281
1102 1 348
1103 1 1097
1104 4 2141 191 8072 7502
1105 3 3295 7281 9674
1106 2 3792 548
1107 5 7917 2504 9245 1021 8787
1108 5 4475 7699 4859 5302 5200
1109 3 2726 3090 853
1110 5 3501 5532 2592 3952 311
1111 3 4984 6477 6480
1112 3 8088 2189 1655
1113 3 1906 9653 167
1114 2 5494 9466
1115 1 4188
1116 1 4396
1117 2 9733 5629
1118 1 3859
1119 1 1120
1120 2 2041 1912
1121 1 3467
1122 5 8402 2337 9888 9036 8670
1123 5 9371 6551 454 2468 2126
1124 3 3603 1727 7269
1125 1 1045
1126 1 9515
1127 3 3989 420 7056
1128 1 5113
1129 1 6041
1130 2 1032 172
1131 1 2600
1132 5 5676 4830 5142 6738 4417
1133 4 6650 807 9473 3300
1134 3 4048 4897 1766
1135 4 3223 8275 7546 7941
1136 3 287 5800 7092
1137 3 997 1217 183
1138 1 2929
1139 5 781 5304 8800 9792 4758
1140 4 7971 1774 9513 1975
1141 2 3184 5077
1142 3 9363 3606 8841
1143 3 1003 976 3703
1144 4 9955 2145 4310 3962
1145 5 9378 584 7123 2923 3082
1146 3 2038 2070 7420
1147 1 732
1148 3 3138 8298 5437
1149 1 8713
1150 4 7009 8590 3980 1795
1151 2 344 3685
1152 2 5441 2186
1153 4 4112 7112 6200 2309
1154 4 7247 1473 2478 6236
1155 1 1334
1156 5 3833 1410 3195 8690 8998
1157 3 8335 3751 5465
1158 2 1753 7393
1159 4 2610 2660 6482 5674
1160 4 8220 9251 6985 8711
1161 5 8720 390 5342 1771 2581
1162 2 6753 6231
1163 1 3755
1164 2 9042 630
1165 1 2687
1166 1 9090
1167 2 6130 7133
1168 3 1919 8983 2564
1169 4 8794 2154 8400 4412
1170 5 4850 2169 4254 355 5785
1171 4 7013 863 7117 4657
1172 1 8116
1173 4 9406 7239 8736 3114
1174 5 5219 6237 5550 417 676
1175 3 9117 6771 6818
1176 4 9421 3247 1510 2344
1177 5 1649 1476 2197 5304 9566
1178 5 9746 1023 1070 145 7418
1179 3 7977 4572 9454
1180 4 5013 6785 6055 4273
1181 1 580
1182 4 1676 1943 3380 4321
1183 3 7921 488 1038
1184 1 3497
1185 2 8386 5747
1186 5 6710 9110 653 2643 9118
1187 1 8835
1188 3 1997 7142 1837
1189 2 8133 8529
1190 3 4956 9121 6195
1191 3 1304 846 6168
1192 5 2221 2907 1827 9651 712
1193 1 2307
1194 1 4
1195 5 8611 1392 5883 5350 641
1196 2 8139 2195
1197 5 260 2285 7765 2500 7920
1198 3 6293 3572 2404
1199 4 2968 9056 513 587
1200 5 4895 7849 87 1807 9328
1201 4 1117 7600 9041 2896
1202 2 5522 1650
1203 4 1378 8389 5177 3626
1204 5 3883 9862 1484 1353 3703
1205 4 7117 612 2120 2979
1206 5 405 2113 1563 370 6669
1207 3 6802 4682 5931
1208 4 8489 3557 3582 3242
1209 2 2444 1656
1210 3 5394 1608 8803
1211 1 657
1212 3 4472 3504 7724
1213 1 6590
1214 2 7144 9216
1215 1 1972
1216 3 4021 6531 3928
1217 5 2020 1190 7635 641 502
1218 5 1812 5461 9169 6932 9917
1219 1 9844
1220 5 3015 6907 7090 4744 5623
1221 4 5426 4358 9503 9975
1222 3 4983 5880 2990
1223 1 6768
1224 1 6449
1225 3 3813 1868 2018
1226 3 6231 5930 5112
1227 3 7038 5492 2543
1228 2 376 7069
1229 5 8492 1409 6068 5769 750
1230 5 2662 3575 742 4943 884
1231 2 7325 2733
1232 4 8335 8635 2593 2847
1233 4 8208 9230 2755 4673
1234 4 1983 4775 1874 5464
1235 1 9689
1236 1 3735
1237 5 8624 3475 1435 6894 1012
1238 4 1880 3987 4576 5006
1239 1 9106
1240 4 96 7097 3729 165
1241 5 2440 6743 6376 72 7536
1242 3 9247 6392 6112
1243 2 3713 8571
1244 5 9611 5921 826 1568 8655
1245 5 5263 3731 2697 629 4301
1246 3 3286 8793 9630
1247 3 830 1189 253
1248 1 9673
1249 4 1989 635 6853 9235
1250 3 1848 790 1679
1251 4 9707 61 8369 4790
1252 1 3421
1253 1 3638
1254 1 9065
1255 3 6283 6449 6465
1256 1 8512
1257 3 9375 2135 6978
1258 2 4413 2227
1259 5 6045 2762 2843 9709 7526
1260 4 7514 3369 7989 1336
1261 4 2399 9589 6400 1385
1262 1 6600
1263 1 3383
1264 1 2462
1265 2 8049 3070
1266 1 7789
1267 1 6313
1268 5 6682 4505 2033 8460 8245
1269 3 3565 9506 8342
1270 5 6668 9679 3107 4141 749
1271 5 5521 388 1363 9777 3786
1272 4 2947 4637 9711 1304
1273 3 9924 6368 2003
1274 4 472 4921 6443 9297
1275 5 6511 7128 2719 2886 3548
1276 4 5495 2737 3527 9304
1277 4 5453 5272 8319 3528
1278 1 4090
1279 1 3950
1280 3 4514 9455 1230
1281 4 7279 8844 4602 8880
1282 3 6768 278 1459
1283 3 7805 9548 7032
1284 5 1868 7298 1938 2620 6065
1285 3 1879 5628 7904
1286 4 9576 7029 753 1976
1287 4 3324 7600 2496 9289
1288 5 3144 148 7900 4796 1136
1289 3 7036 639 9334
1290 1 7282
1291 3 2380 1509 8251
1292 3 5857 7351 8953
1293 5 7729 2009 6311 9330 687
1294 4 6907 2453 2226 4766
1295 1 8419
1296 2 8719 7558
1297 2 2132 1347
1298 3 2724 844 6056
1299 4 5266 2002 4008 3924
1300 2 6191 4393
1301 1 8093
1302 1 900
1303 1 2362
1304 5 1193 8950 3702 5053 4912
1305 1 23
1306 4 3459 4916 2485 4803
1307 4 3918 2809 7542 7415
1308 1 6006
1309 1 2659
1310 5 700 9587 585 3496 8042
1311 5 4018 7441 7669 5973 4128
1312 2 967 6426
1313 5 9093 2249 6536 344 240
1314 2 54 5176
1315 1 5603
1316 3 1504 1814 7325
1317 3 3471 1158 291
1318 2 8317 7029
1319 5 1440 3769 7133 1434 2829
1320 5 2371 8095 1920 1329 5840
1321 3 9133 5414 832
1322 4 6787 819 1816 5997
1323 5 4861 1163 7200 2179 2738
1324 4 4882 6047 7279 8874
1325 5 1359 83 5330 4481 9580
1326 1 2614
1327 5 5736 9119 8184 657 828
1328 5 7197 3758 8068 9157 8821
1329 2 7934 2389
1330 5 2935 2302 437 8310 5106
1331 4 1062 7520 8979 7108
1332 2 8330 5043
1333 5 4479 860 4598 72 594
1334 3 9176 1581 2269
1335 3 1033 8352 8405
1336 5 2331 5577 752 8904 2857
1337 4 5761 582 1770 2707
1338 4 8496 6870 4377 1580
1339 4 3224 69 7875 4765
1340 2 218 3168
1341 2 1916 201
1342 5 6781 6766 7328 8762 7914
1343 3 3681 6053 5377
1344 3 4404 1580 3670
1345 4 2815 6706 3295 6950
1346 2 1628 8894
1347 5 734 8885 6256 5995 4998
1348 1 1557
1349 4 6039 9433 5760 2404
1350 4 4110 1377 5859 3484
1351 4 1121 7088 4655 8288
1352 2 6388 3426
1353 4 2152 1181 9169 6270
1354 5 9273 5151 3710 462 3505
1355 3 7361 4651 681
1356 5 3277 2032 4885 905 3080
1357 1 7645
1358 5 7298 8400 7636 1792 4420
1359 1 4694
1360 2 7411 9570
1361 4 8244 7674 8202 1621
1362 1 8615
1363 1 3150
1364 2 1588 358
1365 4 6730 5929 2549 3238
1366 3 7984 6368 3174
1367 4 5769 981 2085 5037
1368 2 9669 5681
1369 3 9099 6020 586
1370 3 8296 5906 6084
1371 2 5462 7819
1372 5 4111 5971 9564 5224 1311
1373 2 8535 9217
1374 5 3118 9993 8117 8394 3467
1375 2 3880 7776
1376 5 2388 3356 9278 1720 711
1377 4 592 1504 7548 7038
1378 4 3413 5978 3312 112
1379 5 3814 5890 9798 1629 5486
1380 4 5896 6458 8407 2787
1381 2 7889 8036
1382 1 3088
1383 1 1403
1384 1 6697
1385 2 4355 8478
1386 1 2650
1387 4 3498 9718 2763 9635
1388 4 4498 5188 4236 201
1389 3 8741 2097 4485
1390 3 7964 5459 7672
1391 5 6593 6494 1819 982 4419
1392 3 2292 5811 7330
1393 4 1464 9144 9070 1847
1394 5 24 3872 367 7344 7661
1395 3 7077 2069 9468
1396 4 5801 7932 5834 4045
1397 2 2362 6558
1398 3 8223 4441 1161
1399 1 2032
1400 3 579 2878 3334
1401 2 7112 9012
1402 5 3274 8243 7163 4022 7052
1403 3 7590 9243 8349
1404 3 7576 8302 4558
1405 4 3091 7092 6628 1640
1406 2 3438 4604
1407 2 3003 6382
1408 3 9970 2783 6540
1409 2 2767 2709
1410 5 3358 7150 4198 720 5262
1411 5 5402 1684 2233 9115 3122
1412 1 4001
1413 3 9943 6666 4876
1414 5 324 1093 8105 5222 7903
1415 5 9748 7334 1790 2747 8600
1416 5 6839 8163 2484 8370 3832
1417 5 1905 774 3833 8777 9859
1418 4 6126 191 4158 7634
1419 3 2093 8923 3265
1420 5 4410 1770 385 8899 8395
1421 4 8265 241 3579 9032
1422 2 2835 257
1423 2 4070 7753
1424 2 7931 1255
1425 1 7250
1426 5 5731 3347 3898 9484 8022
1427 2 4518 2456
1428 2 6400 2582
1429 5 7625 1935 6744 2265 7203
1430 5 3236 3998 2319 5810 5992
1431 1 6962
1432 1 2559
1433 2 409 6491
1434 4 235 2378 1610 6114
1435 4 4365 3529 2973 4875
1436 4 746 3536 3704 8519
1437 2 262 6969
1438 3 1015 9118 6721
1439 5 7323 7808 3590 302 1512
1440 1 2598
1441 2 6574 2543
1442 4 2692 6105 2223 6445
1443 4 6645 4378 9150 1803
1444 5 9474 740 4337 1664 2939
1445 5 1272 8186 7360 8683 3430
1446 3 8803 8791 3427
1447 4 7620 8262 8432 1758
1448 5 1365 4168 2089 6345 3808
1449 1 6168
1450 4 1191 4487 9425 8562
1451 3 513 3557 6657
1452 4 8004 34 8372 5153
1453 1 6586
1454 1 7570
1455 2 6068 7254
1456 1 8166
1457 3 9948 1061 4222
1458 4 2408 7796 215 3928
1459 3 1550 8631 8093
1460 1 6014
1461 4 4497 1182 2827 1479
1462 1 8528
1463 5 6154 3537 9702 1952 1862
1464 5 9844 9798 9373 6673 4992
1465 1 9743
1466 1 4772
1467 3 1644 6511 5859
1468 1 8548
1469 4 8079 9165 9681 6510
1470 1 9901
1471 5 3073 5709 2295 4652 2961
1472 3 3064 4099 8395
1473 3 6070 6189 452
1474 3 7971 6466 1696
1475 4 66 2604 4180 2535
1476 5 1861 6701 6828 615 8177
1477 5 3487 2840 4447 2839 6530
1478 3 4780 6964 5408
1479 2 7209 342
1480 3 9829 2447 4660
1481 2 897 7904
1482 2 6129 5035
1483 2 9183 345
1484 2 7810 3506
1485 1 5381
1486 4 2391 868 2755 3733
1487 1 6345
1488 4 6628 9633 7035 5336
1489 3 6319 3390 2987
1490 4 744 9779 2035 3647
1491 2 1363 1701
1492 4 7448 6928 3901 5107
1493 5 2778 6734 3625 8084 9952
1494 3 2112 7708 2008
1495 1 5515
1496 1 9025
1497 3 8030 1808 2294
1498 1 4950
1499 4 278 9458 3833 3744
1500 5 970 1855 6887 3974 822
1501 2 3821 3483
1502 5 3185 9568 8876 8842 7227
1503 5 9112 4358 922 1705 9240
1504 2 861 2352
1505 2 3663 6267
1506 2 3357 6949
1507 1 6552
1508 4 1999 1372 4628 6593
1509 1 2835
1510 4 2339 8483 22 3877
1511 2 5975 5563
1512 4 4753 1739 3720 7060
1513 3 5304 2037 1862
1514 5 4588 6098 6539 3760 4629
1515 1 5297
1516 5 2207 4429 4247 3946 9018
1517 2 8597 5706
1518 4 4993 8330 7332 8612
1519 2 1350 4763
1520 3 13 9594 4620
1521 5 2396 1548 8386 8961 5682
1522 4 1350 5562 2709 1795
1523 3 1104 5592 8536
1524 1 7606
1525 2 57 1448
1526 1 4185
1527 5 4896 6602 5039 1747 942
1528 4 65 8401 6649 6970
1529 4 6521 3558 1045 3188
1530 1 9417
1531 4 6120 5157 285 5386
1532 2 9504 8310
1533 4 2964 712 3396 2178
1534 2 2580 59
1535 1 1874
1536 3 2129 7277 1069
1537 5 1704 1670 2908 6421 5453
1538 3 8175 9107 5295
1539 2 4958 7329
1540 3 1078 4082 2837
1541 5 6217 7047 235 9656 2329
1542 2 2025 2718
1543 3 6092 5237 365
1544 2 7144 8821
1545 4 630 2997 6488 8238
1546 1 9899
1547 4 4209 4275 3694 8622
1548 5 2460 2416 8976 1496 9697
1549 2 9432 4298
1550 3 368 2606 6193
1551 5 2436 8954 9194 9587 2106
1552 5 2634 752 1070 4794 5891
1553 4 80 5880 2039 3353
1554 3 9412 736 7603
1555 5 4810 463 2455 8843 6409
1556 2 3497 7133
1557 4 3388 4935 8962 8763
1558 5 7042 1164 2466 9102 8044
1559 1 5011
1560 2 2082 9063
1561 3 1481 8909 9772
1562 3 2741 68 9285
1563 4 4322 1972 4747 7636
1564 3 1234 5871 2313
1565 5 6688 1503 7058 4791 5422
1566 5 9596 8708 8691 8096 875
1567 3 6988 2423 3580
1568 4 9077 1547 683 31
1569 2 397 8119
1570 1 7599
1571 1 6883
1572 2 2903 1471
1573 3 617 145 1970
1574 4 630 9824 1949 4328
1575 3 3517 9642 7258
1576 4 1158 4361 7244 5424
1577 4 388 1613 3110 162
1578 5 2683 3988 1633 816 1821
1579 3 8575 8516 6452
1580 5 5939 2819 7294 9671 9136
1581 3 3037 2069 3521
1582 3 792 2321 8791
1583 1 3825
1584 1 1586
1585 3 167 6754 8335
1586 1 5580
1587 4 1009 742 9114 778
1588 1 2983
1589 4 4501 413 9819 948
1590 3 3269 5708 1317
1591 3 8807 118 2014
1592 3 6808 8623 737
1593 2 2776 6261
1594 2 1706 9382
1595 3 4244 5772 7304
1596 2 2097 717
1597 4 3310 1695 1983 3480
1598 5 975 2666 3160 3346 8439
1599 2 9657 3209
1600 3 8377 1457 9525
1601 2 6971 7346
1602 3 3271 215 4751
1603 5 8090 8557 3966 6157 1404
1604 4 958 4867 4724 7057
1605 2 9133 9463
1606 4 3536 2263 5659 244
1607 3 9828 7213 2033
1608 4 2763 5767 6475 7705
1609 2 3692 6034
1610 2 3124 214
1611 2 154 5743
1612 2 832 181
1613 5 5562 4002 5295 8471 3028
1614 3 1846 1700 6217
1615 5 7899 1184 8120 9628 8616
1616 5 2027 8128 6436 3684 6251
1617 2 4900 8504
1618 5 6449 8597 3910 1211 4271
1619 2 2245 1960
1620 1 6444
1621 1 2190
1622 1 4865
1623 5 7033 320 4588 7331 6106
1624 4 3207 6844 4908 1120
1625 5 1523 2346 9980 4930 7983
1626 3 8115 7734 1833
1627 2 3725 4365
1628 5 1958 9173 3753 4983 1997
1629 5 7626 3732 1475 7540 2663
1630 1 330
1631 5 286 2759 2369 5924 5320
1632 5 1747 2061 8080 353 4830
1633 1 646
1634 3 6839 434 7247
1635 2 6203 2182
1636 4 6285 8633 6319 6185
1637 1 431
1638 5 1141 339 3858 1086 8452
1639 4 4354 1972 9377 7664
1640 5 1050 5385 9638 9186 3921
1641 5 9907 6809 4374 1748 2412
1642 2 9398 7605
1643 5 2810 7190 2085 225 165
1644 4 9214 32 1513 8692
1645 3 904 4487 2743
1646 5 7262 6015 9916 4435 1255
1647 3 2573 2241 6203
1648 5 9793 7156 2665 399 4095
1649 3 2682 9145 3814
1650 3 4410 7229 8300
1651 3 181 2022 3813
1652 2 7006 1144
1653 1 6281
1654 3 4579 363 6614
1655 5 6749 2343 5820 1775 1326
1656 2 2712 5707
1657 3 5735 6451 9011
1658 1 5878
1659 1 5579
1660 4 8583 4735 3562 8643
1661 2 4228 9870
1662 2 7354 1943
1663 2 7232 63
1664 1 5019
1665 3 9670 4662 6055
1666 1 7434
1667 5 6794 6643 600 9323 2129
1668 1 4575
1669 5 1467 5188 6029 3767 9032
1670 2 4744 3849
1671 5 1470 9289 1667 118 670
1672 5 1642 941 6143 580 583
1673 3 2720 9066 6795
1674 2 3434 2856
1675 4 5934 3298 7066 6989
1676 5 4194 1140 26 1525 6778
1677 1 7381
1678 3 9667 2140 6226
1679 5 1653 2661 4074 5675 6122
1680 2 38 7173
1681 5 3759 7226 289 648 1791
1682 3 2098 5700 2012
1683 2 2361 1219
1684 1 5904
1685 4 2804 4757 1264 2390
1686 1 523
1687 2 3182 7005
1688 4 8804 4813 2842 9448
1689 5 6666 6638 2212 7148 8920
1690 2 9047 4982
1691 3 6444 9584 1451
1692 5 589 9832 3968 3442 8429
1693 2 1267 1371
1694 4 5869 3392 4002 1918
1695 4 6799 2569 5241 5054
1696 3 1252 5998 1088
1697 4 6349 1740 1382 6848
1698 5 1601 5917 5766 1380 314
1699 5 1426 8225 9374 6654 4182
1700 1 5579
1701 4 3517 9488 1648 4723
1702 1 1161
1703 3 611 379 1386
1704 2 4090 3308
1705 4 9123 6214 5787 2386
1706 4 8650 8158 9209 5921
1707 1 7359
1708 4 4189 8827 2288 4033
1709 3 8158 3519 1521
1710 3 4379 2650 4196
1711 3 4973 9012 9140
1712 2 5355 9641
1713 5 1169 7773 1758 7726 1281
1714 2 2157 3037
1715 3 8427 6559 2071
1716 2 8547 1658
1717 1 5362
1718 4 2910 6987 1816 353
1719 1 2211
1720 2 4886 2436
1721 3 3343 3291 8425
1722 3 4368 8180 1058
1723 5 413 1399 2312 1864 8060
1724 1 7385
1725 4 8265 8589 4924 7772
1726 5 542 5841 1624 9693 8507
1727 3 9901 5840 4980
1728 5 837 5803 578 886 7493
1729 2 4674 8463
1730 5 1478 375 4202 1619 7889
1731 5 3910 239 1557 466 4668
1732 5 7913 9515 3873 1712 2804
1733 2 8823 9962
1734 5 9471 4232 1645 1042 3095
1735 5 468 6701 6849 9548 8922
1736 2 7511 2728
1737 5 7424 5007 9310 655 1248
1738 1 37
1739 4 975 8173 437 4073
1740 3 638 68 8179
1741 5 7697 4492 9960 7276 5460
1742 1 5361
1743 4 2183 1137 3808 9775
1744 2 7213 3334
1745 1 9790
1746 5 8520 5587 8829 6733 7027
1747 4 3786 9142 1613 7364
1748 2 3866 1102
1749 1 9648
1750 2 3344 17
1751 3 4527 4707 27
1752 3 855 2548 5343
1753 1 4607
1754 2 9116 2448
1755 2 2513 2885
1756 1 413
1757 2 151 1515
1758 4 2244 4446 4548 6610
1759 3 7064 4902 5711
1760 2 7610 9553
1761 4 5202 834 2315 7574
1762 5 8444 3518 1815 3542 7225
1763 4 6547 4626 4285 899
1764 1 3683
1765 1 1640
1766 2 2724 3560
1767 2 8483 5936
1768 3 5385 4702 4884
1769 3 2498 8200 3239
1770 5 9369 6501 1479 1711 913
1771 1 5317
1772 3 9512 5669 8468
1773 1 4054
1774 3 7789 9566 1256
1775 4 359 988 1470 694
1776 4 6752 3681 9036 6417
1777 4 6026 6209 6600 9655
1778 2 7485 9046
1779 4 6414 5014 2915 9962
1780 5 7897 2654 900 4788 1705
1781 4 1104 885 3143 2996
1782 2 3002 1010
1783 4 7594 4728 7633 2538
1784 3 6736 6207 1072
1785 2 3412 3317
1786 5 5122 7787 8239 3529 3069
1787 1 2552
1788 2 8098 1301
1789 1 7326
1790 1 629
1791 2 4564 5599
1792 5 7152 3187 993 5813 5748
1793 1 1689
1794 3 4839 5524 8990
1795 1 5894
1796 1 4692
1797 1 2972
1798 2 8706 2042
1799 5 2010 599 6065 9108 7108
1800 2 1249 2035
1801 4 7806 3561 8936 8747
1802 3 2111 1581 1729
1803 2 4249 8083
1804 2 5845 2846
1805 2 1529 506
1806 1 4008
1807 3 3618 8542 1765
1808 1 9243
1809 5 2601 67 1967 7553 9547
1810 3 70 6907 8897
1811 1 5370
1812 2 5205 6367
1813 4 3468 1867 4325 4548
1814 1 2514
1815 5 2126 8281 9929 374 4835
1816 2 6467 4024
1817 5 2841 94 4852 785 7773
1818 5 5376 1135 3786 3364 948
1819 4 5581 4100 1498 521
1820 2 4215 4897
1821 4 5960 1853 2056 9174
1822 2 4807 4601
1823 1 3948
1824 4 9108 1408 9013 5434
1825 1 4567
1826 3 8635 4521 9809
1827 2 2456 166
1828 2 5937 5921
1829 2 3849 7159
1830 4 8971 8427 772 9600
1831 2 6876 3219
1832 4 7260 8876 5621 6984
1833 4 3537 7916 4566 2521
1834 1 184
1835 5 1468 2196 3951 4550 5291
1836 5 2338 7429 1731 1621 9230
1837 5 5594 4338 7424 1923 2240
1838 5 8077 2221 9877 8004 3089
1839 3 2188 721 1238
1840 1 9038
1841 1 6135
1842 1 3410
1843 3 2517 6277 6315
1844 5 5562 2792 9362 8804 1436
1845 3 9046 3570 996
1846 3 5202 9295 8064
1847 2 8142 4974
1848 5 2439 488 7961 2170 7116
1849 3 3315 6290 4692
1850 2 2670 5175
1851 1 2927
1852 5 3199 3585 7006 7662 5801
1853 5 2232 7297 2760 5405 7746
1854 3 1908 1449 7438
1855 5 7261 3482 1429 8623 1570
1856 3 5395 6185 1713
1857 5 3587 8196 4175 6889 6206
1858 3 6266 1560 1438
1859 3 5853 4861 519
1860 5 6340 4866 6728 6117 2609
1861 3 2846 8120 7694
1862 3 8442 3373 100
1863 2 3204 8332
1864 5 6633 1072 620 7731 9693
1865 4 8132 2595 4806 9978
1866 1 6623
1867 3 6203 5808 2175
1868 1 5084
1869 5 4670 4075 837 3255 1377
1870 4 2735 8473 9929 18
1871 5 4819 4378 1270 4814 1276
1872 1 2739
1873 3 2384 673 4355
1874 1 7981
1875 4 3386 8509 720 6899
1876 4 6295 464 3029 3033
1877 5 2457 205 1139 1597 5789
1878 2 6291 2729
1879 5 3812 4592 1335 8798 2738
1880 1 1214
1881 2 8574 8646
1882 5 5860 3057 6690 820 6544
1883 1 2918
1884 1 5649
1885 2 2532 6168
1886 1 1196
1887 5 2859 7247 8155 6812 6750
1888 1 130
1889 1 467
1890 5 2604 7587 970 5794 5024
1891 2 3752 733
1892 3 7029 6216 5000
1893 4 637 7760 1840 9116
1894 2 2165 2980
1895 3 5985 7665 377
1896 5 7412 2436 7679 9996 457
1897 1 5268
1898 3 1501 554 8424
1899 2 9040 6022
1900 2 2846 7132
1901 2 1488 4476
1902 3 5997 8051 1469
1903 1 9753
1904 4 1630 9164 4936 2770
1905 4 7716 1875 4966 6889
1906 4 2000 3945 7152 7113
1907 1 7708
1908 3 5223 2072 7304
1909 2 751 5992
1910 1 8734
1911 4 5826 595 8742 2726
1912 4 9366 705 7897 2439
1913 4 6484 5603 6851 5241
1914 5 5269 5090 1711 969 3038
1915 2 2038 9929
1916 5 3558 5387 7350 2661 1173
1917 1 3088
1918 4 1748 1385 7857 2423
1919 3 7578 1207 5121
1920 4 7552 7954 2746 6077
1921 4 5120 5365 8327 2430
1922 1 3381
1923 1 9023
1924 1 3937
1925 1 6000
1926 2 5895 3806
1927 5 9355 3090 1581 699 7236
1928 3 2113 3841 5750
1929 4 6397 4822 2202 6304
1930 5 3267 7321 8147 9798 4494
1931 4 4342 5833 7181 7786
1932 1 4951
1933 1 4313
1934 5 1613 9840 8933 1932 6452
1935 2 6808 642
1936 1 4049
1937 3 5968 1109 9419
1938 5 9998 3997 2779 5510 6084
1939 4 7431 9009 2072 3105
1940 2 3127 7957
1941 2 4276 6489
1942 2 2009 6656
1943 4 4655 2497 8039 5237
1944 5 3507 548 259 9735 5333
1945 2 9836 8572
1946 5 1566 5999 7363 6354 8065
1947 1 6516
1948 1 6556
1949 1 1900
1950 2 6515 7864
1951 4 6570 1904 3064 4531
1952 5 5249 2690 8260 6123 3200
1953 3 585 5094 2579
1954 4 2257 1121 8549 1291
1955 2 5872 1588
1956 2 6945 7651
1957 2 6259 5795
1958 2 436 7869
1959 2 3801 8265
1960 2 1167 6895
1961 4 2537 353 6819 15
1962 1 5726
1963 4 9749 2185 5078 1986
1964 4 5172 341 792 488
1965 4 9816 1357 2019 1938
1966 4 9084 4561 210 9364
1967 3 9329 155 4348
1968 1 6483
1969 3 4092 6273 3752
1970 3 9773 3576 3158
1971 4 4850 4860 9488 4848
1972 5 227 1157 6703 3680 7954
1973 2 9686 9579
1974 2 1937 9021
1975 3 4302 5138 4172
1976 1 2245
1977 1 2544
1978 5 1023 3618 5393 9215 2601
1979 4 130 414 9719 4595
1980 4 2586 3831 1748 1710
1981 2 5210 9043
1982 1 749
1983 5 2284 5479 6758 1989 482
1984 1 3751
1985 4 1130 6961 8873 5604
1986 2 661 715
1987 5 2598 7318 3329 7931 9131
1988 2 2959 4575
1989 5 4450 7110 3358 4556 5184
1990 5 2422 9849 9496 8420 9481
1991 1 9285
1992 4 2405 6149 7819 2813
1993 1 6350
1994 3 42 7205 2660
1995 4 4484 8864 2559 2619
1996 2 1504 7139
1997 4 7827 6790 2251 1782
1998 5 743 1714 4183 1382 9922
1999 2 7214 8725
2000 5 8581 7701 1422 4901 3711
2001 4 5907 4655 7026 3991
2002 4 4975 3558 2279 1703
2003 2 6245 265
2004 1 2360
2005 4 2609 8186 8269 3326
2006 5 1683 8921 68 6990 6380
2007 4 7026 6233 2324 5024
2008 3 8796 1663 9330
2009 5 1012 1881 9488 26 1198
2010 3 8994 6648 7052
2011 3 5550 7115 4891
2012 4 7023 2966 2147 6388
2013 3 8741 5678 4404
2014 4 2916 9005 4168 3027
2015 5 6551 5302 9909 650 9715
2016 5 4249 3538 1769 1537 370
2017 1 6228
2018 3 7071 6556 970
2019 2 645 8976
2020 1 817
2021 1 1470
2022 4 6133 1281 8819 346
2023 3 852 7694 4812
2024 4 3920 2132 4862 5276
2025 5 422 7040 2325 5100 1104
2026 5 7207 9027 2723 2775 2531
2027 4 2533 2650 1313 2349
2028 5 254 6774 4420 9063 8856
2029 1 3533
2030 5 1683 6930 9435 4062 7179
2031 4 7624 3454 6874 2542
2032 1 4886
2033 3 6460 3219 8408
2034 3 3571 398 5949
2035 1 8012
2036 1 5448
2037 2 8944 1325
2038 1 3566
2039 3 6870 5442 1460
2040 1 5071
2041 2 8899 3725
2042 1 9090
2043 3 9891 5009 2189
2044 4 5466 8374 83 715
2045 3 9297 8833 4284
2046 1 1546
2047 2 4765 5434
2048 3 2799 6086 8512
2049 2 2616 6951
2050 2 2756 7007
2051 1 5933
2052 5 5770 827 3948 1962 7724
2053 1 251
2054 3 1741 1841 1998
2055 4 855 7139 7382 1640
2056 5 228 8141 4994 5714 5686
2057 4 5669 6127 2691 2061
2058 1 134
2059 4 5436 1085 3918 3041
2060 2 286 6269
2061 1 7860
2062 1 1052
2063 5 2842 6988 2824 4793 2676
2064 1 8187
2065 1 1905
2066 3 1819 1447 4125
2067 3 2721 4497 2634
2068 3 4540 3836 9571
2069 3 4870 6011 5837
2070 4 967 6198 831 4659
2071 4 3216 8292 116 2845
2072 3 3886 573 4204
2073 3 7901 2529 672
2074 4 3936 3457 1124 1609
2075 5 4914 3897 5744 6698 6561
2076 3 7969 7093 3349
2077 2 3376 8260
2078 1 8333
2079 3 7525 9896 157
2080 4 9035 1171 1998 361
2081 3 9073 1899 1003
2082 3 6510 7586 2851
2083 2 1399 9173
2084 4 6200 7461 1523 3962
2085 1 8055
2086 1 8638
2087 4 559 4959 3253 964
2088 4 8527 8756 1636 9143
2089 2 9887 6015
2090 4 3491 6639 8999 58
2091 5 2167 7652 9877 5240 6695
2092 4 218 5975 2464 6889
2093 5 9292 9720 4154 4894 6550
2094 5 2602 3446 7325 7030 689
2095 5 4096 4405 292 4509 3503
2096 3 3770 8398 8699
2097 2 8348 6611
2098 4 7610 6683 8729 1808
2099 3 4998 1972 8378
2100 1 396
2101 3 8556 7346 2142
2102 3 7054 878 57
2103 4 338 7299 9427 1625
2104 3 5904 7731 1680
2105 2 235 6886
2106 4 2948 2425 8784 2121
2107 2 2638 2128
2108 4 9049 9957 3879 3526
2109 2 2961 1161
2110 5 9978 5093 3556 5634 1155
2111 1 6098
2112 3 9640 6558 1818
2113 1 2860
2114 5 3548 8160 2956 3066 8268
2115 1 6493
2116 2 1582 4586
2117 1 2102
2118 5 1359 1058 1734 3107 6558
2119 3 5971 6028 1611
2120 4 9047 3161 8979 1572
2121 5 7990 916 8116 6999 6019
2122 5 2188 198 4104 5949 5057
2123 4 232 240 9595 1588
2124 5 2315 1298 4265 4371 9477
2125 3 3007 1638 8857
2126 1 4732
2127 5 1777 773 9372 2000 2885
2128 3 1652 1094 6415
2129 5 4917 4588 977 7194 6340
2130 4 2889 3774 903 1217
2131 5 2512 6274 3217 3295 3312
2132 1 4509
2133 5 6776 2458 9698 1782 6691
2134 4 2320 8437 9034 5563
2135 1 6182
2136 3 895 735 4534
2137 1 408
2138 2 6284 913
2139 2 6690 6878
2140 3 1368 5319 6422
2141 4 9365 855 8214 9386
2142 3 8083 8553 9910
2143 3 9517 7901 520
2144 1 5402
2145 5 8628 9468 2889 2085 1912
2146 3 6388 257 2478
2147 2 4117 2212
2148 1 9972
2149 3 8881 9571 2430
2150 5 9556 7476 2316 1292 3891
2151 5 2744 4111 6835 8600 2645
2152 3 8927 9552 1779
2153 2 1557 5164
2154 1 8977
2155 4 1068 3741 5601 3053
2156 4 8702 7941 168 6649
2157 1 741
2158 2 1982 3937
2159 2 3979 7515
2160 5 5951 9426 2307 5209 1737
2161 3 7643 4942 6805
2162 2 5029 3979
2163 4 914 6578 7507 3199
2164 3 8852 5454 1310
2165 5 194 9284 762 8376 4752
2166 4 4889 7241 4462 886
2167 4 2319 5423 8583 8664
2168 2 6093 2035
2169 4 7080 7114 5887 2545
2170 5 4506 2886 8295 4762 1728
2171 5 5325 9756 6199 4770 1682
2172 5 2386 8441 685 3717 9365
2173 1 3736
2174 3 949 7494 4514
2175 4 3693 410 816 3628
2176 3 4982 8035 1005
2177 1 7550
2178 1 7245
2179 4 1727 7163 9145 6254
2180 2 2069 6258
2181 3 1534 3817 5688
2182 4 728 1729 7480 30
2183 4 9630 7699 2069 6157
2184 2 7553 9225
2185 2 6530 5462
2186 3 3442 2258 9540
2187 1 945
2188 1 7841
2189 5 2921 5981 4907 886 9394
2190 1 4281
2191 1 5574
2192 3 4915 9632 3051
2193 4 2821 140 4099 8552
2194 3 8242 1824 8806
2195 2 7912 1244
2196 1 7542
2197 3 8648 6211 1902
2198 4 5235 1263 2785 2728
2199 4 6714 3936 2794 5677
2200 2 5758 6564
2201 3 1615 9999 730
2202 1 7240
2203 2 8535 8147
2204 2 9127 2020
2205 2 8596 1307
2206 3 1101 973 3464
2207 2 7724 6790
2208 4 1387 5081 80 4102
2209 2 8437 1613
2210 2 691 7639
2211 4 5257 3960 2310 31
2212 5 720 6041 2699 8302 9577
2213 1 4115
2214 2 1905 2455
2215 5 2437 2586 9819 2456 6693
2216 3 6845 9678 306
2217 2 2757 5212
2218 1 20
2219 4 7225 2396 12 4212
2220 3 1683 8470 7596
2221 3 849 8608 6261
2222 4 368 585 1984 6260
2223 1 5449
2224 3 3645 2195 8640
2225 5 2525 6924 1580 3510 8489
2226 1 7310
2227 1 4810
2228 4 2975 6037 3348 3414
2229 2 7250 9795
2230 3 9967 2146 887
2231 5 7008 8542 481 1597 5851
2232 5 5070 334 9170 379 1348
2233 5 5574 5376 7739 2882 4539
2234 1 2686
2235 2 1465 1824
2236 3 4619 1605 4564
2237 4 3044 4575 7147 9195
2238 1 525
2239 4 4821 5400 7976 4643
2240 2 399 2085
2241 1 2444
2242 4 2454 7931 7515 1409
2243 5 7172 284 1526 6931 4351
2244 3 2202 1038 4218
2245 3 853 1721 7130
2246 3 7440 5864 3149
2247 1 3847
2248 1 813
2249 5 6909 8623 88 5053 9217
2250 3 3327 8928 4991
2251 4 540 605 8106 1955
2252 2 2044 9993
2253 5 6011 1072 7280 7987 2229
2254 3 7969 808 44
2255 2 3410 2755
2256 4 8951 240 6474 1963
2257 2 2308 9445
2258 2 5811 4789
2259 2 5558 5129
2260 4 6419 2708 1944 5986
2261 5 2097 3065 7454 1095 3013
2262 1 3549
2263 5 1666 2217 2801 705 2711
2264 1 8769
2265 2 8837 2199
2266 1 9460
2267 1 8555
2268 1 1427
2269 4 7207 7691 3033 3307
2270 5 7869 7555 9746 6142 8742
2271 3 2625 4458 5197
2272 2 2469 2199
2273 3 2666 1943 89
2274 4 5711 3311 3953 9814
2275 5 9295 5809 791 274 7087
2276 1 5816
2277 3 180 2568 256
2278 2 4119 8551
2279 5 9033 1875 2438 3624 8640
2280 5 2772 5693 5286 9485 647
2281 1 5786
2282 1 8884
2283 2 5226 774
2284 4 2883 5699 2750 2330
2285 5 2636 8089 9467 4693 6371
2286 4 3181 3461 5160 1377
2287 1 935
2288 4 3350 5271 5946 6973
2289 4 2649 2322 7317 5523
2290 2 4673 3408
2291 2 9094 7430
2292 3 6671 816 2531
2293 1 4992
2294 4 2419 9693 8204 327
2295 3 6255 9413 2866
2296 5 6272 707 8441 602 4503
2297 2 3463 1368
2298 5 5757 979 1876 8339 703
2299 2 1928 4843
2300 5 2200 7809 4010 5890 7104
2301 5 4851 5533 7695 9389 1432
2302 5 1523 3566 6973 6269 2897
2303 5 3021 8808 7016 9267 7963
2304 4 6319 2550 1083 7024
2305 1 9106
2306 4 2838 8571 7679 380
2307 4 7394 2427 3053 353
2308 4 2688 8170 2169 5909
2309 4 5081 2862 2201 297
2310 3 2249 9957 428
2311 4 3271 7348 3661 2769
2312 3 67 7547 1084
2313 3 9424 1846 5093
2314 1 6740
2315 4 1955 5121 1570 2558
2316 1 6507
2317 4 8930 2730 5660 1782
2318 5 2841 8697 2725 8954 5169
2319 1 3370
2320 1 7355
2321 3 2706 1067 4783
2322 2 8896 1629
2323 4 4841 9709 457 2894
2324 5 4991 9550 3801 8610 1709
2325 1 2345
2326 5 1714 89 3055 960 2321
2327 1 6693
2328 1 3864
2329 1 1635
2330 2 1831 411
2331 2 2455 2994
2332 2 1900 8758
2333 5 8654 1956 9301 8617 3689
2334 2 4277 4756
2335 2 4495 6802
2336 3 2711 9313 1654
2337 2 4693 72
2338 3 2950 2554 767
2339 5 7050 7714 9748 5419 671
2340 1 4170
2341 2 3750 1996
2342 4 4760 4422 9381 5788
2343 1 9564
2344 3 4498 1098 2726
2345 5 5381 5522 1899 1987 1603
2346 2 6622 6603
2347 4 891 6226 344 8886
2348 2 9983 7283
2349 5 4737 1845 4683 3812 5032
2350 2 8813 5667
2351 4 8974 3314 4124 9663
2352 5 3192 6165 5421 2697 7878
2353 3 5770 1045 6858
2354 3 1961 8247 9830
2355 3 5272 1929 5931
2356 2 5903 381
2357 4 6559 939 3232 4710
2358 2 3403 5154
2359 2 1588 3275
2360 3 8044 3864 9104
2361 1 8342
2362 3 3410 9798 3552
2363 5 961 3027 9091 6815 5409
2364 1 2187
2365 1 8328
2366 5 7214 7333 2890 620 3114
2367 1 3282
2368 3 2094 7090 2292
2369 4 7995 9046 1360 9649
2370 3 502 1082 2791
2371 5 1269 3848 1499 6279 3239
2372 1 2621
2373 5 4521 8403 2386 1169 2768
2374 3 652 3376 1311
2375 4 541 7136 7277 4963
2376 4 4287 2343 8488 7226
2377 1 4417
2378 4 8416 3118 8594 6393
2379 4 3707 5649 8161 3799
2380 4 9195 4025 5536 5462
2381 4 9835 1272 5392 5083
2382 2 901 6519
2383 3 9120 8847 9775
2384 5 2751 551 2375 7453 8905
2385 3 1319 7365 331
2386 5 613 7285 1976 8011 4990
2387 2 4594 5093
2388 4 1921 4014 6762 2371
2389 1 6594
2390 2 5176 8847
2391 4 2416 2324 2738 2380
2392 5 973 2897 593 2189 8309
2393 5 6133 5495 400 2299 9160
2394 4 1088 2275 8246 9306
2395 2 2216 3676
2396 4 832 3157 1116 7202
2397 5 6837 963 519 341 8028
2398 4 4091 2856 7717 1992
2399 2 883 7547
2400 4 5814 8929 9595 9499
2401 2 4674 4473
2402 4 8519 8764 2019 4830
2403 2 7839 3092
2404 1 3207
2405 3 9961 2681 6237
2406 1 3353
2407 4 6691 8336 6400 6135
2408 5 1910 189 4436 4331 8994
2409 3 7895 6200 4124
2410 4 1022 8563 213 4042
2411 3 2169 1001 3379
2412 4 4917 7137 948 2253
2413 4 5115 3505 4333 7038
2414 5 1580 5014 616 2040 3972
2415 1 3661
2416 4 3353 6069 4166 1127
2417 2 98 9063
2418 3 4677 9549 1756
2419 1 3916
2420 5 5461 2335 3436 3111 4964
2421 2 4412 7206
2422 3 9816 640 4668
2423 1 6928
2424 3 247 9140 5697
2425 4 1932 248 682 8072
2426 1 5130
2427 5 9532 731 8109 1083 198
2428 3 7919 7553 5818
2429 2 102 371
2430 2 9165 2542
2431 2 180 1794
2432 4 9382 722 2501 7130
2433 1 3664
2434 5 147 8333 7067 3939 8437
2435 4 663 4172 7185 4243
2436 5 7781 1930 2063 166 8012
2437 1 8217
2438 3 6396 8276 1382
2439 1 2673
2440 2 1683 7576
2441 3 7780 334 9290
2442 2 4210 2937
2443 3 9376 1680 9450
2444 3 1481 2354 7110
2445 4 6228 8158 4831 3305
2446 3 2268 1532 833
2447 2 141 1833
2448 1 1471
2449 1 4958
2450 4 3364 2269 4756 943
2451 2 5723 9428
2452 3 8831 3042 9346
2453 3 6618 1624 5547
2454 2 1063 8293
2455 3 2969 5544 4802
2456 2 1928 2765
2457 3 5385 8865 7476
2458 5 879 2732 565 2795 1880
2459 2 4718 4310
2460 5 4638 8634 7267 1708 512
2461 2 3179 7035
2462 3 7239 2276 123
2463 4 6279 5805 4870 4827
2464 5 2986 846 3589 5098 4397
2465 2 7450 6823
2466 5 8532 7526 3422 5308 1165
2467 1 1079
2468 2 191 1628
2469 3 7073 1293 8655
2470 1 1078
2471 2 2740 9180
2472 3 6942 6912 1401
2473 5 5025 7889 1096 2381 8373
2474 4 1041 4807 7391 7560
2475 2 3157 1770
2476 3 5503 101 916
2477 2 308 8005
2478 5 3239 9422 2224 963 7167
2479 1 184
2480 4 9473 6993 614 585
2481 1 117
2482 5 4313 3668 861 5814 9138
2483 1 5926
2484 3 9447 6408 4441
2485 2 6929 1759
2486 5 845 5703 3480 7941 8733
2487 4 9528 1543 4488 3546
2488 4 5472 6873 5422 3266
2489 5 2007 8868 4113 2657 3594
2490 5 9380 5740 6974 4620 2244
2491 3 9237 2672 6390
2492 5 2338 7392 299 8361 4643
2493 3 3639 2141 190
2494 3 3188 782 8944
2495 1 1943
2496 3 9905 7501 4387
2497 3 8236 3741 6029
2498 2 6094 1026
2499 4 2455 8797 5049 1682
2500 2 6635 2155
2501 3 6545 7786 7681
2502 4 1641 7122 7879 2774
2503 2 8050 9777
2504 2 4315 6019
2505 5 194 2435 2547 4294 6952
2506 3 8369 5712 3906
2507 1 7348
2508 1 4329
2509 4 8064 1808 8115 7094
2510 2 7964 7382
2511 5 5293 1341 9699 903 1975
2512 4 9168 5560 6998 505
2513 3 2386 5896 7590
2514 5 8137 6974 9038 3892 6113
2515 5 1957 3013 7627 59 408
2516 2 8880 3918
2517 3 7959 2098 6583
2518 2 6643 1745
2519 1 441
2520 3 492 1362 4061
2521 2 3785 8675
2522 5 1652 3223 798 9141 6700
2523 2 6256 9401
2524 2 2198 3458
2525 4 3903 6743 2154 2813
2526 4 9616 3047 7628 1886
2527 5 2862 5529 8170 1712 2270
2528 5 8189 2225 6763 5083 1253
2529 2 2296 236
2530 2 1717 742
2531 3 3753 5797 2045
2532 1 190
2533 2 3656 3570
2534 3 6387 1382 3350
2535 1 9434
2536 3 6150 6551 1404
2537 3 88 3200 9266
2538 1 2401
2539 4 2543 6870 7083 8563
2540 2 1403 886
2541 3 5936 5941 7805
2542 1 4811
2543 3 4426 6031 2644
2544 2 4908 1781
2545 5 6674 8696 9235 2408 4472
2546 5 4744 3508 9651 4238 8101
2547 4 4557 7755 2736 261
2548 5 2174 5516 5246 8209 1134
2549 5 6680 5448 1646 344 2667
2550 3 9799 4385 7999
2551 3 3720 9992 9916
2552 4 699 2750 9519 9636
2553 5 8164 927 2807 867 5509
2554 2 4612 9640
2555 2 8713 1019
2556 5 3572 5186 1947 6725 8263
2557 1 9706
2558 2 6729 307
2559 5 4237 6269 8703 5972 1447
2560 5 3370 2530 9454 813 2390
2561 4 1115 985 8048 1176
2562 4 6305 1975 2248 1206
2563 5 7153 8591 2551 5476 4410
2564 2 2906 1251
2565 5 7027 1888 4731 9738 747
2566 5 1391 7102 4870 4145 9113
2567 4 1219 8203 2708 6825
2568 4 4878 1385 4721 3346
2569 3 5501 2604 9661
2570 1 5192
2571 3 2867 1601 5993
2572 1 998
2573 3 4024 5269 9987
2574 2 2652 4259
2575 3 5980 5342 3784
2576 4 684 3214 534 5783
2577 1 501
2578 5 4241 1048 4107 1373 3228
2579 4 1529 7009 5473 6285
2580 1 650
2581 1 3005
2582 1 3736
2583 2 9183 549
2584 3 846 5701 998
2585 1 1098
2586 1 8943
2587 4 9521 6667 6973 7305
2588 3 6397 8730 3722
2589 3 5442 5057 9533
2590 4 9941 5221 1977 1429
2591 4 9170 395 1651 2499
2592 2 544 7139
2593 5 4023 1650 5657 3215 3631
2594 1 851
2595 3 569 7654 652
2596 4 8178 4188 1423 8754
2597 1 3934
2598 2 1634 9947
2599 2 2194 3039
2600 2 8389 4189
2601 5 1424 3207 957 8119 1579
2602 5 9514 1393 9382 9276 5717
2603 5 8578 7888 6457 7845 1323
2604 1 1779
2605 1 2482
2606 1 451
2607 2 8141 4405
2608 3 3084 1997 8751
2609 1 9288
2610 1 7440
2611 2 6942 41
2612 3 903 7379 5597
2613 3 2782 8527 3662
2614 1 4330
2615 5 8173 5759 6088 1891 828
2616 5 155 8104 4770 6113 6430
2617 5 8530 9329 745 3751 7134
2618 1 2210
2619 1 2232
2620 4 5461 3517 42 4342
2621 1 8227
2622 1 7046
2623 4 5878 497 5151 4775
2624 4 7403 1190 9130 3730
2625 5 4604 4814 9718 872 8627
2626 3 8085 6273 3779
2627 4 1027 5730 5596 7935
2628 1 3318
2629 5 3287 1072 5011 2979 1738
2630 2 6733 933
2631 3 6306 3321 5951
2632 1 4624
2633 4 6174 5689 7347 1110
2634 2 7863 1913
2635 3 5917 5229 3985
2636 5 8410 8778 8971 6090 7116
2637 2 4511 988
2638 3 1448 9296 9850
2639 1 2098
2640 2 7213 2694
2641 4 874 2963 319 7688
2642 3 8851 4694 4307
2643 3 3718 313 2171
2644 5 4276 9579 4785 2926 156
2645 3 8767 2919 9001
2646 1 7420
2647 3 5649 2638 3933
2648 3 8623 7139 1950
2649 2 7956 806
2650 4 7173 9081 8536 2488
2651 2 9160 5741
2652 4 3466 9484 8230 8458
2653 3 9078 1245 9238
2654 1 7793
2655 1 4108
2656 2 1065 2273
2657 3 9340 4615 2893
2658 2 1443 7008
2659 4 9168 4745 7071 5241
2660 3 2444 5791 8643
2661 4 9253 8014 6914 5869
2662 5 318 2541 3701 6786 8094
2663 2 3376 8749
2664 2 186 9321
2665 3 3165 5917 8207
2666 2 2079 2329
2667 4 2556 9005 8914 7946
2668 1 2563
2669 5 4822 8640 5218 2232 1571
2670 2 8638 3993
2671 1 1174
2672 3 1956 7265 1105
2673 2 6143 2218
2674 2 4233 1755
2675 4 8094 6265 7349 1558
2676 2 3051 7707
2677 2 181 189
2678 1 7066
2679 1 2896
2680 5 1988 2415 7165 2711 4489
2681 1 9444
2682 4 9686 4039 8726 2042
2683 5 1325 4228 2143 1723 9789
2684 1 3912
2685 2 3080 9361
2686 2 2879 4887
2687 1 1287
2688 4 180 4833 3522 2647
2689 5 6323 1776 5550 2530 9725
2690 3 1961 6247 1553
2691 4 6375 8313 1540 97
2692 5 5401 3615 7769 5243 6594
2693 2 379 9991
2694 2 2686 2399
2695 3 2557 8491 6597
2696 2 3257 7672
2697 1 5611
2698 3 5514 5458 47
2699 2 1782 4748
2700 5 272 8242 4824 3776 7130
2701 5 5105 1747 1946 9477 4468
2702 1 2334
2703 4 209 1336 677 3319
2704 2 3221 4878
2705 1 9091
2706 2 883 851
2707 5 82 7510 6108 1173 9275
2708 5 8391 2350 809 487 8321
2709 4 9758 2390 8595 5164
2710 5 8483 980 7411 242 7508
2711 1 2386
2712 2 5396 9663
2713 3 699 2229 3457
2714 5 74 517 8523 6770 6515
2715 5 2489 3817 6496 7064 2746
2716 2 2661 7041
2717 1 1755
2718 1 8862
2719 1 2669
2720 5 9107 358 155 7822 290
2721 3 9584 1423 6297
2722 3 1387 2670 4543
2723 5 957 4789 1370 3026 3794
2724 5 693 495 8371 1023 240
2725 1 3115
2726 5 1224 846 617 4559 2297
2727 4 2870 6182 5585 2882
2728 1 7002
2729 3 1271 1829 7927
2730 1 1589
2731 3 7832 7711 3400
2732 3 5626 4054 8950
2733 5 277 8797 990 1539 2044
2734 2 7099 158
2735 3 2526 5405 5323
2736 4 7847 9578 6058 1461
2737 1 5232
2738 1 8845
2739 2 9919 4744
2740 3 3143 4533 4397
2741 4 372 6633 7657 5807
2742 3 8412 8906 1567
2743 3 2749 1699 8835
2744 2 7148 5729
2745 3 6958 689 4766
2746 4 8172 5038 9190 1991
2747 1 4466
2748 2 2755 4042
2749 2 5919 8830
2750 5 4895 8258 2324 9566 7427
2751 3 3242 8203 7836
2752 1 3337
2753 1 8141
2754 5 2077 6110 4831 6622 2073
2755 1 1719
2756 2 9645 1340
2757 2 886 1691
2758 3 1152 2208 1318
2759 5 5152 1130 28 1731 57
2760 5 3366 3054 9695 560 5501
2761 4 9576 6723 911 9038
2762 3 1632 5858 2008
2763 4 742 3193 6785 5332
2764 2 7813 8546
2765 5 5126 9085 4520 1652 3417
2766 5 8085 2008 4734 3946 6807
2767 1 9608
2768 1 8316
2769 2 3807 7796
2770 3 8513 1309 395
2771 2 1455 5355
2772 1 2320
2773 3 9655 1672 6776
2774 3 1657 9370 71
2775 2 3767 456
2776 3 3734 3541 6095
2777 1 2150
2778 1 1677
2779 1 9707
2780 1 1443
2781 3 4981 4205 9292
2782 4 9884 8869 4381 306
2783 3 7867 8684 9720
2784 5 3907 1286 6075 3909 2331
2785 3 1169 4909 1955
2786 4 1612 4345 2002 9914
2787 2 5796 1412
2788 3 911 9407 6536
2789 3 4086 8710 8554
2790 5 2574 1874 2172 1451 2860
2791 1 6330
2792 5 1786 626 2462 242 6042
2793 3 5345 9355 168
2794 2 7796 7028
2795 1 7111
2796 1 8770
2797 5 4569 4326 5700 6302 7812
2798 2 2019 876
2799 5 8914 4666 9675 5047 8504
2800 1 847
2801 4 1784 2101 322 995
2802 1 9730
2803 3 2743 8591 5459
2804 1 2621
2805 2 5841 953
2806 2 6798 1083
2807 5 5214 9432 6141 901 8343
2808 1 8516
2809 5 8324 5123 2720 4671 9725
2810 1 8923
2811 2 3026 909
2812 1 955
2813 4 2986 5904 6727 508
2814 2 923 5106
2815 4 7449 3178 9657 3692
2816 1 8955
2817 4 3106 7067 1439 1371
2818 5 8772 9190 2452 2827 481
2819 1 5128
2820 3 1115 9545 7795
2821 2 5551 83
2822 4 5405 5253 4231 4244
2823 1 5744
2824 3 1900 5238 5797
2825 2 2485 1375
2826 3 1203 2316 1185
2827 4 5042 4997 7189 8783
2828 5 6455 64 1288 1625 6808
2829 2 2356 3507
2830 5 6696 2837 5086 294 1590
2831 2 1742 2905
2832 3 2925 6118 284
2833 1 6104
2834 3 2457 8464 3719
2835 4 8122 5249 2436 4130
2836 2 1951 9629
2837 4 4964 1582 2675 7177
2838 3 4678 3008 215
2839 5 2979 3404 2579 7463 7742
2840 5 9794 3358 9036 6398 9769
2841 4 5670 249 6095 956
2842 2 8280 1958
2843 2 4750 1154
2844 4 4238 2172 2818 8653
2845 3 1629 7116 3755
2846 1 3823
2847 4 5024 6223 460 3961
2848 1 6722
2849 5 7256 8154 8660 4153 8737
2850 1 8706
2851 4 6355 1830 1957 9093
2852 1 286
2853 2 1880 602
2854 1 4864
2855 1 6098
2856 3 6735 5026 3428
2857 4 7832 9766 6445 2064
2858 4 1309 1711 2549 674
2859 5 1831 8966 1588 7881 6509
2860 5 3481 6525 6028 6352 6141
2861 5 4274 9308 8011 410 4314
2862 3 8274 324 4088
2863 4 2330 8197 2644 6130
2864 5 8887 7067 305 9324 5818
2865 5 875 8667 6689 1790 9752
2866 2 5036 544
2867 4 9282 9974 9124 3192
2868 2 4576 5707
2869 4 9438 1821 3079 7333
2870 4 4735 5496 9633 5629
2871 5 1060 2567 7672 6088 8028
2872 2 9550 485
2873 5 3083 9154 7371 3348 5239
2874 3 8873 9174 4290
2875 3 687 2111 2500
2876 5 8918 9321 8352 5866 3118
2877 2 8292 2714
2878 3 1234 430 2945
2879 5 2028 3282 1621 4236 1907
2880 2 6630 2723
2881 4 2268 2222 3449 4417
2882 4 9992 4337 7708 9589
2883 3 2149 3237 251
2884 3 7992 5106 8003
2885 1 8332
2886 3 2623 2060 2117
2887 1 2291
2888 1 2974
2889 5 1819 4864 6730 1404 2480
2890 1 4654
2891 3 8798 2304 333
2892 1 2256
2893 5 6579 3989 6509 2319 5991
2894 3 6536 9868 6011
2895 2 7826 1635
2896 3 4700 8066 4800
2897 5 6260 1416 1991 4250 3248
2898 3 5364 1808 3506
2899 5 1751 4395 3284 8190 8864
2900 3 6703 1631 3096
2901 4 9467 9064 9184 1130
2902 2 8510 6909
2903 3 9453 4232 7237
2904 4 1246 7512 4771 9354
2905 5 9596 7873 7063 2087 4416
2906 5 9763 7231 6950 5758 6669
2907 1 8377
2908 4 5664 9266 942 9399
2909 1 1801
2910 4 1123 7375 2403 4589
2911 4 7270 784 9765 5196
2912 5 6287 6130 644 5403 2566
2913 2 404 589
2914 5 5505 4627 4921 4356 530
2915 2 1147 6388
2916 4 9800 1868 9207 5795
2917 3 6793 4392 2040
2918 2 2740 7376
2919 3 6651 1913 9258
2920 2 469 7412
2921 3 6344 8874 1313
2922 2 8231 537
2923 4 4302 1202 6153 138
2924 4 7974 7451 351 441
2925 3 3520 6193 4146
2926 1 1611
2927 3 5031 8176 2216
2928 3 2349 3945 1916
2929 4 5853 49 3007 8983
2930 5 4143 1864 1317 6228 7923
2931 1 7044
2932 2 9801 7193
2933 3 6969 4734 4519
2934 1 9978
2935 2 1872 2161
2936 3 8767 1897 9161
2937 5 1002 8402 629 1590 6167
2938 1 8167
2939 1 9665
2940 4 4582 7244 5850 3662
2941 3 5057 480 5481
2942 5 8989 7442 7322 1227 2552
2943 3 554 1297 2170
2944 4 5400 5377 9834 6354
2945 4 9933 2311 2803 5766
2946 3 583 3095 7437
2947 3 3199 98 4983
2948 5 4899 6868 6547 3037 2670
2949 2 1504 1662
2950 4 775 2080 219 3349
2951 2 3820 7769
2952 1 3644
2953 1 8027
2954 2 9084 1849
2955 1 6645
2956 5 9460 2741 1445 2337 4345
2957 2 8840 2157
2958 1 1332
2959 1 4110
2960 5 6142 6629 4395 8650 9448
2961 2 2481 718
2962 4 2455 6686 4873 5189
2963 1 2395
2964 3 420 3196 9433
2965 2 5283 5301
2966 1 1852
2967 5 1257 2482 3894 4284 1046
2968 1 4630
2969 3 596 1493 3009
2970 3 2296 4831 1044
2971 3 473 5632 9320
2972 1 481
2973 5 3172 6284 7974 3206 6260
2974 5 2361 1525 72 3208 3342
2975 3 9664 8653 2830
2976 4 8438 985 9001 8526
2977 3 2124 6944 4679
2978 3 1329 3075 6347
2979 4 5393 9222 8601 205
2980 1 3833
2981 5 8684 6804 6183 4171 4038
2982 5 2479 7682 4419 4031 5986
2983 5 586 8803 876 3822 8163
2984 1 9159
2985 1 9650
2986 1 9132
2987 3 4481 387 4283
2988 1 8125
2989 1 5981
2990 3 8516 3191 1832
2991 3 4637 4114 99
2992 5 3417 2842 8667 1610 3592
2993 5 3141 1420 1007 5933 2836
2994 3 5241 7770 5406
2995 3 2939 50 106
2996 4 5148 3554 4748 1084
2997 5 3345 340 3333 7989 9854
2998 3 1589 2457 342
2999 4 1033 4138 7147 9532
3000 1 2967
3001 5 8913 6455 5493 8875 9311
3002 3 2099 8821 4329
3003 5 1955 659 2813 2899 9366
3004 4 2547 8921 4375 669
3005 2 6001 651
3006 2 8892 7417
3007 5 423 4440 3509 3347 25
3008 4 1422 2766 1651 5080
3009 4 8578 3974 561 6969
3010 2 3590 3511
3011 4 7919 6459 6957 6269
3012 3 4825 6504 5241
3013 2 5970 1955
3014 5 4744 298 1842 3743 9228
3015 4 8454 2953 1885 3660
3016 2 5595 5071
3017 1 2218
3018 2 9062 5234
3019 4 1969 2793 5018 9113
3020 3 7542 872 764
3021 2 9207 8769
3022 4 4863 2804 4267 9138
3023 3 1001 8242 7471
3024 2 9065 604
3025 3 6065 7586 2207
3026 3 2298 9827 3233
3027 2 4424 8267
3028 5 528 8419 5060 9972 4075
3029 4 1584 3442 4377 7076
3030 5 4578 7776 5590 9602 227
3031 4 4393 2986 2941 3138
3032 2 2675 1223
3033 4 387 230 1674 3440
3034 3 4702 9686 6986
3035 2 1547 6340
3036 4 4335 1612 4939 7206
3037 5 4702 2695 9860 9092 2047
3038 4 1701 2590 3720 7574
3039 5 8648 7435 2332 4666 5041
3040 2 6629 7842
3041 4 232 8386 7471 1608
3042 4 2335 8814 8489 9426
3043 1 6145
3044 3 875 994 2613
3045 4 361 6118 418 3927
3046 5 622 6978 5208 5041 1430
3047 2 9373 4324
3048 3 677 4251 1843
3049 5 5239 209 6341 7839 5441
3050 2 8474 8538
3051 3 5469 6405 9371
3052 3 5995 951 6648
3053 3 6491 2702 1887
3054 1 7825
3055 3 1085 1515 5823
3056 3 1537 466 2012
3057 2 1153 2281
3058 2 3576 875
3059 4 8245 2749 238 1997
3060 1 625
3061 5 3553 4660 2466 805 4713
3062 5 4036 1456 3794 7242 6985
3063 4 1489 7854 4895 8643
3064 5 2680 7354 339 2094 2507
3065 1 4219
3066 5 9797 6786 1356 7806 3605
3067 4 4343 6252 7836 4096
3068 4 8978 8935 8360 4793
3069 1 3308
3070 3 1587 8799 7186
3071 2 9334 5050
3072 1 710
3073 5 1374 940 7313 9863 6785
3074 5 1201 2075 3052 2059 5876
3075 5 1413 8907 6651 7169 1467
3076 3 5921 2114 1873
3077 2 8633 3425
3078 1 6565
3079 3 4691 2485 2703
3080 5 3891 3857 4627 1544 3479
3081 2 6468 7155
3082 4 4559 563 5754 1276
3083 3 5896 5947 4191
3084 3 1265 6664 83
3085 3 2889 4831 573
3086 5 9756 7038 546 1081 874
3087 3 1442 2015 4347
3088 2 5491 2017
3089 5 9118 1852 2351 5093 1396
3090 1 7856
3091 2 1110 1705
3092 1 1143
3093 1 116
3094 1 373
3095 5 1453 400 1554 77 6412
3096 3 7888 2411 8048
3097 5 202 9314 3 8035 1333
3098 2 1598 3491
3099 2 6777 2985
3100 3 9534 7350 3349
3101 4 8441 7196 1774 6374
3102 1 1693
3103 1 5762
3104 2 5130 6551
3105 1 6985
3106 3 149 5083 7785
3107 4 336 9489 3988 8917
3108 1 1013
3109 1 1105
3110 3 3698 6502 7651
3111 2 785 8414
3112 3 9367 9661 2589
3113 2 1021 645
3114 5 7103 6141 641 7116 9078
3115 5 1385 6479 896 9024 6962
3116 4 3952 685 6683 1747
3117 3 7598 8423 30
3118 3 1144 1291 4575
3119 1 3656
3120 2 4666 4837
3121 1 5872
3122 2 3363 5109
3123 1 1873
3124 1 9685
3125 4 6692 2526 7820 3392
3126 4 9397 7706 6542 5803
3127 2 478 6139
3128 5 6160 8733 9685 1460 8856
3129 2 9561 5912
3130 5 9826 9932 3087 2671 9830
3131 3 3953 9426 5855
3132 1 7090
3133 4 2157 2369 2350 748
3134 1 9829
3135 4 1006 699 7620 9512
3136 1 2262
3137 1 4628
3138 3 6979 7823 1599
3139 4 2179 5585 6704 714
3140 3 2066 1764 7136
3141 2 7780 127
3142 3 4985 7070 4127
3143 1 9064
3144 4 2071 6228 8463 3227
3145 2 8447 7834
3146 1 663
3147 2 845 9413
3148 3 2119 3642 7095
3149 4 5644 4280 6139 2817
3150 2 9840 7005
3151 1 4910
3152 1 3023
3153 5 7570 6376 9475 6156 7589
3154 3 1208 3725 7585
3155 1 1514
3156 5 2075 1070 5187 2101 704
3157 4 1926 2483 7006 72
3158 2 2033 5462
3159 3 5554 3527 1216
3160 2 1947 1352
3161 3 4458 9065 138
3162 3 2425 2163 677
3163 5 6627 2766 5561 6417 4496
3164 4 7269 422 7399 7350
3165 3 6807 978 4930
3166 3 717 4030 7289
3167 5 236 1911 4076 4560 4177
3168 2 1316 3050
3169 5 9567 9044 7563 9522 5144
3170 2 2711 2276
3171 3 1078 349 1987
3172 3 1070 45 8447
3173 3 8321 3369 493
3174 5 3114 5949 6042 5044 8600
3175 3 1452 5568 7452
3176 1 5371
3177 4 8226 2825 8592 7992
3178 4 2073 3037 5011 8507
3179 1 2190
3180 4 7831 3346 7790 3956
3181 5 9600 7085 8169 7135 5488
3182 5 8149 1528 9052 3945 6996
3183 1 8158
3184 2 1813 134
3185 3 1636 9899 133
3186 1 4547
3187 5 4744 4136 1135 6481 2809
3188 4 4861 284 2011 1146
3189 1 6652
3190 4 2834 3400 1170 3988
3191 2 2033 5994
3192 1 5234
3193 3 7621 1384 7127
3194 4 8425 7925 4200 6815
3195 4 709 3386 9471 830
3196 1 964
3197 5 1934 8935 9967 4142 2847
3198 4 380 4969 7731 7763
3199 4 3867 5225 6288 9928
3200 3 4435 9872 6248
3201 2 6731 6443
3202 3 6776 1457 3513
3203 1 8389
3204 4 7783 466 2457 9922
3205 1 4358
3206 1 5481
3207 1 6005
3208 2 6208 1455
3209 5 6447 185 1531 855 2664
3210 2 6918 3903
3211 4 807 5905 628 8294
3212 2 1550 8833
3213 5 3975 5652 413 437 4480
3214 3 24 1408 5042
3215 3 8614 7272 8657
3216 1 747
3217 1 1970
3218 5 4888 6867 6634 8961 4501
3219 2 2246 8029
3220 1 2161
3221 3 6634 6949 2068
3222 2 5785 3726
3223 1 5057
3224 4 76 3337 8690 776
3225 4 9589 9118 2425 2322
3226 4 1739 5848 2691 1906
3227 4 2027 7090 796 7169
3228 3 8127 6098 6560
3229 2 3209 3005
3230 4 2575 6044 4517 7547
3231 3 2267 2019 5345
3232 4 1055 5643 5311 8040
3233 3 2986 3486 2009
3234 2 3676 153
3235 5 893 4353 2830 3594 3114
3236 4 7658 4202 710 9645
3237 5 222 9568 9639 9832 5750
3238 5 4629 7831 2894 1046 4931
3239 1 7475
3240 1 9431
3241 5 9559 7381 5001 6213 295
3242 3 50 2087 4155
3243 5 3540 2500 381 4420 4202
3244 4 3358 7522 481 3470
3245 1 6648
3246 1 732
3247 5 2182 1108 2926 465 1843
3248 5 5184 6650 7948 2866 6960
3249 4 3935 568 7859 7154
3250 1 7124
3251 1 5465
3252 3 2206 1800 3654
3253 1 5259
3254 3 6030 3079 4579
3255 2 6655 180
3256 3 8635 6332 1773
3257 3 2814 170 9645
3258 4 545 618 358 6362
3259 2 3529 2560
3260 1 8441
3261 1 2913
3262 2 1886 3215
3263 4 9115 2666 2712 8432
3264 5 1795 5016 5627 5538 5885
3265 2 107 3005
3266 3 1279 8255 165
3267 3 4336 1291 3968
3268 1 7414
3269 5 7790 8707 519 7440 4457
3270 1 6722
3271 1 4123
3272 1 3372
3273 2 49 7126
3274 2 1824 1279
3275 5 4036 1893 6340 3150 4336
3276 3 6511 3844 3813
3277 1 6002
3278 5 2754 4950 2054 5518 9610
3279 3 784 7673 3748
3280 3 2050 237 3698
3281 5 5061 5511 7666 8638 7189
3282 1 2882
3283 3 2189 3295 7975
3284 1 453
3285 5 911 3170 89 7008 3924
3286 3 8252 5648 8612
3287 5 253 6414 9216 8429 8825
3288 2 4498 5483
3289 5 3999 9011 4187 1565 5417
3290 1 8768
3291 4 1409 6794 464 1918
3292 4 7078 6723 7164 3811
3293 5 3786 5064 4019 4351 1441
3294 4 55 2941 7560 7303
3295 3 6164 8254 2109
3296 2 4455 7615
3297 2 5147 1257
3298 1 9862
3299 2 6898 1209
3300 5 7991 9956 7235 1476 2425
3301 2 129 5328
3302 3 7073 6771 1530
3303 1 4546
3304 4 36 8614 9744 8164
3305 3 9174 1286 6323
3306 1 6505
3307 4 3437 8646 2041 8663
3308 4 4091 8388 1231 6761
3309 1 8362
3310 1 2220
3311 3 5081 6611 7061
3312 5 347 9624 1030 9272 5165
3313 5 8741 9031 9651 7223 4271
3314 5 3835 639 4175 6633 5727
3315 2 3295 6526
3316 5 481 1998 3664 5502 1988
3317 2 521 9228
3318 5 2880 2145 8228 2503 3690
3319 5 7990 5828 9848 6036 7816
3320 4 3674 2841 7928 8984
3321 2 7813 8646
3322 5 6748 6100 9728 7936 1513
3323 3 5021 593 7020
3324 1 1758
3325 1 2203
3326 5 706 9015 5499 5975 5273
3327 4 4294 1730 412 8659
3328 1 2271
3329 1 3412
3330 4 2260 7078 1666 6411
3331 1 4271
3332 3 6819 1965 3696
3333 4 6210 648 905 5705
3334 3 6801 6013 6496
3335 1 7042
3336 4 3088 6758 4728 1478
3337 3 5295 5878 2264
3338 5 4558 2285 2902 2570 7283
3339 3 4692 8007 1299
3340 3 3901 3895 6875
3341 4 2420 458 9235 4154
3342 2 8249 8934
3343 5 4798 3028 9329 6958 6192
3344 1 7065
3345 5 7402 8345 3298 4585 3600
3346 1 9854
3347 5 6680 8384 210 3611 8077
3348 4 5663 4443 7432 5219
3349 3 6586 8363 6315
3350 3 6101 3951 1011
3351 5 892 9793 4354 6627 2937
3352 2 9713 3938
3353 4 1179 6000 8401 1695
3354 1 8646
3355 4 2065 4265 3000 5784
3356 2 7355 7772
3357 1 1608
3358 2 7006 7383
3359 2 9691 1155
3360 4 5083 3121 4044 1316
3361 1 1899
3362 5 6407 6135 1551 2847 3766
3363 3 8025 1858 9836
3364 3 3335 6887 8700
3365 1 1750
3366 5 9012 8972 93 5370 8452
3367 2 5208 7165
3368 4 8626 4312 9617 6724
3369 1 1449
3370 3 4200 5961 5156
3371 4 6741 9505 7606 7900
3372 3 8129 1761 9269
3373 3 1261 465 1294
3374 4 2815 7858 2423 1582
3375 3 6752 633 6357
3376 5 5406 2522 5004 807 5819
3377 2 6526 4750
3378 2 5802 213
3379 1 1970
3380 1 5904
3381 4 542 3193 9430 3298
3382 1 662
3383 3 5048 3475 3452
3384 1 834
3385 4 8270 4701 105 204
3386 3 1028 2367 2298
3387 2 7233 1917
3388 5 4183 9791 63 115 201
3389 1 803
3390 5 3212 5292 2189 2040 158
3391 5 2591 7770 9715 348 1287
3392 2 6374 799
3393 4 3640 4258 1763 959
3394 4 1859 9272 191 1450
3395 2 2107 8844
3396 1 4589
3397 4 2862 4384 2615 2814
3398 4 1299 3166 4274 6749
3399 3 1202 2015 5308
3400 1 4663
3401 2 9426 3483
3402 1 1362
3403 1 2523
3404 1 8539
3405 4 2691 327 3120 5595
3406 2 3598 1427
3407 3 9446 3424 8580
3408 1 447
3409 1 4474
3410 3 3239 7714 8880
3411 2 3107 9674
3412 5 1195 7566 1094 8841 8845
3413 1 4805
3414 3 5832 5062 1082
3415 1 6934
3416 2 5477 6103
3417 4 3167 1935 197 7598
3418 5 3318 9660 699 2989 3946
3419 2 9748 8820
3420 2 309 5996
3421 5 900 3167 6105 8316 1947
3422 5 9681 4297 7562 2518 868
3423 5 8058 6497 2362 1779 7646
3424 2 8927 1510
3425 4 7326 283 4728 4404
3426 5 1719 7920 9910 3617 573
3427 4 8485 9868 6335 3279
3428 2 1042 5899
3429 4 3951 1336 7870 7967
3430 4 874 3446 1578 7091
3431 5 8412 8018 8445 5144 8834
3432 4 9558 6004 361 94
3433 3 2048 6679 3727
3434 1 2729
3435 3 6717 4716 6519
3436 1 2163
3437 5 787 9803 1581 1629 4905
3438 1 9996
3439 4 7134 9439 3598 5756
3440 5 375 8013 1385 9659 6003
3441 1 8377
3442 3 4913 2942 8272
3443 2 8919 2128
3444 5 6610 3768 1962 3928 880
3445 4 7257 6651 6135 4268
3446 3 7635 1485 5087
3447 1 563
3448 3 2243 791 597
3449 4 4203 1889 1917 5350
3450 2 7411 2953
3451 1 7433
3452 3 2668 3353 2857
3453 4 6171 950 5470 4955
3454 1 7819
3455 2 7825 2716
3456 4 5365 9766 1018 923
3457 1 8022
3458 5 1457 1916 1429 9987 2892
3459 2 4728 3141
3460 2 1236 4018
3461 2 7892 6429
3462 5 3939 5822 341 3851 5801
3463 3 6291 3493 9501
3464 1 9976
3465 1 4232
3466 3 1164 1555 7704
3467 3 3019 8347 9426
3468 5 5472 852 7452 6041 2113
3469 3 1915 4316 8715
3470 4 8936 4112 9023 9569
3471 2 5560 1453
3472 4 5437 3313 16 8382
3473 3 22 1147 3300
3474 4 3822 1090 5643 7732
3475 1 1868
3476 1 7702
3477 5 1542 4180 6356 8585 7260
3478 3 8834 2691 5252
3479 3 9054 8560 6748
3480 1 2243
3481 5 6277 4082 4237 4172 1151
3482 1 3437
3483 4 3864 9998 287 2384
3484 4 4753 2747 4286 6862
3485 3 1113 1298 7383
3486 3 2809 4991 765
3487 3 2177 4830 2150
3488 3 7608 4112 2016
3489 5 1475 5938 6770 1542 3693
3490 2 1541 7306
3491 2 3952 7139
3492 3 7410 985 8942
3493 4 5682 8768 3252 5792
3494 1 7165
3495 5 8297 3498 3595 3717 4864
3496 1 5197
3497 1 4050
3498 3 5649 2444 8790
3499 4 4424 2946 5449 372
3500 2 895 5130
3501 1 2050
3502 5 8326 6375 8106 4043 774
3503 2 4693 4616
3504 4 6513 8719 6353 779
3505 2 7869 4678
3506 2 9630 1041
3507 5 1292 7840 2971 4902 8753
3508 5 6242 7148 5505 8570 7715
3509 2 473 2927
3510 1 5013
3511 4 1370 1310 5531 9860
3512 3 3169 9968 4729
3513 1 4793
3514 4 5139 8948 4489 3361
3515 2 5266 3764
3516 5 7996 6399 9506 8000 7151
3517 4 4772 7671 8808 1892
3518 2 4729 1797
3519 1 3473
3520 2 1958 4889
3521 2 5020 6929
3522 2 6889 9392
3523 3 505 8546 2974
3524 3 1126 6539 1956
3525 4 7124 3822 7797 1388
3526 4 5500 4429 684 476
3527 3 2304 3951 6786
3528 3 1506 6151 8377
3529 3 813 1501 6551
3530 5 1870 3060 5766 403 1376
3531 2 4562 359
3532 1 3479
3533 2 1211 2499
3534 4 9034 1508 7476 9899
3535 3 6833 7392 3225
3536 3 2436 3479 9022
3537 2 1408 7193
3538 3 1261 1554 6704
3539 3 2387 6357 5729
3540 2 687 4241
3541 3 120 4066 8340
3542 3 468 7290 4355
3543 3 3935 4328 4515
3544 2 1676 4334
3545 5 1495 3603 7675 5292 9018
3546 2 2778 8316
3547 3 4373 2071 8415
3548 4 2188 8884 2064 2543
3549 4 1244 974 2102 2111
3550 1 7698
3551 4 2255 4075 1680 833
3552 2 1371 6300
3553 5 6606 2333 2767 2759 531
3554 1 1402
3555 2 6969 9948
3556 1 5166
3557 4 1739 7661 55 8328
3558 4 7828 1645 8872 9380
3559 4 3745 6306 2403 4531
3560 4 8046 2477 8967 1224
3561 1 1429
3562 2 2665 907
3563 5 8548 5992 326 7960 5470
3564 4 5553 8874 1423 1118
3565 3 7117 2252 2603
3566 2 7980 2399
3567 5 8450 1046 6673 234 1469
3568 3 8939 2506 7414
3569 4 1721 3526 126 7257
3570 5 3840 563 1476 7682 1412
3571 5 3114 1999 749 4592 7492
3572 1 4730
3573 1 280
3574 1 451
3575 4 7933 6357 5351 1237
3576 5 913 39 259 5877 4720
3577 3 9300 7073 9833
3578 4 248 2680 2127 6964
3579 1 4323
3580 5 2587 1979 3045 4883 7250
3581 4 8271 3818 1641 1910
3582 4 6469 1629 3565 3360
3583 1 3160
3584 1 8270
3585 3 2151 2373 7064
3586 3 8368 1165 4412
3587 2 9283 11
3588 1 8840
3589 4 7632 7416 8531 8233
3590 4 2680 3439 7402 6794
3591 1 7305
3592 1 7503
3593 3 5393 6436 407
3594 1 6137
3595 4 3354 7862 9900 1992
3596 1 9096
3597 3 8712 8392 1408
3598 2 3156 8951
3599 1 7861
3600 1 9137
3601 4 8243 7595 2442 7705
3602 1 5737
3603 3 631 1340 5827
3604 2 6938 2220
3605 2 153 530
3606 5 9365 8215 7043 1192 6139
3607 5 5155 615 6576 7017 7236
3608 5 1673 2957 1187 6287 86
3609 2 2815 6608
3610 1 9486
3611 4 6168 2525 1908 972
3612 4 3884 9675 3174 7326
3613 4 8460 918 7335 2997
3614 5 4383 1891 9883 428 28
3615 1 5762
3616 4 5956 3882 1362 3470
3617 2 4402 1359
3618 3 1809 9693 3579
3619 2 5389 2484
3620 3 9961 2632 5880
3621 2 6465 1273
3622 4 4029 990 2637 1676
3623 3 5930 1862 8491
3624 2 9042 1257
3625 5 375 3378 6087 1577 7105
3626 5 5322 1684 4036 6505 483
3627 3 6080 4649 1713
3628 2 380 4558
3629 3 7855 7291 6976
3630 5 7483 1743 553 906 3368
3631 2 283 7032
3632 5 3006 338 7289 2700 8141
3633 3 8015 1237 336
3634 3 1671 9927 256
3635 1 4728
3636 3 1023 9820 8159
3637 4 5848 5302 6841 4456
3638 2 9475 4288
3639 5 6221 1028 1962 314 9294
3640 2 9118 1444
3641 4 312 8889 8472 5848
3642 4 1184 8499 7109 4884
3643 4 1549 3342 241 5857
3644 4 7147 1194 1865 4922
3645 3 9854 5952 1960
3646 1 6147
3647 2 5876 8976
3648 1 7280
3649 3 421 8441 6752
3650 3 3635 537 7448
3651 4 6246 9101 7332 4581
3652 3 5798 2371 4410
3653 2 2707 5753
3654 3 5584 8068 2193
3655 1 9985
3656 4 8759 9605 8714 7292
3657 2 6290 6577
3658 3 8076 9441 3689
3659 3 5701 2981 587
3660 2 4760 4649
3661 1 8452
3662 3 7524 2804 7961
3663 5 1215 1007 6940 2733 8563
3664 2 2710 9969
3665 2 9334 7836
3666 3 4007 614 1983
3667 4 5768 162 1587 6304
3668 3 8060 7810 1803
3669 3 2093 1073 2199
3670 5 9242 8979 972 7889 7445
3671 1 6874
3672 4 3462 2523 6255 718
3673 5 1969 8683 2577 1886 7603
3674 5 9424 9671 9577 7505 5201
3675 1 733
3676 5 3252 5794 1287 4873 1411
3677 3 6779 4031 2522
3678 2 5105 3505
3679 2 3233 2374
3680 2 550 530
3681 4 2235 7176 289 649
3682 1 7346
3683 2 2469 2672
3684 4 8356 67 3118 8027
3685 5 397 2314 2535 2992 9048
3686 5 5328 9543 3359 4937 887
3687 3 6833 4370 1750
3688 3 4230 3600 7619
3689 5 2455 9707 5798 6755 2574
3690 3 7288 6363 2108
3691 4 2317 3604 4458 5620
3692 1 3953
3693 1 2494
3694 1 612
3695 5 5836 8775 3184 9458 3736
3696 5 7091 8935 1968 6667 4628
3697 4 2342 2067 2202 1423
3698 5 2745 3406 8752 2635 6803
3699 2 3208 1005
3700 2 5024 6994
3701 1 8052
3702 2 5577 448
3703 5 8484 4947 480 2716 2318
3704 2 3348 648
3705 3 783 4391 3394
3706 4 2525 927 2217 9509
3707 3 304 420 8299
3708 1 9806
3709 4 774 1134 6450 6291
3710 5 1029 6446 1217 6833 826
3711 5 5890 1002 6364 1636 7137
3712 1 1369
3713 1 4650
3714 3 305 9286 656
3715 4 361 868 1433 4779
3716 3 5711 844 1849
3717 3 8552 4879 132
3718 3 8318 1210 9917
3719 3 4506 7248 5231
3720 3 311 4510 3167
3721 2 7479 5124
3722 1 9475
3723 2 7653 8496
3724 1 1343
3725 2 2232 6578
3726 3 235 2212 6525
3727 1 1920
3728 1 3460
3729 3 6565 2738 8031
3730 1 4669
3731 1 9330
3732 5 6856 3351 3168 7654 8968
3733 3 7355 4779 5744
3734 4 543 9176 606 8986
3735 1 1952
3736 5 9132 6001 2232 6544 8270
3737 4 1540 5755 839 1340
3738 1 2594
3739 5 8439 490 135 530 3741
3740 4 285 4262 4322 4139
3741 4 556 9906 6089 6574
3742 2 566 5264
3743 1 4891
3744 1 1922
3745 3 1390 2475 3001
3746 2 5845 6240
3747 3 5414 3670 1257
3748 5 7714 7255 8955 7466 2507
3749 1 1662
3750 1 7483
3751 5 5793 2536 8321 1566 4780
3752 1 1051
3753 5 3303 1068 9095 1477 5561
3754 3 5494 7155 9955
3755 4 6850 4433 1038 1804
3756 1 4926
3757 3 4191 1788 710
3758 4 5579 9402 2074 5459
3759 4 8160 2528 506 8648
3760 5 3515 1881 3871 399 7356
3761 4 6001 1723 7481 4237
3762 5 1646 8941 4719 9179 750
3763 4 7642 5106 6373 9432
3764 1 5068
3765 3 7071 8991 5074
3766 4 3064 1209 6879 3662
3767 5 2657 2194 500 5850 6148
3768 2 4843 2847
3769 3 9931 2801 3618
3770 1 4717
3771 5 5267 3131 5593 1697 1588
3772 5 3667 9124 1977 6543 1294
3773 4 7212 8495 8623 6456
3774 1 4469
3775 2 3647 5175
3776 2 1393 366
3777 1 4422
3778 1 4340
3779 4 5910 4972 621 6225
3780 2 5309 5285
3781 1 8620
3782 2 8575 4479
3783 4 4536 3905 406 8725
3784 2 6563 6299
3785 5 8060 2344 7708 9399 4351
3786 1 6589
3787 5 4017 1310 1048 603 7150
3788 2 5778 9288
3789 1 2924
3790 5 6943 3793 5096 6649 5079
3791 4 606 7774 7476 821
3792 5 3799 9030 2386 118 5520
3793 4 2279 6811 5268 5580
3794 5 2552 4057 9101 812 61
3795 3 8965 4731 5884
3796 2 8600 6458
3797 2 32 1600
3798 4 4463 1370 4003 396
3799 3 4370 6386 3033
3800 1 3147
3801 1 8097
3802 1 2364
3803 1 5219
3804 4 4979 4418 7870 9760
3805 2 8378 197
3806 3 5928 9391 4968
3807 3 555 4908 9568
3808 4 7412 9545 1722 8646
3809 5 6763 9385 3203 3750 3016
3810 4 898 4924 2878 5464
3811 5 7647 3252 8123 9264 817
3812 2 876 120
3813 4 3259 3539 956 6386
3814 3 518 1707 4580
3815 1 4393
3816 2 6531 1465
3817 2 3458 5720
3818 3 6219 2793 3308
3819 2 8992 1379
3820 3 7050 6493 308
3821 2 9424 5640
3822 4 9998 7206 7045 7295
3823 5 7949 9746 614 8480 3183
3824 4 7513 4537 6324 419
3825 3 6073 9880 2731
3826 3 5653 5100 4787
3827 4 2650 8171 250 965
3828 3 3793 2097 4635
3829 3 839 7172 7978
3830 5 8642 6141 8789 6114 1533
3831 2 7071 5677
3832 4 2013 5049 4289 8899
3833 1 6440
3834 5 893 1641 1050 4521 3729
3835 1 5019
3836 2 602 6591
3837 4 4177 4055 9034 1394
3838 3 8042 7327 8784
3839 1 4948
3840 4 8334 3671 1681 6976
3841 5 9545 9040 2119 4351 2399
3842 5 6009 1706 9978 7283 4152
3843 5 4197 533 1433 1381 9035
3844 4 1789 7186 6810 94
3845 2 2478 4598
3846 5 2145 2045 5552 9075 8372
3847 5 9640 8487 7156 5392 6865
3848 3 1389 5040 7492
3849 5 1672 3971 5736 2633 3208
3850 4 9729 2751 790 8560
3851 5 4340 2712 4471 5160 6090
3852 1 821
3853 4 3187 768 752 375
3854 1 1115
3855 2 3723 3069
3856 2 5319 2464
3857 1 7637
3858 4 1558 1550 4 6996
3859 2 3032 8204
3860 4 2575 389 4142 5924
3861 4 2265 8860 9149 4588
3862 5 7470 1608 6172 1348 7875
3863 3 2133 9722 75
3864 5 9989 385 9381 6398 8357
3865 5 341 5042 3230 6959 1321
3866 3 6765 3450 987
3867 2 6323 3168
3868 2 7230 4064
3869 3 3284 6982 1153
3870 4 3670 7749 7336 2767
3871 1 8882
3872 1 3699
3873 1 6770
3874 5 7674 2547 3434 7046 4973
3875 4 2593 8070 8793 2856
3876 4 973 7447 6390 4367
3877 2 1247 4523
3878 3 9134 664 9850
3879 5 5114 5811 3158 3047 1114
3880 3 65 2379 2251
3881 1 8149
3882 2 5945 3960
3883 2 8681 6164
3884 3 2554 7393 5556
3885 2 8043 42
3886 1 9042
3887 3 402 5321 9818
3888 4 15 1798 2526 4559
3889 5 9547 7004 2045 2256 2690
3890 5 2948 7333 9135 7258 5009
3891 4 9567 2649 7164 9388
3892 1 4662
3893 5 68 5345 6123 3899 6641
3894 2 1541 1608
3895 1 2561
3896 2 2475 7944
3897 4 82 6956 5610 5258
3898 5 1480 3754 9985 7417 5589
3899 1 1805
3900 4 9733 3699 8826 2669
3901 5 1511 3902 7713 8341 7173
3902 5 8531 5489 6420 4821 4746
3903 2 5700 7889
3904 3 504 753 4909
3905 2 1481 648
3906 1 8975
3907 2 6969 2488
3908 1 4812
3909 5 4217 4197 6200 5003 9241
3910 3 815 6423 2792
3911 4 8061 9594 4841 4522
3912 2 3383 1429
3913 5 743 6172 7139 2125 495
3914 4 8310 7379 8190 2987
3915 3 4308 5690 132
3916 4 2900 3276 1351 4363
3917 4 4082 4302 577 7492
3918 3 3187 2197 977
3919 5 3450 8875 3693 850 7763
3920 5 1402 2034 16 2698 5597
3921 5 4676 3107 5694 7159 9933
3922 5 7188 4208 8772 1115 2560
3923 1 8979
3924 4 4328 7737 7478 7010
3925 5 9720 9380 747 4052 1889
3926 1 8501
3927 4 41 1594 3033 276
3928 3 1020 6051 6011
3929 5 3571 2198 1915 9852 7354
3930 2 2138 4947
3931 4 2161 1694 3034 156
3932 3 3621 6618 2910
3933 4 311 43 712 9649
3934 4 6573 159 5627 4514
3935 2 2874 2383
3936 2 9181 2443
3937 5 3923 8951 128 5781 361
3938 4 7589 3048 4526 13
3939 1 3900
3940 2 7711 9567
3941 5 4765 8314 7061 9104 8953
3942 5 3668 5416 622 1061 1271
3943 2 1198 5767
3944 4 620 963 2603 6462
3945 3 7749 9879 1282
3946 5 2512 569 6319 10 1461
3947 1 369
3948 4 8928 5892 5103 3385
3949 4 1756 2179 9801 5664
3950 2 1882 3820
3951 4 5007 5543 1219 8306
3952 5 8669 3369 6582 9182 2989
3953 1 4556
3954 3 1148 568 1416
3955 4 5657 7061 759 8786
3956 5 9556 7925 1590 5700 4805
3957 2 196 5020
3958 5 941 5374 9387 6951 2138
3959 2 3701 8425
3960 5 5902 4302 5352 3242 64
3961 1 3950
3962 2 1199 1265
3963 5 202 8124 2825 5225 3825
3964 4 3567 7221 6439 5780
3965 2 2843 8802
3966 1 3234
3967 1 7858
3968 3 3149 3159 3384
3969 1 6764
3970 1 370
3971 1 9383
3972 4 1034 559 6817 4186
3973 2 153 1224
3974 2 9942 1370
3975 4 9696 8539 90 8859
3976 1 5465
3977 5 836 3544 5618 630 8782
3978 2 3912 6424
3979 1 7456
3980 4 157 7508 7556 4250
3981 4 7425 4618 1172 1779
3982 5 356 1771 4915 5424 7342
3983 2 4446 4456
3984 2 9691 2660
3985 4 5204 6482 7769 8704
3986 4 9309 867 8577 7514
3987 1 9011
3988 5 5555 5337 5480 7527 1348
3989 5 9488 8165 1592 7642 6161
3990 2 9431 7053
3991 2 6836 9741
3992 3 7870 1900 3597
3993 2 2483 6729
3994 4 7088 1238 7208 6405
3995 4 4802 8598 3002 3151
3996 4 1518 15 3566 9353
3997 3 343 8714 4283
3998 1 4932
3999 2 7566 5047
4000 4 6193 823 5217 1980
4001 5 1709 8548 77 2055 234
4002 4 4326 9544 804 2427
4003 4 2148 1212 8652 420
4004 5 870 4836 3544 4515 9963
4005 2 2508 440
4006 1 5544
4007 3 7381 711 7538
4008 3 9795 9199 4487
4009 4 156 3751 262 5639
4010 4 4335 3779 4386 2384
4011 5 5370 2058 1656 5887 4450
4012 3 4637 7079 6886
4013 3 2075 5958 4960
4014 2 3955 998
4015 5 1465 179 9360 5051 6614
4016 1 1956
4017 2 8863 5655
4018 3 2453 7059 1211
4019 1 207
4020 2 704 8603
4021 2 6081 1504
4022 3 1875 1038 7899
4023 2 9030 3826
4024 2 8348 9095
4025 2 5531 1722
4026 1 4104
4027 2 987 1035
4028 3 8117 5474 5657
4029 3 7117 4575 4419
4030 5 4403 8340 2053 6473 7605
4031 1 5082
4032 5 6066 1286 899 4738 6706
4033 4 9146 5052 9444 8163
4034 3 9704 5800 4018
4035 3 6372 1358 8859
4036 2 7509 3119
4037 4 3056 2627 107 2304
4038 2 3428 9330
4039 1 3986
4040 5 3943 3354 6655 5942 2753
4041 5 1529 2734 1956 5684 5289
4042 3 5904 1890 3765
4043 3 4585 1325 458
4044 4 3367 9864 4955 6558
4045 2 56 4345
4046 2 4832 5512
4047 3 5782 2578 9900
4048 4 54 92 1973 1980
4049 2 629 3637
4050 4 2243 3038 5251 6419
4051 5 3454 5793 2439 7400 4846
4052 1 7215
4053 4 870 740 8718 8960
4054 4 28 8216 3753 5002
4055 1 4161
4056 2 1274 5990
4057 5 152 1165 4798 3069 7887
4058 1 717
4059 5 2444 8373 3071 8021 4450
4060 3 6203 5186 9992
4061 3 2459 1520 6785
4062 3 5310 1925 9057
4063 3 698 1288 812
4064 5 1877 236 4785 1254 3222
4065 2 744 1273
4066 3 4951 4296 661
4067 5 7615 7100 4218 525 780
4068 3 145 9063 3414
4069 5 8274 4692 4707 8547 8358
4070 4 9214 8178 9087 4252
4071 5 24 3335 1926 7364 3448
4072 4 6411 590 9363 6392
4073 2 7339 9023
4074 3 7242 4166 5863
4075 3 6126 3545 7747
4076 1 5782
4077 3 7705 8665 7263
4078 5 1588 3910 2001 7066 5636
4079 1 5206
4080 1 3638
4081 5 6319 7410 7126 2550 1731
4082 3 8898 3746 4074
4083 2 9936 397
4084 4 161 8931 8288 2158
4085 1 4474
4086 3 7182 7557 6378
4087 4 9981 4998 8317 6096
4088 1 1501
4089 5 7992 460 5083 1223 3637
4090 5 8250 1485 7581 3012 7337
4091 2 9584 784
4092 4 2750 4013 4434 5673
4093 1 5569
4094 5 6006 9500 3718 7320 2006
4095 1 3897
4096 3 6926 4669 2364
4097 3 7074 4993 5070
4098 1 4878
4099 4 8487 4785 2578 5311
4100 4 5754 3501 3738 5234
4101 5 3582 30 1303 2078 1318
4102 1 6654
4103 4 2690 7383 2394 2534
4104 4 118 5933 4576 7871
4105 3 4249 8336 9748
4106 1 8808
4107 4 3754 3253 1660 1473
4108 5 2514 3833 5153 4252 2113
4109 4 6271 9645 9126 2913
4110 3 8209 1801 4571
4111 3 5874 9502 1459
4112 5 4681 2297 7790 2179 2181
4113 1 952
4114 2 8922 1236
4115 3 8043 5436 4699
4116 2 5740 940
4117 2 1835 2197
4118 1 9485
4119 2 3969 7980
4120 4 4325 5356 4085 7019
4121 2 3016 9577
4122 3 5990 9167 1672
4123 1 4622
4124 4 8858 1284 8089 7921
4125 1 303
4126 5 8212 7926 2097 5531 6730
4127 1 3121
4128 2 6439 2442
4129 3 302 3123 824
4130 1 8495
4131 4 1815 9822 3895 653
4132 1 6938
4133 2 2514 6433
4134 2 3393 6987
4135 3 1573 2404 4096
4136 4 7631 4856 164 2759
4137 4 8494 4948 5828 2556
4138 5 2114 36 5978 3525 1955
4139 1 2772
4140 1 341
4141 5 5247 3810 7734 4471 9240
4142 4 705 100 6838 5951
4143 3 5030 3135 5916
4144 2 4696 525
4145 4 6576 625 5058 7760
4146 5 8609 1306 7552 3598 8138
4147 2 8488 5359
4148 3 4645 3966 1292
4149 4 3068 7549 6890 3488
4150 4 1523 808 8828 4746
4151 2 7753 8312
4152 5 1168 4370 3114 9750 4314
4153 1 2534
4154 1 3031
4155 3 9696 5405 280
4156 4 5311 8082 8769 605
4157 5 3569 690 1248 4521 8150
4158 1 3907
4159 3 2761 2661 9797
4160 4 3995 2014 2884 2294
4161 2 4467 1645
4162 1 7686
4163 4 4901 8004 5681 1986
4164 2 1543 4592
4165 5 4592 328 1872 6298 7369
4166 4 1877 903 6034 4333
4167 1 1099
4168 3 3330 9172 7646
4169 5 2030 8821 7412 8043 5754
4170 3 1710 8578 8509
4171 5 1965 824 5858 5447 8284
4172 5 4301 1568 7327 5662 2575
4173 2 6486 703
4174 5 7665 6774 421 477 5338
4175 1 6723
4176 3 3153 1558 1449
4177 1 2220
4178 1 8176
4179 1 9198
4180 2 2265 8535
4181 3 1365 4256 362
4182 4 4871 7191 3261 5675
4183 3 7392 6325 2554
4184 1 7610
4185 4 3732 3465 369 1153
4186 5 1760 1023 257 7548 6297
4187 4 9808 4599 5819 7188
4188 1 2285
4189 5 4221 3014 2452 316 5371
4190 1 4993
4191 1 7086
4192 3 5382 4576 4221
4193 1 4442
4194 2 5837 2316
4195 3 9321 9973 105
4196 5 1434 1407 8314 2232 4189
4197 2 3297 140
4198 3 2972 553 5464
4199 2 8740 9367
4200 5 7386 2273 7714 3854 7646
4201 1 1125
4202 1 1616
4203 1 3746
4204 3 299 9394 217
4205 1 9912
4206 5 3369 9960 8753 775 4678
4207 2 2504 8645
4208 2 6285 6697
4209 3 1827 4509 7630
4210 1 3892
4211 2 4306 2012
4212 2 5883 2056
4213 3 3356 9365 1661
4214 1 8442
4215 3 9547 3424 6
4216 5 5647 1119 246 1164 5117
4217 2 919 3148
4218 3 784 932 5522
4219 4 8294 5030 415 5300
4220 3 1774 2278 4867
4221 3 5618 1043 5127
4222 1 8964
4223 3 3755 6186 9817
4224 2 2991 8305
4225 5 7772 1161 1449 7153 3980
4226 2 2132 5953
4227 1 8328
4228 4 7699 4088 588 995
4229 4 9550 7610 1716 3259
4230 4 6097 7177 606 7316
4231 3 2213 1577 8069
4232 1 2357
4233 2 4204 8227
4234 4 2323 869 1456 8475
4235 3 1940 1279 5613
4236 5 6269 3811 8450 3169 1577
4237 1 4146
4238 4 3911 1955 773 5137
4239 1 6482
4240 1 6159
4241 4 2677 2883 6500 2693
4242 5 9049 1540 8367 6325 3951
4243 4 2496 503 720 3480
4244 2 6127 3680
4245 3 7249 2823 352
4246 3 8670 6533 1586
4247 4 6190 5994 2141 2690
4248 3 1804 147 1982
4249 1 3798
4250 3 2013 9651 2094
4251 2 5443 3214
4252 5 6312 2081 5224 6841 3124
4253 3 8766 111 2052
4254 2 6801 2879
4255 5 2064 801 2062 1386 8555
4256 3 1108 1228 6970
4257 5 2718 5939 8134 3128 35
4258 3 1794 4951 522
4259 3 5956 5775 2778
4260 1 4756
4261 4 9729 9703 338 6026
4262 3 634 8429 6850
4263 1 2888
4264 5 2854 9255 3863 9217 3570
4265 3 1529 3622 8599
4266 5 8416 2166 6338 3701 6086
4267 5 1313 4440 6636 4791 1923
4268 2 2497 7797
4269 1 6379
4270 4 1154 473 3614 8079
4271 4 2257 4123 908 6650
4272 3 9571 1305 453
4273 2 9138 6499
4274 2 2088 7297
4275 2 8998 7431
4276 5 3649 2256 1757 5671 3898
4277 2 4347 7405
4278 5 5208 9423 8282 4359 6263
4279 2 7274 7571
4280 3 9782 4912 7564
4281 2 8736 6155
4282 3 203 4688 8198
4283 5 1845 1111 271 7996 5657
4284 1 7771
4285 5 5757 9060 9016 1013 5734
4286 5 7874 7863 3158 2276 2250
4287 1 5381
4288 2 2468 9642
4289 1 410
4290 2 1996 8157
4291 2 4428 159
4292 5 1803 1528 3412 904 260
4293 3 680 7075 562
4294 2 2184 2517
4295 5 9600 6232 2738 717 1813
4296 5 8502 3324 8024 4539 7969
4297 2 1962 3170
4298 1 5254
4299 5 3724 1224 5882 4383 7059
4300 2 1458 8987
4301 2 8868 6749
4302 2 355 9980
4303 1 7963
4304 2 8533 6869
4305 5 5842 2154 1768 194 1830
4306 3 2211 6367 436
4307 1 1989
4308 5 4837 7580 8349 8187 2911
4309 3 1725 872 1409
4310 4 9678 2743 7646 2724
4311 5 299 2877 5092 1428 9673
4312 3 3000 947 1499
4313 4 1589 913 6057 8474
4314 5 1414 5045 9364 1458 2203
4315 4 2833 3676 8684 2584
4316 4 2937 8332 3698 1297
4317 5 3642 7848 5649 762 8627
4318 4 5384 9577 679 684
4319 4 9162 1872 495 1547
4320 1 1505
4321 5 1903 8945 4604 3383 3808
4322 4 3271 9507 3829 4220
4323 1 2588
4324 1 9045
4325 3 842 2278 2141
4326 1 9572
4327 4 7828 5788 5931 2282
4328 4 3081 2824 7345 2152
4329 2 1827 4095
4330 1 4105
4331 2 5174 1468
4332 2 8785 7542
4333 3 624 6319 2237
4334 2 631 649
4335 2 9621 6526
4336 1 3142
4337 2 9944 9954
4338 3 7090 2228 6478
4339 4 7181 3671 9896 5244
4340 4 1720 8123 6922 539
4341 5 8698 2069 7183 2406 8242
4342 2 6617 8063
4343 5 497 9083 6490 1080 4347
4344 1 7365
4345 4 4810 8806 6695 264
4346 3 1783 6561 7061
4347 5 9752 8164 9422 5859 7671
4348 2 358 7803
4349 1 5129
4350 4 6889 6092 1054 3102
4351 5 2967 7622 8537 5834 9350
4352 4 404 6511 713 2492
4353 4 2168 6077 54 6772
4354 5 2413 2770 8727 9450 6971
4355 2 7710 8336
4356 2 5186 4456
4357 1 4191
4358 2 5412 1056
4359 2 3257 149
4360 4 6987 6048 4720 5638
4361 5 858 2760 5548 3127 8685
4362 4 4463 2788 108 6063
4363 4 4413 5680 7528 4299
4364 2 8663 1531
4365 5 3531 6845 1096 5601 6110
4366 2 546 3798
4367 3 3998 3587 1656
4368 1 7194
4369 5 9213 638 302 1781 1615
4370 4 1673 3436 6673 6149
4371 4 2189 9526 9566 275
4372 5 6494 1367 879 8448 18
4373 1 485
4374 3 146 6534 1356
4375 1 8301
4376 1 3827
4377 4 6033 8186 1601 3671
4378 2 6630 7585
4379 4 8066 204 4814 1366
4380 2 4202 9963
4381 5 4095 5132 4630 5829 3580
4382 4 3390 7843 3753 7260
4383 5 1902 5277 9345 2781 6638
4384 1 5522
4385 5 8522 6037 4866 5965 4105
4386 1 2010
4387 3 3097 615 1675
4388 1 7796
4389 3 6897 5612 2736
4390 3 7660 6190 2854
4391 3 4076 3658 7430
4392 2 2986 240
4393 4 2389 4271 7839 3942
4394 2 8655 3556
4395 1 1220
4396 2 5006 1024
4397 2 678 8612
4398 5 8761 607 6345 3191 4891
4399 1 4094
4400 4 6035 5758 6249 4133
4401 1 1619
4402 1 9198
4403 2 9000 3354
4404 1 6751
4405 4 2334 8974 3158 4873
4406 1 8849
4407 2 3702 9332
4408 1 6754
4409 3 963 2356 8704
4410 1 4773
4411 5 2775 1259 5240 1283 1181
4412 2 8355 985
4413 3 614 5239 8761
4414 4 3694 2900 7697 7678
4415 4 719 3110 1408 9793
4416 2 9638 3058
4417 5 5844 9918 9325 6955 59
4418 1 132
4419 1 8048
4420 4 8919 5811 8786 9039
4421 1 193
4422 3 5840 1260 672
4423 3 7131 4899 4210
4424 3 3174 1548 719
4425 3 6609 1474 3341
4426 3 9469 8012 5281
4427 5 5304 7172 6117 3704 1564
4428 1 3210
4429 1 1562
4430 1 1760
4431 2 4384 4694
4432 5 8577 1026 2831 4008 5569
4433 5 6670 2041 3749 1989 2618
4434 4 7833 6360 7523 6604
4435 3 358 845 9345
4436 2 4631 9854
4437 1 181
4438 2 4378 5675
4439 2 4466 684
4440 3 601 9584 4600
4441 1 9216
4442 4 6031 3111 7323 1416
4443 4 5374 4253 2617 2123
4444 4 6250 3998 456 5833
4445 3 5250 7097 895
4446 2 1659 1821
4447 3 641 8988 8711
4448 5 5468 3916 2919 49 4020
4449 2 3158 8768
4450 1 2516
4451 2 120 631
4452 4 2043 7475 4526 248
4453 5 499 4098 4083 1087 861
4454 3 1713 987 1800
4455 5 8151 2528 4199 3954 2654
4456 5 6131 7300 979 5853 413
4457 3 6592 2610 2466
4458 2 6730 9021
4459 3 1561 9580 7540
4460 5 1276 164 5688 7475 6939
4461 3 4878 1769 1780
4462 3 4620 2401 9299
4463 1 3334
4464 4 9689 594 2346 4933
4465 1 6931
4466 1 7316
4467 5 4490 3527 6577 9059 6146
4468 3 1086 4621 2587
4469 2 8984 9226
4470 2 2684 9607
4471 2 8578 3446
4472 5 600 4580 9223 5739 2362
4473 2 7911 5777
4474 2 503 9216
4475 4 2220 3119 306 9104
4476 1 8850
4477 4 8351 7503 6050 8003
4478 1 579
4479 3 7646 7178 2048
4480 1 1733
4481 4 2184 2808 7549 5249
4482 3 969 1018 1880
4483 1 1795
4484 2 8419 7695
4485 4 4534 68 917 276
4486 1 947
4487 5 8080 8196 8017 3389 7588
4488 1 985
4489 2 9344 8176
4490 1 2540
4491 2 9393 333
4492 2 9554 4411
4493 2 2044 6207
4494 4 447 1553 6713 1195
4495 2 7789 7760
4496 1 834
4497 5 3500 9496 997 2512 4383
4498 5 3244 1206 7321 2976 1783
4499 1 5290
4500 3 7816 2454 7213
4501 1 4570
4502 4 1123 3492 2068 7753
4503 3 8473 7726 1845
4504 4 1081 9075 8151 3808
4505 2 9784 2500
4506 2 27 9740
4507 4 4899 7837 3136 6460
4508 1 5251
4509 1 424
4510 1 2252
4511 5 9383 4839 635 9689 799
4512 2 6055 6115
4513 4 8647 4946 5839 522
4514 2 4777 6051
4515 4 1489 5468 6433 2628
4516 2 3199 9051
4517 4 9221 4256 9225 398
4518 3 8634 7114 2677
4519 3 2729 1591 5740
4520 4 2366 7406 6129 1729
4521 2 2541 4662
4522 2 9430 9725
4523 3 665 441 2226
4524 1 8841
4525 1 4656
4526 1 6743
4527 1 6608
4528 2 3633 9175
4529 1 936
4530 3 1175 3462 3703
4531 2 7334 6
4532 4 7461 6971 1398 9969
4533 5 6534 4527 4506 1732 1674
4534 1 3308
4535 4 2561 1638 7127 4648
4536 1 1605
4537 3 2441 3067 1704
4538 3 3027 2493 8397
4539 1 2257
4540 4 8884 2747 8188 5722
4541 1 9158
4542 1 2416
4543 1 515
4544 1 8247
4545 3 6172 84 9426
4546 1 7846
4547 3 3675 8081 2955
4548 3 1006 5584 7245
4549 4 1090 4133 5928 9774
4550 2 1728 7
4551 5 8203 6392 8250 5845 9373
4552 2 1926 7574
4553 1 9185
4554 5 5980 5911 1607 7345 8003
4555 1 9003
4556 3 7185 5191 2452
4557 2 6180 3728
4558 4 702 9161 2803 5553
4559 2 6687 1973
4560 5 6583 475 1205 2275 395
4561 1 404
4562 1 7690
4563 5 7208 322 9534 5006 1491
4564 3 9351 9026 1023
4565 3 9704 3728 5053
4566 4 6754 393 7471 2864
4567 2 7996 5250
4568 3 1268 1009 3216
4569 5 3432 3401 9748 5293 1256
4570 2 6175 1870
4571 5 3798 2139 8011 5967 6549
4572 1 7087
4573 5 1109 2066 5247 6237 2438
4574 3 7188 4199 1371
4575 1 4665
4576 5 8829 9445 6611 1015 1665
4577 4 545 2513 791 2707
4578 1 8884
4579 3 5489 4609 7812
4580 5 7821 6997 6088 3114 6887
4581 1 9078
4582 4 3144 5846 896 5235
4583 2 9801 239
4584 2 2670 5514
4585 3 7212 2768 1610
4586 1 5011
4587 1 1724
4588 3 8466 3405 9910
4589 4 1606 4337 4183 9184
4590 2 6756 27
4591 1 1590
4592 1 7181
4593 3 9998 9554 2796
4594 1 4955
4595 5 881 521 1204 923 4512
4596 5 5535 6192 3949 8967 6853
4597 4 6689 6530 6003 9141
4598 2 557 8563
4599 2 7598 2178
4600 5 4404 5026 8489 4211 1126
4601 4 6603 8492 5959 4624
4602 5 624 1339 986 6521 85
4603 1 6848
4604 1 2054
4605 1 6827
4606 1 7043
4607 1 8702
4608 4 9368 2356 1562 6086
4609 4 4507 9772 4792 3946
4610 5 2922 3954 5941 8024 4142
4611 4 2295 6822 9105 1963
4612 1 6017
4613 2 3704 9213
4614 4 2379 4545 238 9112
4615 5 3656 1212 936 9542 6184
4616 4 84 68 7918 8955
4617 2 5860 1577
4618 4 9387 627 2030 8867
4619 5 9885 1983 9691 9036 3770
4620 3 8226 2295 4506
4621 4 6701 8025 4756 4613
4622 5 3652 410 8961 9781 2693
4623 3 4276 974 476
4624 4 9768 8651 9274 9065
4625 5 1131 6608 3445 574 8812
4626 4 9905 629 7133 824
4627 3 4514 7606 2711
4628 1 9543
4629 2 3344 3840
4630 4 5453 8166 8093 4433
4631 1 5591
4632 2 3832 4569
4633 2 9925 1365
4634 1 1054
4635 3 5039 85 8386
4636 1 9961
4637 3 1551 611 4668
4638 1 8269
4639 2 1767 7963
4640 5 750 4613 1442 1073 8238
4641 1 7995
4642 2 2131 2384
4643 2 1799 7474
4644 3 4751 857 1338
4645 2 2624 9388
4646 1 6432
4647 5 9412 1182 5475 8217 1297
4648 3 5996 1184 9543
4649 4 5952 6045 252 1532
4650 2 4244 1778
4651 2 4584 2338
4652 4 6998 529 3771 3351
4653 5 9063 3908 9515 9345 1235
4654 1 1694
4655 2 2751 2740
4656 2 457 2175
4657 4 9026 3139 4130 3156
4658 3 4512 4357 9999
4659 5 47 1208 1837 8399 4809
4660 3 9347 9297 1906
4661 3 1481 1558 2558
4662 2 694 9111
4663 4 2854 1337 5383 3595
4664 1 7162
4665 1 8122
4666 1 3969
4667 4 1969 5471 309 4100
4668 1 2505
4669 2 2524 5476
4670 1 47
4671 4 897 5513 2951 2583
4672 4 2025 5272 885 9156
4673 3 4882 3320 6409
4674 3 896 5216 1754
4675 3 810 5043 9720
4676 4 1132 9968 2085 338
4677 5 9955 127 850 1960 6969
4678 1 5006
4679 5 2852 2454 6734 3663 7969
4680 1 5691
4681 3 3559 8618 854
4682 1 2851
4683 2 7085 7769
4684 1 1836
4685 3 3182 3854 4468
4686 1 5832
4687 2 2609 2218
4688 4 7510 1452 3301 7086
4689 3 8352 4445 1189
4690 3 5004 7703 9996
4691 5 6503 2382 8642 253 9924
4692 3 5604 8298 1719
4693 3 6386 2470 6390
4694 4 7551 3730 6099 771
4695 2 3600 3305
4696 1 200
4697 4 6276 2688 9617 5954
4698 1 6640
4699 1 3571
4700 1 1195
4701 5 2919 1086 7585 2373 7378
4702 5 5729 4351 415 3314 7712
4703 1 1946
4704 4 406 1945 525 7466
4705 5 5338 3705 5626 6990 7162
4706 4 7791 5421 3 3951
4707 4 7733 6629 4233 6288
4708 4 6195 3683 5819 3144
4709 2 6339 881
4710 2 19 6141
4711 3 1946 689 6998
4712 4 471 8109 9209 2361
4713 4 4026 8346 7662 7511
4714 2 9546 7459
4715 4 2299 2699 5443 5518
4716 4 8709 886 5367 3385
4717 1 2138
4718 4 6367 1010 8213 5911
4719 3 1315 2633 8935
4720 5 6767 9625 9005 6856 8755
4721 5 6917 8741 1116 3647 5746
4722 1 9173
4723 3 8370 6550 5456
4724 4 1940 4981 5527 3702
4725 2 6066 4450
4726 4 2518 4503 4123 9352
4727 5 1623 2897 5427 4109 8748
4728 4 975 959 1811 6461
4729 3 2116 5734 6863
4730 2 2933 1787
4731 5 1316 9337 699 9991 6204
4732 2 8149 325
4733 1 6142
4734 4 9496 7035 4382 6670
4735 1 3263
4736 4 4782 9303 9074 7501
4737 1 3812
4738 4 8772 3628 9632 4991
4739 5 7021 9792 3672 6493 227
4740 1 1077
4741 3 4478 2307 5332
4742 3 1100 5552 5675
4743 4 5189 8491 2116 3799
4744 5 3233 459 3256 5136 8442
4745 1 4633
4746 5 3697 4292 9957 68 9829
4747 4 9273 4165 3678 2697
4748 1 4215
4749 5 4562 6586 9849 3836 7136
4750 5 8646 9140 3067 1810 140
4751 4 5443 9943 4784 8823
4752 3 2779 7679 7626
4753 2 9314 7112
4754 4 591 4931 633 7588
4755 5 9991 7655 4207 3857 2333
4756 4 5476 3457 3346 9639
4757 5 9915 9807 168 976 7281
4758 1 1866
4759 3 6908 450 957
4760 1 2672
4761 4 8865 9201 8291 3190
4762 2 3820 6880
4763 3 2390 2381 2838
4764 4 6895 9487 5782 7416
4765 5 3460 7485 440 2978 2067
4766 4 2323 5079 2086 5525
4767 5 7587 3251 9575 4656 7176
4768 3 413 695 3111
4769 4 9699 3929 7147 9334
4770 4 2553 7192 7239 8200
4771 2 2190 3499
4772 4 1588 4195 6389 1762
4773 1 4879
4774 1 8801
4775 4 1401 452 1950 9104
4776 1 2609
4777 3 5488 369 3410
4778 1 774
4779 2 9650 9641
4780 2 9621 5218
4781 2 5371 339
4782 3 278 9755 1425
4783 5 4116 1871 2859 384 7000
4784 4 5447 5756 5310 2567
4785 1 4179
4786 4 840 2654 6879 9777
4787 4 2588 2185 9061 5194
4788 2 2265 4562
4789 5 3673 7071 8572 3910 8725
4790 4 3372 9404 673 9239
4791 4 2246 1990 3332 879
4792 5 3033 8037 780 4183 1396
4793 2 3436 1265
4794 5 8994 8601 8140 9643 644
4795 1 4455
4796 1 4925
4797 1 2716
4798 5 1501 1524 9437 5579 2421
4799 4 6752 9740 2468 6216
4800 1 6083
4801 5 7644 7110 6173 6007 2073
4802 4 8297 6407 237 3088
4803 4 6667 814 2624 1304
4804 5 790 6229 3696 6038 2433
4805 4 4895 5089 37 7391
4806 2 4803 1826
4807 1 1875
4808 4 2041 908 6847 9730
4809 5 5230 1242 9486 4200 9229
4810 3 4533 4647 3580
4811 5 7078 1161 4202 2791 3365
4812 1 5020
4813 4 2213 9179 7132 7024
4814 1 84
4815 2 2016 8576
4816 3 3793 1428 1623
4817 3 2452 6675 2032
4818 1 9916
4819 4 9100 1612 8658 379
4820 2 8534 3314
4821 1 5521
4822 1 3705
4823 5 1959 4836 9710 63 2306
4824 5 3167 5409 7733 8685 3678
4825 3 9901 2897 1340
4826 4 6580 2837 2659 7193
4827 4 1047 4202 8751 1746
4828 1 9941
4829 5 1364 578 6700 2672 1232
4830 4 4717 8549 6353 1090
4831 2 4864 931
4832 2 2634 7027
4833 5 7993 6779 3736 9940 5863
4834 3 7506 5676 2461
4835 1 883
4836 4 2909 4620 9839 404
4837 1 8314
4838 4 1208 4498 9746 1740
4839 4 94 3575 7716 6050
4840 5 9661 5678 3631 2843 811
4841 1 2118
4842 3 9455 1568 1926
4843 2 2466 6064
4844 3 1782 2046 6318
4845 4 2864 1709 2804 6263
4846 5 8244 874 2871 9794 6352
4847 4 2474 8336 687 3499
4848 5 3216 4947 4650 163 345
4849 2 8841 587
4850 5 1665 879 2641 4169 4915
4851 5 2350 8990 7820 8403 5045
4852 4 8891 3641 4941 1303
4853 5 8187 5554 839 1337 4578
4854 2 591 9547
4855 2 4323 6297
4856 3 5239 3813 2684
4857 1 5814
4858 4 1646 9011 1830 7111
4859 2 896 9397
4860 4 5361 4528 9712 5051
4861 2 9813 2942
4862 1 3811
4863 3 2219 977 5553
4864 2 968 6350
4865 5 9949 8657 1642 9317 5391
4866 2 8102 652
4867 3 4703 7711 9979
4868 5 1298 3132 168 4922 5207
4869 4 1235 3537 8134 2310
4870 4 8643 1710 3338 3326
4871 5 4626 2268 2001 1477 3439
4872 3 4467 733 641
4873 3 4812 182 6854
4874 3 8060 4260 5219
4875 5 8298 2305 9925 3839 6153
4876 2 5259 8673
4877 4 5651 6483 6973 2077
4878 4 2322 8532 5160 7614
4879 5 5800 8252 2614 7363 238
4880 1 73
4881 4 5383 868 4068 7870
4882 5 8864 7533 1188 309 8641
4883 5 2486 4301 7146 1290 7490
4884 2 9078 3743
4885 4 8640 9735 6832 7782
4886 1 971
4887 3 9567 5429 6960
4888 4 8670 9736 4378 2649
4889 1 1023
4890 2 1159 7227
4891 1 8544
4892 5 6973 3761 1485 8592 2132
4893 1 1778
4894 2 265 4822
4895 4 4532 9344 6405 326
4896 4 6364 5705 5621 9160
4897 4 8950 4742 5274 997
4898 1 5031
4899 2 5490 592
4900 5 257 9785 3127 5309 1982
4901 4 9841 2265 9092 2495
4902 2 6747 5808
4903 1 5533
4904 3 4318 5234 5122
4905 2 5508 6479
4906 2 9985 527
4907 4 2850 3976 2595 8178
4908 5 5338 8285 9283 7205 9619
4909 2 2460 1260
4910 5 1294 7196 8018 8017 7150
4911 5 4881 194 4671 953 9240
4912 4 5684 5300 2845 5539
4913 3 9945 743 3740
4914 5 1169 8554 1731 2247 4961
4915 3 9206 431 724
4916 1 8150
4917 2 5208 5945
4918 5 7510 519 329 4851 132
4919 1 2354
4920 1 4735
4921 3 7461 4243 8743
4922 1 2065
4923 4 660 4024 1479 6245
4924 2 845 9644
4925 1 7283
4926 3 6606 1997 1980
4927 3 9002 9994 9999
4928 1 4573
4929 5 6258 5578 7497 4950 6333
4930 4 5115 3578 9897 4825
4931 2 2607 6856
4932 4 6948 3000 9670 6557
4933 2 6806 3806
4934 1 8598
4935 2 9200 4845
4936 2 8447 193
4937 5 964 1538 1923 6500 6438
4938 1 9383
4939 2 807 8431
4940 2 1826 988
4941 4 9626 4095 872 6291
4942 1 2859
4943 1 6754
4944 3 6278 9431 8577
4945 4 5078 7805 4130 2292
4946 2 2440 1088
4947 4 1071 5214 7096 1412
4948 4 192 5563 7779 4902
4949 3 3937 8017 9278
4950 1 3983
4951 4 2270 5768 4155 122
4952 5 939 3136 3847 4766 2655
4953 5 8497 9144 7055 3267 6683
4954 4 3068 2768 2412 9506
4955 1 1909
4956 2 1789 17
4957 4 3541 1333 8424 2419
4958 4 1213 4291 8923 9899
4959 3 72 6000 7116
4960 2 8075 2248
4961 1 419
4962 3 9507 4547 1881
4963 5 241 9303 2868 1661 9046
4964 3 3054 38 880
4965 2 8669 3940
4966 3 479 642 7935
4967 2 3779 2116
4968 5 1916 9712 1948 5995 7851
4969 1 5905
4970 5 2039 2253 1095 4326 963
4971 3 9620 2352 3190
4972 4 3795 4242 8557 1142
4973 4 3384 2422 7998 9876
4974 1 2554
4975 5 17 2480 1337 5070 705
4976 3 9789 1855 4220
4977 3 8808 5233 1607
4978 5 4639 5849 2858 1185 732
4979 3 5779 7661 206
4980 3 9516 2732 7108
4981 1 1067
4982 2 6362 25
4983 4 2491 3826 7163 9750
4984 4 3590 305 7659 7058
4985 3 1160 4751 371
4986 4 1214 7662 6647 9936
4987 4 2534 4062 8250 4780
4988 4 5847 3242 1933 1967
4989 5 4655 7800 5459 9759 6349
4990 3 2642 5690 3039
4991 1 7733
4992 5 31 9321 1929 2081 1396
4993 5 8328 9580 940 8567 5956
4994 3 7834 4523 5724
4995 4 369 4158 392 4759
4996 5 3261 1591 9606 3282 5718
4997 3 996 5712 6704
4998 5 2122 6341 4012 139 6051
4999 4 7595 64 3174 2357
5000 4 774 1797 6198 423
5001 2 2293 2673
5002 4 6991 9263 1387 6434
5003 2 8630 874
5004 3 2654 6714 208
5005 2 1615 7580
5006 3 8378 9215 979
5007 4 8658 8366 1278 6374
5008 4 82 4347 3301 5256
5009 1 3416
5010 2 5803 778
5011 5 7425 1502 3598 6856 5549
5012 3 4895 9954 616
5013 5 1758 4945 1184 7802 9052
5014 1 6595
5015 1 4106
5016 5 8117 5647 1505 7848 127
5017 4 4116 5586 7658 7063
5018 4 3849 6988 649 7824
5019 4 8370 26 9526 1029
5020 2 5758 8441
5021 1 7716
5022 3 5146 472 7249
5023 1 1212
5024 2 7354 7253
5025 4 2515 6989 5323 6220
5026 2 211 3874
5027 5 4572 902 1916 1436 8305
5028 1 9537
5029 4 2827 2782 9856 3720
5030 2 3389 5905
5031 4 7182 4064 5725 6221
5032 2 5726 5952
5033 4 4533 4151 749 1404
5034 3 5989 4050 3626
5035 4 4852 3038 3883 6105
5036 3 369 5659 8668
5037 2 6915 1635
5038 3 1570 4680 553
5039 3 7704 6737 5955
5040 5 5049 1718 3617 2662 1204
5041 2 1932 7105
5042 1 3185
5043 4 7763 7249 4215 1059
5044 3 8097 4689 3240
5045 1 8611
5046 1 9906
5047 2 3036 2545
5048 2 7640 7091
5049 4 3688 8766 4546 8913
5050 1 7790
5051 2 8216 6516
5052 2 1843 2951
5053 2 1592 7523
5054 4 846 1765 1857 5209
5055 5 509 2168 1581 1006 6223
5056 5 8676 2652 8716 7702 9813
5057 3 5200 2546 1369
5058 1 6149
5059 5 2017 5852 9284 5518 1098
5060 3 173 8898 1104
5061 5 7690 827 721 3871 7902
5062 4 5108 8317 4035 9357
5063 4 4807 4981 7740 4451
5064 2 7689 3088
5065 3 845 7171 3169
5066 4 4317 4966 8547 388
5067 3 5180 2855 783
5068 1 5896
5069 5 7794 2762 9354 8338 6205
5070 2 8084 8964
5071 1 2275
5072 2 1962 1445
5073 5 2736 6549 8860 3890 6255
5074 2 3348 1037
5075 4 3479 9660 186 4251
5076 5 2294 313 1833 4030 3539
5077 3 4633 2790 9614
5078 4 2808 9664 1324 3144
5079 4 6155 1635 5718 1964
5080 4 888 122 3074 4468
5081 3 3286 448 7509
5082 3 2475 3763 3394
5083 1 6604
5084 5 2136 1149 7683 547 9242
5085 2 1123 7768
5086 1 7897
5087 4 9613 4357 5555 5881
5088 4 7378 3233 3725 8804
5089 5 652 5854 9369 9699 1768
5090 3 4364 8056 7721
5091 1 8751
5092 5 7126 9315 2639 2022 5742
5093 5 412 422 1064 8206 7786
5094 3 3439 3994 7830
5095 2 750 1714
5096 5 1237 9976 9983 7946 6521
5097 5 8244 7134 9763 6566 7304
5098 2 835 5752
5099 2 2422 4785
5100 3 639 5003 8960
5101 2 8270 6787
5102 1 9678
5103 4 548 6202 7143 1171
5104 4 8910 8089 3359 3002
5105 3 6701 5964 2961
5106 4 9866 3441 6125 5909
5107 3 8927 144 3907
5108 1 4974
5109 2 4478 2845
5110 4 2721 2620 1129 7814
5111 3 8552 9428 311
5112 1 5668
5113 5 2888 4786 5296 1812 6865
5114 1 8971
5115 1 7180
5116 2 6232 165
5117 3 325 2325 8538
5118 5 366 585 8419 2691 5963
5119 1 503
5120 4 8841 6108 2398 9111
5121 1 3037
5122 1 4689
5123 2 8928 4587
5124 5 7176 8279 5895 3809 9713
5125 5 8304 3639 3453 5695 2268
5126 4 801 5528 4507 2678
5127 2 8414 4048
5128 2 8448 8335
5129 5 1449 1204 9105 2669 1330
5130 4 1624 3207 2306 5485
5131 2 4513 9528
5132 5 6472 9332 8649 4287 9000
5133 4 9318 5280 4964 638
5134 1 183
5135 1 8332
5136 5 8661 3800 4423 1270 3239
5137 3 6387 7363 1658
5138 2 7474 3742
5139 5 1895 3826 2521 4430 9060
5140 2 4043 3556
5141 2 27 8822
5142 2 6421 5811
5143 2 2825 9158
5144 3 9286 2064 1248
5145 2 5350 2561
5146 3 5143 3788 9874
5147 1 2195
5148 5 3665 1388 4099 188 8550
5149 3 4579 2164 724
5150 2 696 1714
5151 3 7602 6178 5767
5152 3 9277 7087 7353
5153 1 6830
5154 2 3298 5769
5155 4 9184 8053 2409 4918
5156 4 1366 1409 8398 5290
5157 2 8801 8107
5158 4 9884 6759 3281 2431
5159 1 7043
5160 3 132 7647 233
5161 5 3173 3419 7767 8572 8144
5162 1 968
5163 2 5687 9590
5164 4 4497 7096 6977 265
5165 1 8753
5166 3 1413 6150 852
5167 5 4133 6201 4487 1710 753
5168 3 9376 2472 1849
5169 4 1535 690 2532 1903
5170 3 1689 9462 9341
5171 5 4279 4519 7724 3452 178
5172 1 2139
5173 5 2402 7739 508 9353 1753
5174 4 2728 8585 574 2867
5175 3 8926 7850 5245
5176 5 7220 7751 5414 2433 9948
5177 2 9595 8814
5178 1 7216
5179 1 8544
5180 5 3295 1460 9478 1917 7710
5181 4 7188 6710 2110 929
5182 3 5068 9114 8849
5183 4 9878 9757 687 6278
5184 1 6243
5185 1 2106
5186 1 9326
5187 5 8436 2874 9946 9045 1077
5188 5 8722 9863 8319 7266 9092
5189 1 5143
5190 4 1090 1743 1068 6744
5191 3 3747 8104 1105
5192 3 2709 1509 4944
5193 5 4011 5809 6729 8600 761
5194 1 9542
5195 3 4915 6850 5374
5196 5 1506 9293 6183 3707 8249
5197 3 9865 5261 1144
5198 2 3349 1815
5199 1 776
5200 3 1223 4584 3133
5201 4 8636 383 5839 6949
5202 1 9395
5203 5 5703 9804 3425 9264 571
5204 2 3182 5753
5205 5 5165 4278 5581 4879 4023
5206 3 9167 1548 1464
5207 3 1933 894 6893
5208 5 3318 4841 5290 8952 6364
5209 1 4903
5210 1 2265
5211 1 8870
5212 5 6358 7311 8648 2115 3146
5213 3 1825 9278 9168
5214 1 681
5215 3 1308 2164 7924
5216 3 239 8223 1316
5217 1 2489
5218 5 6110 4543 8959 7348 235
5219 2 6141 7785
5220 1 3181
5221 3 4672 5567 2569
5222 5 1487 2958 2551 3469 284
5223 5 2051 7041 8485 597 8287
5224 1 8899
5225 3 5853 9325 9024
5226 4 940 9840 4998 6561
5227 4 732 1978 705 3787
5228 4 9513 2003 4776 2733
5229 3 2590 1290 6173
5230 3 769 6200 8100
5231 1 8097
5232 2 5704 50
5233 1 8419
5234 4 6404 4983 5975 5400
5235 5 115 2220 4671 512 5171
5236 1 9388
5237 1 108
5238 1 4335
5239 2 8424 2270
5240 5 4682 9431 1967 2784 2196
5241 2 332 623
5242 3 305 6542 5211
5243 2 6749 8136
5244 1 4567
5245 4 3096 7613 2611 7212
5246 1 2069
5247 3 4866 8432 6758
5248 1 7380
5249 5 5204 1706 2613 4720 4875
5250 1 2143
5251 1 5443
5252 3 4332 6982 9508
5253 2 9033 5494
5254 2 8294 761
5255 2 239 1660
5256 5 3891 2446 4823 1325 2329
5257 3 6545 8362 6429
5258 4 7594 9473 4101 9182
5259 3 928 9736 2027
5260 5 5489 9699 7503 6772 9812
5261 2 5992 5273
5262 2 7171 7020
5263 1 488
5264 5 240 8217 8437 107 6918
5265 2 6722 1527
5266 3 3490 309 8484
5267 2 3295 3484
5268 2 6880 9394
5269 4 3388 5764 9094 1812
5270 4 378 536 1434 1587
5271 5 926 6074 573 4274 3048
5272 5 9518 5022 5494 1493 2707
5273 3 6619 5480 2215
5274 1 8272
5275 1 6116
5276 3 2364 1973 8250
5277 3 947 4210 3956
5278 5 7964 2027 2393 1146 2551
5279 2 7729 6317
5280 1 8605
5281 1 4684
5282 4 9225 6809 626 6444
5283 2 8372 2675
5284 1 4698
5285 1 5520
5286 2 8229 5989
5287 1 4675
5288 5 138 8707 3676 9480 5343
5289 4 549 6526 8550 8
5290 3 2652 9174 5031
5291 3 7383 4097 3155
5292 1 7194
5293 5 8244 767 3787 8238 6587
5294 2 5166 4277
5295 5 5086 841 4214 1289 9872
5296 2 3851 1334
5297 3 8272 2082 860
5298 2 9336 299
5299 2 2724 5415
5300 2 3080 2743
5301 2 4414 964
5302 5 1977 6777 3250 5992 3944
5303 1 4821
5304 2 3969 511
5305 5 4833 6929 3910 8149 4689
5306 4 5262 2865 3046 6234
5307 4 9414 2696 1986 1045
5308 4 240 5209 5212 1788
5309 1 2522
5310 1 6286
5311 4 1323 707 7697 7687
5312 2 7406 5137
5313 5 3071 4712 5312 1503 3356
5314 3 814 6422 3753
5315 4 1290 6379 9438 5762
5316 5 3715 5951 260 5460 3226
5317 5 9683 1110 9864 6895 8945
5318 1 8596
5319 4 6699 3954 5815 3896
5320 1 1694
5321 5 3335 8997 7979 6995 3436
5322 5 7835 7828 2101 9313 2404
5323 1 3733
5324 5 2211 5099 7640 2866 7779
5325 2 5852 2388
5326 3 861 7375 2542
5327 3 3885 5091 1760
5328 5 6964 8057 3489 3970 5831
5329 3 2616 531 5262
5330 2 9258 6899
5331 5 7041 3173 1602 2029 9270
5332 1 988
5333 5 683 7924 607 8393 3535
5334 3 665 2047 9642
5335 4 4422 7850 1115 4428
5336 2 9002 1955
5337 5 1879 3822 9216 1044 7788
5338 3 8892 7374 5912
5339 5 6295 6522 8378 2623 2242
5340 2 7025 7568
5341 1 6709
5342 1 4069
5343 1 3700
5344 2 4445 8086
5345 2 1736 3122
5346 2 3812 945
5347 1 101
5348 1 4328
5349 4 670 6801 1214 9110
5350 1 3764
5351 1 5525
5352 2 8650 4637
5353 2 3555 8937
5354 1 2568
5355 2 3376 5019
5356 2 8224 2610
5357 2 6425 333
5358 2 9513 2310
5359 5 7535 414 1954 2128 1464
5360 2 3372 3718
5361 5 4548 2990 1436 4065 1275
5362 2 4261 1683
5363 3 2398 5568 7315
5364 4 7148 5539 3677 208
5365 1 1154
5366 2 8694 9932
5367 1 3198
5368 5 494 4776 8409 9736 916
5369 4 2475 1808 1298 2174
5370 3 3026 6026 2590
5371 5 5558 7266 9843 1396 7487
5372 2 4950 2679
5373 1 4082
5374 1 2159
5375 2 1306 8032
5376 4 3850 4586 4032 7885
5377 4 2501 4294 3129 9136
5378 2 4154 1836
5379 1 7486
5380 3 88 4918 4185
5381 1 8541
5382 5 7423 3360 4329 8027 4852
5383 2 2468 8018
5384 2 6061 3468
5385 2 2367 5374
5386 3 3457 279 7475
5387 5 141 3815 5158 5137 6877
5388 5 6114 9540 3532 717 3675
5389 3 4977 1965 2427
5390 4 5389 2100 9999 4682
5391 4 5212 8020 9753 2512
5392 3 7116 5709 6173
5393 1 485
5394 4 3070 1610 5804 2106
5395 1 8537
5396 5 8165 2561 2197 2623 4162
5397 2 8473 9182
5398 5 8519 2314 8152 3129 7843
5399 4 109 2768 5300 6401
5400 1 9306
5401 5 880 6883 5048 6348 4646
5402 2 5057 3678
5403 2 8751 5124
5404 1 2809
5405 2 9391 2562
5406 1 8177
5407 4 5395 9759 4759 873
5408 3 9274 3280 8921
5409 3 2719 9204 3161
5410 1 950
5411 1 7381
5412 1 229
5413 4 572 4765 1569 6110
5414 5 1222 4514 8768 2882 2967
5415 1 412
5416 4 5862 2010 818 8018
5417 4 3477 2165 1436 753
5418 3 3103 9507 7405
5419 4 4627 6445 5934 6206
5420 5 3972 4533 214 435 2267
5421 1 5351
5422 1 8469
5423 4 6650 8871 6690 2715
5424 4 9090 2331 3567 663
5425 5 4192 2956 8107 4505 6544
5426 1 398
5427 1 7881
5428 1 3738
5429 5 9313 6239 4231 2950 4676
5430 4 1137 6526 1486 8341
5431 5 7450 2667 7848 7795 704
5432 3 2345 2184 2758
5433 4 2233 1577 1418 9512
5434 2 4128 6899
5435 4 3554 7296 504 2154
5436 2 8970 1328
5437 1 3180
5438 4 6569 8774 397 2224
5439 5 2100 6101 4737 5154 4272
5440 5 1856 9809 3247 2721 7352
5441 2 6850 257
5442 4 2981 3885 4119 1896
5443 1 1257
5444 5 6713 9687 7510 8192 144
5445 3 5909 2721 4467
5446 1 661
5447 5 8837 3698 7724 190 424
5448 4 4601 5964 1759 1361
5449 5 6578 3288 7972 4261 248
5450 2 6833 5188
5451 1 3900
5452 1 8112
5453 5 8791 3346 4435 3337 6140
5454 2 9142 7922
5455 5 1494 5529 1912 23 3830
5456 1 2609
5457 5 4567 384 6010 7407 7174
5458 1 1150
5459 5 8591 8484 7 6665 4448
5460 5 9908 8769 318 2935 5755
5461 1 8807
5462 1 4369
5463 2 3768 5742
5464 4 789 1440 8922 9016
5465 2 8100 8211
5466 2 3942 9572
5467 1 5136
5468 4 654 8881 7153 5306
5469 1 9293
5470 4 4152 6406 5963 1746
5471 5 2203 2486 6929 2184 5807
5472 4 3046 5947 6932 4898
5473 2 5271 6896
5474 2 257 2327
5475 5 7251 3463 9280 4727 1155
5476 2 7047 50
5477 2 1154 627
5478 1 1269
5479 4 2325 3702 6231 3641
5480 1 1267
5481 4 1257 6720 8665 3955
5482 4 6495 3188 7817 1728
5483 4 5973 5514 9259 7035
5484 4 1585 3569 1574 984
5485 3 7399 6123 4167
5486 3 474 947 3410
5487 5 2722 2562 6635 9844 2138
5488 5 8681 934 1262 9368 7574
5489 3 3014 3172 4024
5490 4 291 3337 4786 6884
5491 1 2737
5492 3 57 3211 183
5493 5 461 171 5486 1717 382
5494 3 5684 5697 684
5495 4 807 5467 1955 2672
5496 2 6256 1818
5497 2 832 3367
5498 1 4504
5499 1 9414
5500 1 1480
5501 4 7893 9486 2213 127
5502 1 7372
5503 3 3774 2697 4854
5504 4 6340 6140 6950 772
5505 2 2263 2098
5506 3 7098 2728 3435
5507 5 9046 6297 2086 1713 2780
5508 3 5834 6297 9465
5509 1 1000
5510 5 1051 4251 913 3392 9499
5511 2 7701 8704
5512 4 180 808 2749 6492
5513 2 490 2108
5514 3 8856 6631 8071
5515 3 4328 7580 1911
5516 4 2400 427 9221 7366
5517 2 977 3021
5518 4 7853 6358 4484 8814
5519 1 9604
5520 2 9184 5634
5521 5 1380 1894 13 9685 8709
5522 5 6566 8278 9435 8206 5419
5523 2 4193 5449
5524 5 82 257 9342 2151 2607
5525 4 465 3122 4945 5107
5526 5 7412 4667 1999 8268 8684
5527 2 9953 6367
5528 1 6281
5529 5 5296 3388 6751 608 8080
5530 5 1580 600 6394 670 725
5531 3 8345 6042 6971
5532 1 5707
5533 5 9419 2454 7460 6440 9346
5534 5 373 43 1828 5547 5167
5535 4 3071 7992 9619 9681
5536 4 1211 5291 3005 2998
5537 5 3870 2367 2557 7808 8096
5538 5 7501 5298 6504 8341 8491
5539 3 3735 132 6912
5540 3 2230 4327 2554
5541 3 6638 4546 2431
5542 5 3181 1405 8595 6359 1624
5543 1 2299
5544 3 2108 6977 50
5545 2 5402 144
5546 5 8587 1747 4676 5147 8887
5547 1 5088
5548 5 5805 2804 681 6416 1240
5549 4 2674 6320 7509 7065
5550 1 2396
5551 1 5790
5552 4 1508 6265 5885 2828
5553 4 5476 7839 5284 9154
5554 5 6401 8213 8337 5780 7812
5555 4 917 2691 5449 3847
5556 5 5083 7131 4484 124 6379
5557 4 2537 9425 764 661
5558 4 3929 9602 3288 6616
5559 1 7153
5560 1 9999
5561 2 7602 5980
5562 4 1286 550 1359 4665
5563 1 7434
5564 2 6939 1520
5565 3 1320 5873 1577
5566 3 7920 8026 1737
5567 3 1573 4721 4594
5568 1 8485
5569 4 6894 8943 7068 2023
5570 2 8831 6539
5571 1 418
5572 1 1079
5573 2 4009 361
5574 3 363 4120 6177
5575 4 1951 8000 6640 2540
5576 4 2891 112 8023 1488
5577 3 74 652 6803
5578 5 6327 2579 6614 533 3891
5579 4 4908 9197 8899 8549
5580 4 6710 6440 9357 2897
5581 5 6085 6617 4280 4601 2990
5582 4 826 720 6929 3666
5583 1 1024
5584 2 7814 7986
5585 5 7504 7894 4402 2386 1285
5586 4 4281 4286 5711 5039
5587 3 5436 3585 3162
5588 2 885 2942
5589 4 6402 4475 1550 285
5590 4 6256 2610 4622 2723
5591 3 452 3002 8370
5592 2 3 6924
5593 3 5021 6926 6033
5594 1 6622
5595 2 5984 5834
5596 3 8809 5655 715
5597 1 2020
5598 2 1079 304
5599 5 7090 805 7571 4970 1172
5600 1 8716
5601 2 8097 1579
5602 2 4071 3277
5603 1 2829
5604 3 3474 6238 3110
5605 2 9277 2950
5606 3 9307 6217 7712
5607 2 9617 2865
5608 4 5422 7335 848 2697
5609 4 7314 3291 7222 3664
5610 4 2753 5766 3464 9285
5611 2 5628 2555
5612 5 3550 4357 4924 5272 4207
5613 2 1083 6908
5614 2 1706 6145
5615 3 8962 1375 9982
5616 2 2526 9405
5617 2 9505 2347
5618 5 904 5154 2709 2985 7080
5619 5 866 4353 3295 3744 3887
5620 3 9208 114 9759
5621 1 8368
5622 3 5649 5633 1719
5623 3 786 290 4792
5624 5 1940 5207 3660 9664 7709
5625 1 4699
5626 1 1474
5627 1 4325
5628 3 3957 8124 4801
5629 3 5420 8884 1844
5630 3 1845 8412 6740
5631 3 4311 8029 7613
5632 1 8426
5633 4 5780 4415 6682 2753
5634 3 4167 1832 3197
5635 5 3890 8642 6763 1303 7561
5636 5 5637 6409 4389 5166 588
5637 1 4457
5638 5 6665 6448 1333 3395 7494
5639 3 953 7201 1629
5640 5 39 7657 7521 1379 5949
5641 1 9933
5642 2 7985 1579
5643 1 5622
5644 1 3637
5645 2 2574 6717
5646 5 7759 1512 1526 4975 5654
5647 3 618 6077 996
5648 3 3737 3824 4343
5649 2 1466 6312
5650 1 9038
5651 3 5114 2961 221
5652 1 6504
5653 3 857 6691 6418
5654 3 5641 6276 7310
5655 2 2288 5278
5656 2 714 8784
5657 5 3309 2799 1606 3247 1934
5658 5 4834 8559 175 4808 821
5659 5 7665 1376 2336 2404 4638
5660 1 4858
5661 3 9603 1988 306
5662 4 9228 7478 8902 7594
5663 4 863 9204 7348 4892
5664 3 4079 2946 403
5665 1 693
5666 3 1782 2445 7454
5667 5 4065 2420 5735 3145 6055
5668 4 4207 3779 2223 9142
5669 3 1533 1167 746
5670 4 3074 7511 9868 1008
5671 1 2865
5672 4 6818 1786 3959 830
5673 4 2849 8054 3082 8402
5674 3 2482 8084 3705
5675 5 5835 495 8689 1389 8542
5676 1 6046
5677 5 5630 922 5377 2877 1364
5678 3 1739 6512 884
5679 4 5893 8049 2563 2495
5680 4 6814 5382 6358 7401
5681 2 9709 4040
5682 1 208
5683 5 5739 7896 5353 8680 5074
5684 3 5904 1201 444
5685 3 6420 8190 8991
5686 1 8159
5687 3 8766 8882 9964
5688 5 3363 56 5517 9007 7513
5689 2 8568 537
5690 2 593 8626
5691 4 5047 1852 8255 7990
5692 3 6993 9368 2545
5693 2 8678 6910
5694 5 1652 4065 9630 6102 4355
5695 2 5094 1088
5696 5 6035 327 7480 7387 4335
5697 1 1151
5698 4 7847 3897 1810 4333
5699 4 9862 5983 5063 983
5700 5 3797 9754 1007 3044 1339
5701 1 6348
5702 1 3332
5703 5 8436 2021 34 2736 3191
5704 3 4361 6884 6190
5705 5 4661 7373 3577 3356 4223
5706 1 1001
5707 4 1867 887 3963 1979
5708 1 4118
5709 5 77 6654 8654 4471 3535
5710 4 7643 6603 4817 4843
5711 2 348 6314
5712 2 5276 2864
5713 2 6645 449
5714 2 676 5613
5715 5 8227 1065 1779 2772 6468
5716 2 650 6980
5717 3 4290 2925 8068
5718 3 8848 2804 7423
5719 2 4115 115
5720 5 8684 7268 9060 6363 4541
5721 2 1303 8722
5722 4 4168 8166 6598 8106
5723 5 3246 2488 1388 8360 2155
5724 2 354 7451
5725 1 9241
5726 1 6978
5727 1 9447
5728 1 6035
5729 2 4427 2797
5730 5 558 7850 2909 7283 833
5731 5 917 5089 1842 32 9878
5732 1 9028
5733 1 1193
5734 5 8144 2347 6454 5119 5301
5735 4 9846 1500 3501 9069
5736 2 3256 6786
5737 2 6873 2415
5738 1 4735
5739 5 740 525 1799 982 9335
5740 4 8876 7054 9017 3278
5741 3 4549 4367 2082
5742 2 601 6646
5743 4 4548 127 5095 6915
5744 3 9758 3947 2024
5745 4 214 5296 4195 4851
5746 1 1308
5747 1 3419
5748 3 1905 8336 6032
5749 3 5426 9842 2391
5750 5 533 7975 4158 3555 9641
5751 2 1946 401
5752 2 6511 960
5753 4 2835 2638 8648 4477
5754 3 7118 4399 6701
5755 2 6009 2796
5756 3 7976 402 4469
5757 2 9108 2267
5758 2 6180 1169
5759 5 964 3116 9968 7900 2095
5760 5 1102 5225 9165 6916 137
5761 3 1830 1973 7970
5762 5 6873 9592 6211 857 7761
5763 3 2899 4855 5524
5764 3 792 5486 781
5765 3 7308 6528 4333
5766 1 51
5767 4 1053 572 8683 9306
5768 5 401 2629 3879 5750 1832
5769 3 9517 4139 8654
5770 3 7819 4289 6064
5771 5 5446 595 5185 533 4133
5772 5 8795 1853 8227 8929 2025
5773 4 448 8555 3317 136
5774 5 3318 5390 9806 3770 1008
5775 2 783 1345
5776 2 759 9241
5777 3 5878 1252 2839
5778 3 3916 7201 5572
5779 1 1547
5780 3 7885 5498 9480
5781 5 458 8762 785 5142 7950
5782 3 7730 7060 492
5783 1 8492
5784 1 5389
5785 4 1891 1514 7423 2401
5786 4 9012 8992 2146 5318
5787 1 8012
5788 2 8287 2362
5789 1 6141
5790 4 7842 5215 7626 1447
5791 1 948
5792 3 2932 394 1768
5793 2 2 6250
5794 4 4746 4730 800 1261
5795 4 2156 5592 6270 6784
5796 4 2753 9910 2253 7506
5797 2 4392 1269
5798 2 605 5823
5799 4 9621 8671 5363 9453
5800 5 3578 1738 2672 3786 3524
5801 2 239 904
5802 3 4170 7053 8845
5803 3 8760 2921 8620
5804 2 2649 1329
5805 4 4927 9764 4233 6624
5806 2 9827 9977
5807 3 5880 370 6965
5808 3 6299 3993 1441
5809 1 2208
5810 1 5828
5811 2 8789 2287
5812 2 1826 4106
5813 4 5331 4345 8676 5870
5814 1 2320
5815 3 5342 5538 3219
5816 4 259 8120 1353 408
5817 3 5364 9926 6980
5818 5 1793 3857 7685 6879 370
5819 5 932 8308 8222 5139 1369
5820 2 9336 8567
5821 1 7469
5822 5 4045 924 8478 5158 2962
5823 2 1174 1661
5824 4 6424 7155 8545 7403
5825 4 5296 5625 8256 9388
5826 2 496 4459
5827 2 3184 584
5828 3 6412 1378 9103
5829 4 6202 6365 3458 503
5830 5 2861 4687 339 4908 3189
5831 5 7229 3216 484 2644 2158
5832 2 4952 2831
5833 5 2941 8871 1686 9766 5634
5834 2 5972 1162
5835 1 94
5836 3 9606 5036 8039
5837 4 6952 1168 2355 7957
5838 1 8416
5839 2 7687 299
5840 4 6437 8182 5733 5284
5841 2 4701 5803
5842 3 2583 2732 5151
5843 1 1199
5844 3 6959 4046 6831
5845 5 1207 1875 690 8320 4022
5846 2 5463 414
5847 4 9212 4261 8555 9346
5848 1 160
5849 1 1434
5850 1 2857
5851 1 9591
5852 5 634 7435 3567 5835 1361
5853 2 7568 156
5854 1 3442
5855 4 6375 1847 4271 2635
5856 2 8098 8052
5857 5 2694 8599 7749 2424 5782
5858 5 5156 6468 7950 7858 1151
5859 2 2379 407
5860 3 3566 9687 7196
5861 1 2038
5862 3 1630 7747 2853
5863 3 4525 8763 7390
5864 5 5276 1870 4904 1303 2900
5865 1 7879
5866 2 7454 7584
5867 3 2788 2176 8483
5868 4 1075 1158 6178 6532
5869 4 4773 624 6935 7468
5870 5 2350 209 2357 2765 2329
5871 3 8510 492 1717
5872 1 3447
5873 1 6857
5874 4 7556 7281 5131 3686
5875 5 3132 4910 265 8862 1249
5876 3 6682 2329 1191
5877 2 2509 2910
5878 4 219 8391 6831 7167
5879 3 4269 5436 810
5880 5 8109 3502 3217 7811 460
5881 1 158
5882 3 8911 8875 6301
5883 2 2238 8241
5884 1 89
5885 3 8175 4568 1270
5886 1 7211
5887 3 7634 2285 486
5888 3 704 1674 856
5889 3 1607 1060 5652
5890 2 9171 3746
5891 3 2731 4620 9549
5892 2 1052 1227
5893 4 7911 7605 906 5090
5894 3 6816 8891 7220
5895 4 1508 1420 6845 1122
5896 3 9529 7477 4105
5897 1 2370
5898 4 1744 2940 9311 33
5899 3 7984 210 6968
5900 4 5008 3756 8350 6151
5901 3 498 8708 1225
5902 4 5985 166 7194 6885
5903 3 4317 1883 9501
5904 2 2358 5177
5905 3 2298 1363 667
5906 5 5233 7136 5886 4615 6518
5907 1 3151
5908 4 1732 2777 824 9427
5909 1 5766
5910 5 8552 9937 4172 5307 362
5911 4 8087 6345 6901 7692
5912 5 878 3942 5030 2571 45
5913 1 6400
5914 3 971 3189 8960
5915 2 914 8922
5916 1 2182
5917 3 6250 7884 1871
5918 5 1447 6753 7262 7144 364
5919 4 1602 9587 1142 9846
5920 5 8673 3765 6447 286 9006
5921 4 6437 5422 8169 1684
5922 1 536
5923 3 2015 4443 7518
5924 3 9212 5742 9302
5925 1 30
5926 2 4980 2569
5927 5 8825 1141 8194 8969 2652
5928 4 5610 2179 4043 6820
5929 4 4061 1431 6621 2671
5930 5 1992 2631 2834 7818 5546
5931 3 3623 2992 5272
5932 2 2945 3028
5933 4 6550 2101 230 599
5934 2 1950 7078
5935 5 9799 9392 7032 324 6246
5936 1 9738
5937 2 2508 2020
5938 1 8278
5939 3 4864 1842 6527
5940 5 5967 6911 1170 2675 6562
5941 4 364 412 5845 7374
5942 1 1416
5943 1 4260
5944 5 4254 7309 4651 6642 9306
5945 4 4530 7602 4211 4417
5946 3 7625 2861 1670
5947 4 5972 1504 5778 464
5948 2 9032 2525
5949 5 6482 4222 1793 5602 9392
5950 5 9245 4795 5825 9420 4535
5951 1 2124
5952 4 1942 8879 60 3146
5953 2 2775 315
5954 1 2333
5955 1 465
5956 3 1638 7788 9735
5957 5 9276 4821 2641 2084 289
5958 3 3132 2399 9871
5959 1 2260
5960 3 8599 9021 6442
5961 4 2121 7015 7267 1641
5962 4 1665 6100 7287 6365
5963 1 748
5964 4 20 427 51 4215
5965 3 4137 1954 7318
5966 3 7520 4947 2440
5967 1 5399
5968 1 2040
5969 5 3323 5348 1642 5642 8658
5970 2 6777 568
5971 4 9114 4400 317 9802
5972 2 9644 2516
5973 4 958 449 3649 1781
5974 4 2461 1901 6682 3707
5975 5 4707 9147 7516 920 2953
5976 1 7906
5977 5 2787 2857 9161 3776 1428
5978 5 5735 2645 3943 9167 4162
5979 3 3070 9951 946
5980 1 136
5981 2 968 2031
5982 2 7872 1599
5983 2 9491 3609
5984 2 5054 6667
5985 1 8189
5986 5 874 1379 552 8151 5456
5987 5 1186 7312 1265 4720 6187
5988 3 3513 5893 7974
5989 5 5138 7476 1532 8694 295
5990 5 8580 42 8953 8185 5249
5991 3 8530 7279 1885
5992 3 424 9785 101
5993 5 3269 9935 4004 2056 7812
5994 1 724
5995 3 8030 5262 4386
5996 3 9078 6647 818
5997 1 3122
5998 5 6228 6999 3836 3298 7413
5999 4 1671 9864 9688 5055
6000 5 4659 6246 1174 600 6236
6001 5 597 2312 7836 7621 927
6002 3 5569 303 9360
6003 3 9154 3810 8783
6004 1 7231
6005 2 5597 9155
6006 2 340 9987
6007 1 4575
6008 2 1756 1817
6009 2 1589 3086
6010 5 3937 9226 2255 7765 5526
6011 2 9365 8854
6012 1 852
6013 2 8080 9500
6014 5 9153 1979 6120 5938 8805
6015 3 1952 4806 2225
6016 3 7806 2500 4708
6017 3 801 5658 6134
6018 4 3303 6959 9182 3138
6019 4 5739 9893 9129 6088
6020 1 4634
6021 1 445
6022 2 1576 2730
6023 5 1105 7957 8240 1462 8516
6024 1 9161
6025 3 5461 8511 2901
6026 3 443 8069 6019
6027 4 1641 6362 4441 860
6028 5 9431 8645 5595 8903 1230
6029 1 8542
6030 3 4795 5684 6943
6031 4 1687 8486 677 6100
6032 3 6182 1982 8433
6033 1 4669
6034 1 9330
6035 1 5030
6036 3 67 1611 880
6037 4 4943 6883 4420 1864
6038 5 2448 4311 1367 5084 5074
6039 2 7965 6357
6040 3 1056 7910 1889
6041 1 5848
6042 2 3139 8014
6043 2 5841 5398
6044 1 9041
6045 2 9570 8345
6046 4 1303 6251 4833 1356
6047 1 715
6048 3 5541 1983 3490
6049 3 3964 9288 3883
6050 1 184
6051 1 1600
6052 5 3704 6328 7376 8770 9626
6053 3 1424 5557 1740
6054 2 800 2812
6055 4 3685 3247 7849 6710
6056 2 2002 3395
6057 1 15
6058 1 891
6059 2 7592 6642
6060 5 532 5420 3419 3465 8718
6061 2 2258 7721
6062 2 5018 8807
6063 1 238
6064 1 7716
6065 5 1818 8329 2579 6947 2858
6066 2 385 9443
6067 3 3342 2866 3966
6068 5 4196 8869 3160 6573 1906
6069 1 1140
6070 3 6700 1136 5324
6071 5 2608 6947 4213 161 935
6072 3 1330 1589 8826
6073 5 2360 4527 7704 5872 4450
6074 2 3637 7099
6075 1 8800
6076 2 2569 4183
6077 3 3289 754 6412
6078 5 1064 4514 3169 7276 2002
6079 4 4797 6091 4465 9935
6080 5 2952 8097 1176 3534 4335
6081 3 87 5576 8935
6082 2 2550 7961
6083 3 3554 1368 7031
6084 4 3001 4511 6106 5058
6085 3 5137 5682 5046
6086 1 59
6087 2 2197 9260
6088 5 4860 1372 1782 5609 6366
6089 4 2983 5199 1741 8850
6090 3 4555 3408 6710
6091 3 3897 8464 5861
6092 1 9623
6093 2 5424 9996
6094 1 4581
6095 2 8984 2935
6096 2 2231 8415
6097 2 9136 9977
6098 2 5482 8737
6099 2 1918 1151
6100 4 4024 9031 9841 8611
6101 3 5634 2101 5306
6102 1 1351
6103 5 8921 4138 2116 5651 2724
6104 3 3292 4073 2550
6105 2 2434 703
6106 4 1703 3287 2082 2205
6107 2 8416 9504
6108 1 2290
6109 3 7600 6954 6396
6110 2 1235 2749
6111 1 3668
6112 3 3466 8123 6362
6113 2 261 6538
6114 2 4743 6894
6115 4 926 1793 1057 9917
6116 2 857 316
6117 4 6917 1289 8582 4677
6118 5 8416 6574 1988 5092 9867
6119 3 224 1675 3203
6120 5 1114 1415 8103 5714 2126
6121 2 379 886
6122 2 6443 7505
6123 1 7796
6124 2 6952 293
6125 3 2036 1922 7175
6126 1 5357
6127 2 2053 240
6128 2 4341 1599
6129 3 8388 1256 8517
6130 3 5058 3723 4898
6131 2 3007 8877
6132 2 4908 6177
6133 5 3685 8948 8623 7973 9647
6134 5 3030 1827 6640 7310 3593
6135 5 7193 5176 201 7082 4781
6136 2 614 4065
6137 4 4032 5252 1531 4765
6138 5 1297 6755 2103 2029 6422
6139 1 9043
6140 2 5293 155
6141 1 8637
6142 2 1973 8423
6143 3 2428 4329 9472
6144 5 8574 1057 4884 6087 649
6145 2 6777 2568
6146 3 1920 9563 2964
6147 3 8535 9824 8022
6148 3 1080 990 6863
6149 5 2191 4491 3547 97 2175
6150 2 9185 9983
6151 5 1124 7243 2848 2546 1261
6152 4 118 1804 3240 94
6153 3 8594 9140 7283
6154 1 129
6155 2 9710 8356
6156 5 8062 2826 5345 4171 4476
6157 2 3418 25
6158 3 7539 2634 910
6159 4 6327 1990 1142 1630
6160 1 6133
6161 2 5525 5946
6162 4 5799 6176 6522 5071
6163 3 697 4574 2443
6164 1 8859
6165 2 2951 4182
6166 5 2084 4342 6428 8935 3952
6167 4 9950 943 1534 4073
6168 3 8241 2224 6829
6169 3 1544 7347 1438
6170 3 8951 6799 1839
6171 5 6874 5215 4612 655 7581
6172 1 1979
6173 5 3324 4624 3629 5599 8171
6174 5 7686 3335 8583 2489 112
6175 5 4476 1336 4135 2357 1193
6176 5 8329 2591 8577 5739 6044
6177 5 7587 6583 8196 9268 1260
6178 5 2101 9307 3675 1765 1142
6179 1 7126
6180 5 3495 2610 75 9472 5764
6181 5 1017 9244 5466 1674 2512
6182 4 810 1697 6230 9702
6183 4 7051 1852 5982 1173
6184 4 2528 2028 6780 4164
6185 2 1612 9690
6186 3 7007 2871 1216
6187 5 2659 5115 8557 3004 2447
6188 5 4799 89 8293 8978 3162
6189 5 1454 6552 8695 1639 6205
6190 5 6159 9391 1314 3298 7737
6191 5 7152 5692 1184 2810 160
6192 5 7880 6876 5559 4401 3426
6193 4 2342 6524 7134 797
6194 4 2307 6000 9435 1090
6195 1 8439
6196 5 2558 301 410 9367 1448
6197 2 4947 7020
6198 4 5119 3248 2702 6224
6199 5 3240 2363 2751 2971 8252
6200 2 5414 5270
6201 4 4987 6026 265 117
6202 4 344 8511 9905 9686
6203 5 8196 4125 9524 8524 8058
6204 1 9099
6205 4 3355 2612 1210 3207
6206 1 9143
6207 1 9123
6208 2 7250 800
6209 4 1566 9319 2477 4105
6210 3 945 9734 26
6211 3 6303 1658 9280
6212 4 1072 1840 9268 9899
6213 3 8289 1934 1754
6214 3 4119 1949 8905
6215 3 9092 6011 8443
6216 1 1398
6217 3 9707 1523 8314
6218 2 7592 8555
6219 3 8238 4786 1865
6220 2 5090 7146
6221 4 7139 474 1509 4579
6222 3 3441 2322 6114
6223 3 7818 204 3573
6224 5 2272 1153 9972 8039 972
6225 3 3127 3402 7594
6226 5 5964 8866 8686 5326 9079
6227 1 387
6228 3 5529 1251 4532
6229 3 4100 6836 719
6230 3 7981 5602 2854
6231 4 2611 1923 440 7531
6232 4 2362 9888 690 7022
6233 2 1660 9965
6234 4 2235 673 7697 8688
6235 5 3164 4703 382 3322 6668
6236 1 1722
6237 5 8158 6543 7067 6768 6393
6238 3 2145 4633 6732
6239 3 6248 1015 6325
6240 4 6045 1109 5636 665
6241 2 5024 798
6242 4 7996 9998 8934 9366
6243 5 8576 4937 2007 9101 3444
6244 2 1508 8835
6245 2 7836 2055
6246 4 2727 4885 8153 6933
6247 3 7523 1148 5135
6248 3 505 10 8613
6249 5 2335 410 5332 3957 8583
6250 1 6178
6251 5 226 8965 3383 2999 2708
6252 3 8926 196 7717
6253 1 1147
6254 4 9545 6398 4351 2144
6255 3 9161 1946 9516
6256 5 8362 3888 1711 4779 8833
6257 5 1152 6057 9073 3377 2245
6258 3 7506 8269 2513
6259 4 2533 4851 2155 1101
6260 2 6551 9761
6261 5 3543 1805 7244 6251 394
6262 2 4229 7407
6263 5 5338 8617 1530 2479 375
6264 3 674 3479 1448
6265 3 5117 6169 5722
6266 1 386
6267 4 4299 1290 4189 8723
6268 5 9435 6903 5771 8936 226
6269 2 296 2780
6270 5 9183 4657 3818 9887 1588
6271 3 9858 7047 2044
6272 1 7888
6273 3 6190 1153 5956
6274 2 3684 6332
6275 3 4345 475 1506
6276 1 7663
6277 1 1620
6278 4 1531 5095 4123 5540
6279 2 6877 1690
6280 2 3385 1249
6281 5 7080 7267 5150 1274 7601
6282 5 4460 5697 5747 1963 9800
6283 2 2178 8609
6284 4 4107 8586 5748 5844
6285 2 8275 446
6286 4 331 5189 3268 2017
6287 5 7870 3056 9641 4289 2722
6288 4 8031 1975 2898 1052
6289 2 1778 7360
6290 2 2102 1435
6291 5 9145 8470 8936 277 1923
6292 5 5616 9571 1267 6695 1648
6293 1 1866
6294 3 7725 6658 3387
6295 3 9274 8487 242
6296 1 6364
6297 5 8053 7759 7340 6851 2426
6298 4 1677 2404 7097 6865
6299 3 1519 4115 2562
6300 2 7024 4371
6301 1 9537
6302 3 2835 6827 999
6303 3 9411 2666 2002
6304 3 6086 4307 8129
6305 4 1133 9685 7367 1299
6306 5 4192 7217 2720 4153 140
6307 2 9169 4412
6308 5 684 1778 677 76 1431
6309 2 4360 2865
6310 5 9125 9470 5252 6720 7861
6311 3 3253 8845 6713
6312 2 2599 7275
6313 1 821
6314 4 7663 1199 8082 7022
6315 3 3874 4598 6864
6316 1 688
6317 3 596 1802 2762
6318 3 1854 756 2165
6319 5 3544 878 4461 1165 7543
6320 3 268 9143 6718
6321 2 2972 5194
6322 2 7743 3545
6323 1 7999
6324 1 7307
6325 2 6505 5590
6326 4 3135 5108 2786 499
6327 5 3096 5000 3507 6099 831
6328 1 1009
6329 2 4689 7966
6330 1 6394
6331 2 9756 9476
6332 4 747 2840 8406 6509
6333 4 6201 3859 6415 4942
6334 1 1154
6335 3 4774 9095 3749
6336 3 6184 5145 2199
6337 3 1538 4197 8792
6338 3 9723 9586 3749
6339 4 9308 682 3963 8505
6340 4 5155 764 2031 9870
6341 5 2787 3486 9895 2720 9621
6342 1 3585
6343 1 1434
6344 2 6087 5104
6345 2 9656 151
6346 5 5659 5215 1358 3822 9690
6347 3 1299 961 1399
6348 2 3010 7544
6349 5 937 9740 2527 531 6862
6350 2 2563 2230
6351 2 3902 838
6352 1 1266
6353 2 6677 7636
6354 3 9528 7784 3249
6355 5 288 5081 7199 2456 5998
6356 4 2240 5990 7952 7983
6357 1 2020
6358 2 530 5626
6359 5 2918 8074 1803 8785 8147
6360 4 6439 6578 2734 1248
6361 3 4607 7052 9031
6362 4 6371 8122 2893 8653
6363 5 2247 681 7967 2519 8577
6364 5 7632 1846 6253 16 9329
6365 3 2507 1340 5804
6366 1 1577
6367 5 9487 3718 6566 5320 9643
6368 4 1242 2150 7368 6641
6369 5 6368 6604 7166 1717 6667
6370 3 8432 7644 8370
6371 1 297
6372 1 3521
6373 3 5397 4421 9570
6374 1 2343
6375 2 5782 8426
6376 3 5853 3287 5177
6377 1 3452
6378 4 3993 877 695 8043
6379 3 5135 1680 2325
6380 1 8568
6381 3 4335 5717 5029
6382 3 2317 6541 7514
6383 2 6788 7381
6384 5 5016 3008 7294 3768 9946
6385 2 8541 5762
6386 3 8655 4302 6669
6387 4 4502 4331 6926 5008
6388 2 6766 4695
6389 3 4845 9812 8081
6390 2 1947 5986
6391 2 5172 442
6392 4 9687 2466 9310 6691
6393 2 9109 229
6394 1 8465
6395 4 7594 3982 7467 5636
6396 1 5180
6397 5 4636 5683 6691 2742 4280
6398 4 9876 8197 3508 6692
6399 1 1464
6400 4 7563 4384 3442 9516
6401 1 9939
6402 2 2822 5285
6403 1 3612
6404 4 2275 3586 1950 5567
6405 5 9133 8246 3566 5352 2566
6406 4 7515 2318 1856 1273
6407 1 9568
6408 1 657
6409 5 3073 2568 5040 1120 121
6410 1 2372
6411 2 1930 7584
6412 1 8194
6413 5 849 191 4194 6117 7478
6414 5 5933 1397 2015 5713 6320
6415 1 6334
6416 4 8202 9559 2656 7067
6417 3 7010 2317 9080
6418 1 8342
6419 1 5955
6420 4 1854 2974 4311 6059
6421 3 8372 261 4869
6422 5 3376 1256 3170 2179 6453
6423 5 5983 2087 4070 6626 576
6424 1 6371
6425 2 1731 1767
6426 3 1778 1954 295
6427 2 415 1533
6428 2 6667 2760
6429 1 3833
6430 3 3320 2927 8386
6431 4 1463 5075 2026 2784
6432 2 2704 6630
6433 1 7880
6434 5 2645 3287 8003 4280 2088
6435 4 4359 2481 1062 5007
6436 1 9798
6437 5 2766 7748 5310 3758 8197
6438 5 2922 8179 3046 771 1513
6439 1 7241
6440 2 203 3527
6441 4 7277 5561 1228 1105
6442 3 7154 3373 2791
6443 2 8457 9993
6444 1 4535
6445 2 6491 4480
6446 5 4649 2009 6978 3670 3085
6447 4 7410 2295 5180 979
6448 2 7566 7577
6449 3 2959 667 7259
6450 3 4092 1569 5112
6451 1 446
6452 4 6225 9641 8790 7492
6453 2 7557 729
6454 3 2686 7956 6211
6455 3 3632 6582 511
6456 1 7141
6457 2 132 9576
6458 2 5166 8594
6459 1 7005
6460 5 302 5706 1058 9425 5609
6461 5 3267 4062 1448 9612 390
6462 3 9536 9811 1862
6463 1 2544
6464 4 1227 5399 9780 3312
6465 2 5278 614
6466 4 8697 2789 9191 3216
6467 2 7059 3279
6468 5 5417 2289 802 8192 7126
6469 3 9060 3480 9575
6470 1 6333
6471 1 7450
6472 1 1952
6473 4 4519 9656 4521 8982
6474 4 3721 9477 9026 5021
6475 1 3351
6476 5 5502 453 360 503 5059
6477 5 414 3840 8178 2662 2465
6478 1 5671
6479 4 1194 7635 3088 6236
6480 5 9059 8602 2257 1447 6450
6481 5 1101 5306 5489 7442 95
6482 4 9622 3229 3763 7137
6483 4 537 2181 712 3499
6484 5 6937 2455 6969 4780 7226
6485 5 6801 2482 1986 8571 1683
6486 4 8458 4678 7085 8041
6487 2 7709 9544
6488 2 7843 3175
6489 3 2491 5667 5761
6490 5 4387 8025 8134 8808 3061
6491 2 1920 1935
6492 5 1970 734 1940 2167 7774
6493 3 2417 9001 4170
6494 1 2797
6495 4 5471 1781 7487 1571
6496 2 8614 9293
6497 2 814 3873
6498 2 8362 8
6499 4 9183 109 9814 6466
6500 3 4233 7848 7061
6501 2 7046 922
6502 3 308 1588 7659
6503 4 6045 9553 1774 6411
6504 1 9583
6505 3 1632 1957 6869
6506 5 136 8882 660 1723 4383
6507 1 9709
6508 2 5493 7020
6509 5 99 7516 806 6553 1948
6510 3 9636 3671 9539
6511 1 9826
6512 4 4565 1510 1913 7997
6513 2 637 6326
6514 5 9092 9775 860 1467 3578
6515 5 7660 7470 5798 9426 6820
6516 3 4620 9209 917
6517 1 5645
6518 4 3306 6427 5546 9286
6519 3 5294 8109 783
6520 2 1621 5572
6521 1 9750
6522 3 6271 733 9823
6523 4 9405 91 1154 761
6524 1 2481
6525 2 4651 1355
6526 1 1465
6527 5 8309 4406 6685 4711 9306
6528 2 5856 6780
6529 1 3421
6530 3 1710 409 1294
6531 4 3068 5861 283 452
6532 3 9851 6424 498
6533 2 2394 1593
6534 5 1389 9208 7511 5305 1604
6535 1 1602
6536 2 9826 4026
6537 3 665 191 5423
6538 5 5756 5970 3584 2963 5273
6539 1 1726
6540 1 9890
6541 3 6222 873 8901
6542 1 359
6543 2 1134 4237
6544 3 8775 7534 2547
6545 4 4683 3147 2294 6337
6546 4 1128 511 1401 1754
6547 1 4088
6548 2 9577 8634
6549 5 4770 9990 9441 1901 9404
6550 4 114 8094 3488 1302
6551 1 9187
6552 3 2286 2095 3741
6553 1 8790
6554 2 154 6920
6555 3 1269 5556 5317
6556 5 7943 2200 9347 5515 8044
6557 4 1865 8738 7338 8600
6558 3 425 3969 4717
6559 4 1962 5235 9751 7361
6560 5 3476 2682 2184 1166 7758
6561 5 9879 2027 1192 5974 5113
6562 1 3320
6563 5 3855 2559 7415 6104 5850
6564 4 1508 2463 9196 6664
6565 4 9405 6586 8809 5655
6566 2 1477 241
6567 5 6930 4970 1769 1612 7698
6568 5 1607 4314 781 237 1840
6569 1 6263
6570 4 4366 8433 501 9375
6571 4 6807 5418 3182 8828
6572 3 4821 5450 9433
6573 4 1241 975 1995 2907
6574 4 5186 1583 2870 2934
6575 4 8252 9058 9058 7179
6576 4 2936 7797 709 9231
6577 1 3641
6578 1 8534
6579 2 305 4267
6580 1 2333
6581 1 2807
6582 1 5848
6583 5 7175 8925 8189 8516 8586
6584 3 2631 6362 2723
6585 3 9928 2715 7321
6586 3 7398 493 7390
6587 1 5959
6588 3 3327 7760 3785
6589 1 1708
6590 5 1494 9890 6329 7501 5
6591 3 8212 2669 291
6592 5 1352 47 1684 8262 3265
6593 1 7509
6594 3 7393 8360 9636
6595 3 3202 2201 6867
6596 5 9964 4635 9816 3315 7113
6597 5 8920 1798 2424 2482 3750
6598 4 8415 5044 1958 530
6599 2 5784 519
6600 2 8591 621
6601 1 749
6602 1 1840
6603 3 5308 343 8402
6604 2 8847 4716
6605 5 145 8734 4442 1655 8782
6606 3 4539 1848 5746
6607 4 1697 5273 9245 7049
6608 2 8749 6551
6609 2 2453 1541
6610 4 5877 9161 9070 4094
6611 2 4438 4925
6612 4 8287 3910 6159 7034
6613 2 2775 9882
6614 2 8161 6556
6615 4 6049 6061 1552 1685
6616 1 316
6617 3 2278 1356 6282
6618 2 7964 7905
6619 3 9691 506 1962
6620 5 695 1571 5815 3214 2611
6621 5 4142 4849 1848 5393 6895
6622 3 2161 6233 7180
6623 5 4900 5551 4232 8786 3925
6624 5 3439 5799 4072 572 743
6625 1 2278
6626 1 8902
6627 1 3905
6628 3 6340 9348 4619
6629 5 7586 9832 980 1188 3435
6630 2 5475 2516
6631 1 4172
6632 3 16 7836 2674
6633 2 9937 3767
6634 4 469 6381 9675 8445
6635 2 4009 56
6636 5 5054 399 8033 2473 2470
6637 4 416 6372 4612 3836
6638 5 8738 4889 9104 35 9397
6639 1 5631
6640 4 3334 1357 1396 7468
6641 2 986 2582
6642 4 7626 149 4877 266
6643 3 9172 6453 1318
6644 3 203 849 4303
6645 1 9536
6646 3 8114 8148 7533
6647 3 8671 4084 6549
6648 3 4409 4949 5339
6649 3 1063 8380 2207
6650 4 1135 4348 2458 319
6651 2 1306 4716
6652 3 9932 3601 3364
6653 4 1687 4071 3200 682
6654 3 1135 2037 9758
6655 4 1265 2881 6794 7618
6656 1 4623
6657 1 9071
6658 5 6908 5363 2366 7083 5336
6659 3 8012 4373 9726
6660 4 922 2867 3463 8511
6661 1 4943
6662 4 7824 3090 7052 3002
6663 1 451
6664 1 6427
6665 2 9431 9172
6666 5 9443 4636 9285 1912 2294
6667 4 6063 4134 5483 9868
6668 3 4594 149 1881
6669 2 3517 9309
6670 4 9562 8299 6010 3114
6671 5 9300 1105 2073 245 9291
6672 2 4096 1540
6673 5 276 3367 4986 4700 3089
6674 4 8192 5709 4966 8347
6675 5 367 9141 6479 6510 5278
6676 1 104
6677 2 9158 6081
6678 2 7544 5771
6679 5 2307 5884 3160 3039 9174
6680 3 7223 6745 2263
6681 5 7873 909 1089 2134 8422
6682 4 8466 754 3215 3520
6683 4 7445 2001 7377 6933
6684 2 373 9052
6685 2 520 5991
6686 2 9096 7233
6687 1 4493
6688 2 8189 7095
6689 4 3556 4716 3613 6322
6690 2 457 3831
6691 2 1095 2037
6692 1 1453
6693 4 5604 5680 8054 164
6694 2 2224 5044
6695 4 456 575 2531 7312
6696 1 6716
6697 3 1831 4758 8405
6698 2 871 5865
6699 3 7303 8993 258
6700 2 631 5108
6701 4 2723 2980 7621 7730
6702 2 4163 8268
6703 1 7343
6704 5 2192 9170 572 2220 5988
6705 3 5379 8903 17
6706 2 6251 8909
6707 4 30 972 9237 6238
6708 2 3107 935
6709 4 1921 1783 2783 8845
6710 4 8317 4431 6646 2442
6711 4 2986 3563 5773 1302
6712 4 6619 772 2376 6753
6713 5 1034 0 5824 8236 195
6714 4 9380 937 3441 4846
6715 5 1429 1771 1646 179 1301
6716 4 7708 6915 393 5334
6717 1 2215
6718 4 2209 9589 6962 4862
6719 1 9458
6720 5 7540 5556 4987 5215 2942
6721 5 8794 2394 1755 9017 3331
6722 5 5048 4982 4078 203 1926
6723 5 454 5159 3229 8638 8817
6724 5 4336 8790 8225 6784 3299
6725 4 4571 3866 4587 8010
6726 1 289
6727 1 4397
6728 4 7586 3435 2149 9336
6729 5 2674 6603 4897 8685 4806
6730 4 2226 9266 9642 3690
6731 3 8880 459 3124
6732 3 6815 1444 3110
6733 2 4168 8951
6734 2 6470 5279
6735 4 9410 7176 7202 4033
6736 5 5142 9922 2284 5363 6109
6737 3 3504 4912 2969
6738 1 2745
6739 1 7113
6740 4 1327 6723 9694 6152
6741 1 6366
6742 1 4061
6743 3 5798 2854 7136
6744 3 2375 5787 9827
6745 1 2157
6746 4 630 8781 9205 1002
6747 2 425 9360
6748 5 8463 9809 4303 7847 6348
6749 2 91 96
6750 1 7848
6751 3 4503 5664 1484
6752 4 252 4909 2205 1285
6753 5 6988 6929 6649 1100 9344
6754 3 8056 1826 4594
6755 1 2584
6756 5 576 3338 1383 7024 4248
6757 1 404
6758 4 2102 2539 3615 982
6759 2 2789 3662
6760 5 3133 7018 6114 7568 2086
6761 5 1162 7796 9416 2229 5526
6762 2 9822 8525
6763 3 9952 5370 9997
6764 2 8237 1929
6765 5 9366 9363 9259 9802 7593
6766 5 9522 3219 2099 2270 7369
6767 3 1592 2386 5928
6768 1 9352
6769 4 3525 9163 7206 4335
6770 5 2775 4091 8419 9762 609
6771 3 4662 8055 5544
6772 1 979
6773 5 9323 4745 447 289 1772
6774 4 2201 1433 2708 7821
6775 2 3963 663
6776 4 1351 2608 186 5135
6777 2 7670 8626
6778 5 3224 7235 8462 681 4595
6779 1 2856
6780 1 3081
6781 5 2184 1719 2040 7023 6922
6782 5 6538 8468 4625 2427 8557
6783 5 9772 10 5474 8624 4839
6784 2 355 5490
6785 2 139 2264
6786 2 8237 2113
6787 2 8584 6754
6788 5 9419 5621 9160 4378 6942
6789 5 8756 4756 315 1571 5187
6790 2 9511 4210
6791 2 1183 8717
6792 4 5132 3985 8115 8952
6793 2 3006 2171
6794 4 7077 6062 6536 747
6795 5 1786 9714 3920 7956 5036
6796 5 7526 7907 5173 4530 5933
6797 2 2270 1208
6798 2 8279 8977
6799 3 1649 0 2297
6800 3 5025 8980 1207
6801 2 2753 6286
6802 2 736 1339
6803 1 642
6804 1 9014
6805 2 7988 1285
6806 2 5549 129
6807 4 6699 5000 7764 9865
6808 5 7950 1208 1495 4930 7004
6809 4 922 852 5456 2208
6810 2 9520 6865
6811 1 5596
6812 2 9999 3826
6813 2 908 1997
6814 5 7526 9543 6173 8816 3030
6815 5 714 7682 6818 282 8987
6816 3 949 3225 1703
6817 4 7888 9915 4436 767
6818 4 3822 1205 9292 9476
6819 2 3299 8404
6820 2 8941 58
6821 5 676 5413 4808 4330 1297
6822 5 3537 192 8523 5672 7575
6823 4 4900 845 1049 6830
6824 4 8635 4841 4478 2531
6825 5 4162 8441 1392 5974 1273
6826 2 2590 7935
6827 1 3057
6828 5 7970 2568 7064 5204 1722
6829 1 9910
6830 5 367 2137 700 1531 3127
6831 3 5486 9226 846
6832 4 9300 4604 4553 288
6833 3 2711 8536 5385
6834 2 5125 6506
6835 1 945
6836 4 1445 8340 240 501
6837 2 1344 668
6838 2 5238 7178
6839 4 532 1966 8899 6344
6840 3 9484 6003 1257
6841 1 7766
6842 1 5055
6843 1 4622
6844 3 2992 3841 4295
6845 1 1472
6846 4 8551 4324 8219 3374
6847 1 984
6848 3 4756 4102 3280
6849 5 3093 7515 8715 6084 5419
6850 4 3928 4741 2991 387
6851 1 8617
6852 5 3138 4441 5334 681 9198
6853 2 388 406
6854 1 6033
6855 1 7045
6856 4 9813 9480 9212 2646
6857 3 9181 9143 5413
6858 1 6139
6859 2 1431 4846
6860 1 7448
6861 5 1764 7158 1876 6553 8872
6862 1 791
6863 3 5703 3734 6897
6864 1 2290
6865 3 707 2720 6943
6866 1 892
6867 1 2657
6868 4 1810 7861 57 8851
6869 2 7653 1468
6870 5 941 378 359 3151 9659
6871 3 5649 5317 3585
6872 1 8800
6873 4 5994 4261 2463 3392
6874 3 3146 9486 7765
6875 2 265 9818
6876 3 4029 851 7231
6877 1 7070
6878 4 5355 3699 2996 8261
6879 4 2748 7718 5463 2797
6880 2 9984 5819
6881 4 6277 3545 3841 3697
6882 5 3987 2176 5947 9923 1443
6883 2 8586 8260
6884 2 3094 5540
6885 5 8403 2359 7538 5099 5718
6886 2 5091 1318
6887 1 8476
6888 3 4936 4108 760
6889 1 2562
6890 3 5300 4751 7242
6891 2 7962 4525
6892 5 6186 1310 2264 4934 8711
6893 1 129
6894 2 1785 9901
6895 1 1394
6896 3 4386 394 675
6897 2 4198 6411
6898 4 4349 5958 6320 9149
6899 1 9190
6900 4 4544 4686 9679 348
6901 1 969
6902 4 8541 5989 5189 221
6903 3 7242 2250 772
6904 4 3969 970 6516 7011
6905 5 8956 2141 7182 4176 602
6906 3 8775 2622 3544
6907 1 7471
6908 2 8998 3063
6909 4 4750 7912 3685 1808
6910 1 2020
6911 5 1664 3109 8252 8870 296
6912 1 3084
6913 3 7382 1706 822
6914 4 5859 8125 1500 2616
6915 1 6012
6916 3 7972 6610 821
6917 2 9340 6115
6918 5 1487 2506 841 8330 5820
6919 2 3538 4770
6920 3 2731 352 4883
6921 1 4391
6922 2 3092 763
6923 2 8723 1099
6924 4 7995 766 6033 3522
6925 4 3281 1124 6803 755
6926 5 7644 6821 607 4961 8320
6927 1 4097
6928 5 3545 4149 3835 152 2918
6929 3 7399 7798 7458
6930 5 2316 5364 2515 8831 1472
6931 3 4148 8027 5085
6932 1 6214
6933 3 3351 2831 8610
6934 2 9276 8494
6935 1 4470
6936 1 4853
6937 4 8253 9997 601 3857
6938 5 8183 3525 2699 2442 901
6939 3 2924 1744 1182
6940 4 8269 9571 1631 1221
6941 3 1514 4190 4281
6942 3 8434 4442 1851
6943 1 4536
6944 1 3558
6945 3 8006 1977 1450
6946 2 7922 5167
6947 5 3161 1075 8242 8302 173
6948 1 9054
6949 3 9988 2192 6272
6950 4 1795 2756 8592 2000
6951 3 2264 9441 4285
6952 1 6467
6953 4 9606 1674 4697 2408
6954 4 1595 7978 566 1861
6955 2 2648 1692
6956 5 480 2248 5271 1124 8418
6957 4 5879 3945 110 3645
6958 5 6844 679 189 6712 7294
6959 2 3327 2484
6960 4 8569 1966 8562 93
6961 3 7542 389 4487
6962 5 9793 7083 1666 7356 1503
6963 1 7218
6964 2 8412 3661
6965 4 5021 2045 4488 7670
6966 2 1867 1640
6967 4 8465 2451 6982 4003
6968 5 3037 654 7342 8578 1612
6969 2 7643 7547
6970 1 6582
6971 2 8217 4275
6972 5 3715 4718 6762 8538 495
6973 3 1787 7277 9189
6974 2 376 4248
6975 4 3118 7145 1207 9809
6976 3 1789 773 5601
6977 4 8389 3081 3655 8345
6978 4 2533 6063 2238 1852
6979 4 3503 5821 5695 8533
6980 2 4194 977
6981 3 1346 1268 8381
6982 2 2086 1079
6983 1 3388
6984 4 1571 7224 5646 7339
6985 4 344 4782 4550 3251
6986 4 7458 6465 6965 2562
6987 5 1935 1795 3153 9078 9062
6988 4 3685 6850 5476 8915
6989 2 5803 736
6990 4 1206 3856 2002 3914
6991 2 6642 8342
6992 1 5919
6993 1 6509
6994 1 7177
6995 1 1253
6996 2 7932 7341
6997 1 9526
6998 3 246 6492 4004
6999 4 1073 2611 3051 1903
7000 4 9888 1137 6398 5657
7001 3 7204 7594 5305
7002 4 8403 5056 1112 2646
7003 4 3181 2592 1523 3942
7004 2 8680 2472
7005 3 6111 2285 5918
7006 2 3465 309
7007 2 7986 8348
7008 5 911 9650 7110 5631 7313
7009 1 594
7010 2 7837 3462
7011 2 7948 5768
7012 2 6997 8274
7013 3 8209 6288 1092
7014 5 5591 4795 7315 869 8291
7015 4 8068 7433 4481 8912
7016 4 2948 9840 328 4411
7017 1 2077
7018 4 7773 8920 2431 3011
7019 5 5611 1332 4328 3872 3471
7020 1 7081
7021 3 2863 8245 69
7022 3 3720 3414 6105
7023 2 1824 5281
7024 4 6823 1223 9762 74
7025 3 3757 7197 247
7026 3 7221 4711 933
7027 2 8840 9267
7028 2 5107 8365
7029 4 5382 9201 9591 4065
7030 2 1865 4623
7031 1 8607
7032 3 8164 6808 2273
7033 5 8737 306 1877 9428 286
7034 5 148 6508 9545 3606 625
7035 1 6278
7036 4 9650 2339 5796 9525
7037 1 1954
7038 3 483 8609 9898
7039 1 4463
7040 5 1270 9358 4704 6956 7408
7041 4 7959 7233 6513 198
7042 3 2643 8439 3246
7043 4 8481 3288 8445 9916
7044 2 1639 5118
7045 4 4528 5429 3481 1378
7046 2 5177 2219
7047 4 9936 7027 773 3823
7048 3 4669 8343 2041
7049 5 1331 1342 9736 2156 1349
7050 1 7098
7051 1 2042
7052 4 2343 3339 2648 1763
7053 2 8604 4865
7054 1 5384
7055 5 1327 239 1044 4555 6996
7056 3 1007 3844 8715
7057 3 1936 1036 9635
7058 4 7728 2695 7565 9048
7059 5 4536 2900 1992 3749 5330
7060 3 3401 5804 9421
7061 2 4553 4812
7062 3 6612 4503 9127
7063 3 832 4843 9543
7064 3 1682 3702 2628
7065 1 2665
7066 1 4426
7067 5 1288 9646 4458 7504 9645
7068 2 5648 8740
7069 4 9322 8853 5435 8326
7070 4 1190 2480 6703 3420
7071 2 9468 6448
7072 5 3630 810 5881 8327 7469
7073 4 5452 5360 3198 8930
7074 3 1380 9925 8170
7075 2 4968 8767
7076 2 8805 1054
7077 5 9373 9647 2150 8030 2682
7078 2 1477 9894
7079 1 8315
7080 4 7758 9949 5497 1439
7081 5 385 4052 7573 2164 3778
7082 5 5394 8086 7680 3822 7669
7083 5 7276 9960 4507 3916 9933
7084 5 3278 2525 3058 5497 3707
7085 2 5449 9162
7086 3 7326 9760 4889
7087 2 2254 5818
7088 4 3729 3124 3492 5529
7089 2 6535 376
7090 4 9245 3817 2546 3216
7091 4 1192 81 9845 7536
7092 2 7040 1512
7093 1 5810
7094 2 2741 5926
7095 4 9050 3058 720 4759
7096 5 2502 3244 7095 3216 510
7097 1 3999
7098 5 1933 1477 516 2291 9892
7099 3 8582 5986 2162
7100 1 2091
7101 4 5262 138 1484 6625
7102 5 7306 5998 1749 875 891
7103 4 9150 9583 6927 4307
7104 3 6814 7327 3734
7105 5 92 3079 9667 232 5948
7106 3 7181 856 8113
7107 4 395 685 8386 965
7108 5 563 9917 8492 1982 9671
7109 5 939 3391 2393 1406 5281
7110 5 9493 3088 4926 132 2514
7111 3 9690 5310 745
7112 5 5945 917 1098 1130 3788
7113 5 5581 2701 907 5154 741
7114 2 9971 9934
7115 5 7055 4762 4606 2757 1914
7116 5 2698 862 4317 830 2113
7117 5 7024 1110 7933 5022 4315
7118 4 1014 162 132 2668
7119 2 9010 4662
7120 2 9294 9116
7121 5 9159 5799 1907 4202 1264
7122 1 1674
7123 1 9891
7124 3 177 8428 2214
7125 2 8083 1494
7126 2 7240 7679
7127 1 645
7128 4 9158 7832 6752 5265
7129 1 5365
7130 5 452 3619 5855 7632 271
7131 2 8566 8195
7132 3 3776 508 1795
7133 4 7110 2454 638 8648
7134 4 291 6059 6616 5684
7135 4 9259 867 1775 5197
7136 1 7785
7137 3 8852 5769 7086
7138 3 2583 3895 7727
7139 4 2522 5549 8619 7966
7140 3 6899 5183 4756
7141 2 2671 6274
7142 4 7440 2132 4195 5588
7143 2 9243 2768
7144 5 6988 6464 6200 6420 2729
7145 1 2178
7146 5 1442 8915 4528 6287 8623
7147 3 5647 1885 1412
7148 4 4064 5797 9258 5424
7149 3 4431 756 5333
7150 1 1832
7151 2 2478 7461
7152 2 6221 2382
7153 2 9968 3084
7154 5 4314 6800 1610 5052 6248
7155 4 1292 1268 2303 7445
7156 2 2511 947
7157 5 372 4858 236 4617 3544
7158 3 1518 9512 6953
7159 4 3099 4983 9702 4078
7160 2 2874 2342
7161 1 445
7162 2 8820 4363
7163 1 1617
7164 1 8945
7165 5 4222 5362 1324 9792 8219
7166 5 1939 4939 3877 8435 4421
7167 1 7772
7168 3 3401 8971 4932
7169 2 1786 584
7170 5 5871 8211 2051 1419 4298
7171 5 689 5026 1073 6740 1144
7172 2 1325 3785
7173 3 561 8575 949
7174 5 9260 8014 8274 2633 6411
7175 1 3107
7176 3 4141 6231 9897
7177 4 3800 910 5164 8980
7178 2 292 904
7179 2 3346 1304
7180 4 4800 6003 8406 9981
7181 1 3753
7182 5 7784 2263 1014 1425 5193
7183 3 351 8718 1790
7184 4 1483 2478 2500 4260
7185 4 2107 7290 9448 6241
7186 4 4119 2299 4059 6039
7187 1 5493
7188 2 9764 2464
7189 5 8842 1668 7810 244 891
7190 2 2865 7349
7191 1 6777
7192 5 1199 6262 4910 610 2287
7193 2 5984 4915
7194 5 2782 3474 3547 2852 6995
7195 2 1844 7423
7196 4 8512 7946 3863 6462
7197 1 5245
7198 2 2147 2509
7199 3 4212 3873 3912
7200 2 915 357
7201 4 9403 5336 8996 4770
7202 3 345 818 5815
7203 4 4868 9875 6752 7680
7204 4 9935 2626 2836 1615
7205 2 5028 4849
7206 3 4005 822 3094
7207 2 592 3012
7208 5 4247 8849 5995 3751 9751
7209 2 7036 4092
7210 2 9477 671
7211 1 133
7212 3 5737 5675 5955
7213 2 7265 3237
7214 4 8490 6767 7460 4612
7215 1 2550
7216 5 4752 5187 7141 5316 3013
7217 1 6040
7218 4 8325 5588 1524 4555
7219 5 3855 3714 9638 6878 2570
7220 5 8940 5116 6244 6918 6646
7221 5 2530 2110 6160 2797 7787
7222 2 1792 428
7223 2 8466 1635
7224 2 5793 7823
7225 1 3064
7226 3 1618 7270 3522
7227 4 7801 159 855 7889
7228 1 5595
7229 1 9315
7230 2 253 7696
7231 3 7606 8412 9972
7232 2 8799 1030
7233 2 5827 2099
7234 2 588 851
7235 5 8304 9657 9691 8111 821
7236 1 9366
7237 2 5190 3192
7238 3 200 7073 7478
7239 4 8800 948 8464 2225
7240 3 6689 8611 9499
7241 1 2639
7242 4 9969 5026 7345 4421
7243 3 648 4922 1313
7244 1 3667
7245 3 5770 2676 8866
7246 2 2538 8095
7247 5 8117 2998 9332 9589 7011
7248 2 5464 7224
7249 5 6785 4300 2117 8336 5241
7250 5 1636 8991 5431 7480 1275
7251 4 9382 6698 6661 257
7252 2 3289 516
7253 1 3987
7254 1 440
7255 1 2292
7256 1 5280
7257 3 2965 7320 1488
7258 1 934
7259 1 1524
7260 5 9221 3153 964 1319 6826
7261 2 2808 4408
7262 1 4906
7263 4 7101 2686 8285 2553
7264 2 1852 8909
7265 5 6136 7750 6793 2713 7909
7266 1 3849
7267 3 3760 2027 9813
7268 5 3071 2037 1011 9448 5970
7269 5 9215 5366 9851 8395 80
7270 1 5630
7271 1 7944
7272 3 8101 6894 1419
7273 1 3623
7274 1 7620
7275 4 9482 3634 4533 5385
7276 1 4934
7277 3 7216 7420 2674
7278 3 8168 2359 8835
7279 2 4558 4770
7280 5 5107 6131 5451 6303 9585
7281 1 3030
7282 5 5002 6711 1700 5355 4145
7283 5 8197 7363 5667 1305 8044
7284 2 9370 5341
7285 4 2098 3937 8381 8751
7286 3 4521 9784 9156
7287 1 7996
7288 2 2252 1639
7289 3 1231 1012 2088
7290 2 5214 600
7291 1 6358
7292 2 2512 7383
7293 3 7899 3867 9393
7294 3 6586 2331 2191
7295 3 7679 8416 4897
7296 5 4235 9930 7852 6340 802
7297 2 3963 704
7298 3 3256 9842 4662
7299 4 4938 4356 5756 9730
7300 5 5733 9443 8217 6377 9314
7301 1 8894
7302 1 7887
7303 1 2133
7304 1 2513
7305 2 6591 939
7306 3 1153 52 123
7307 5 8502 5618 9593 1668 99
7308 5 8802 2871 8106 4310 8100
7309 1 3046
7310 4 704 2249 4558 9538
7311 1 6732
7312 3 1384 2755 1379
7313 1 2093
7314 2 1638 267
7315 1 2521
7316 4 9386 7876 2319 7173
7317 2 5604 5128
7318 3 9610 408 925
7319 3 7322 8803 9128
7320 4 1589 8510 1867 3789
7321 4 3551 3299 61 2248
7322 5 8159 8028 4940 8803 7324
7323 5 7126 6611 659 6879 374
7324 3 7397 1463 3506
7325 4 2453 475 4169 8368
7326 2 6749 6807
7327 5 4968 569 7880 323 6094
7328 2 6992 6470
7329 4 8792 474 9472 2939
7330 4 4224 5269 764 7753
7331 3 2566 5168 7106
7332 5 5285 5781 9633 601 7479
7333 3 2106 1547 4203
7334 5 7802 8424 6331 5436 5310
7335 3 8177 5695 1906
7336 3 6540 6622 5916
7337 2 5554 2946
7338 1 9272
7339 2 3010 1722
7340 1 2383
7341 4 4489 1523 5153 3055
7342 3 9723 4334 3670
7343 4 5364 3616 4467 1475
7344 4 7621 8081 2866 1393
7345 5 637 8539 2961 7427 9981
7346 4 5381 9258 4337 7095
7347 1 408
7348 5 5147 1423 5046 6808 2208
7349 5 9607 2056 1544 2180 6090
7350 2 2818 692
7351 4 9278 5313 1289 927
7352 5 8652 1592 7408 8806 6822
7353 3 6325 344 6769
7354 5 2997 1439 2623 5445 8221
7355 4 7738 6954 673 8586
7356 4 5775 2304 3057 370
7357 5 6651 7166 4869 1070 7606
7358 2 2248 2493
7359 5 516 6817 3262 2512 8300
7360 1 408
7361 5 7020 4382 8317 3151 4394
7362 4 1978 9202 7510 246
7363 4 3754 4392 2459 4607
7364 5 1017 9143 9946 4940 7445
7365 3 153 3515 8672
7366 2 778 1636
7367 3 7805 2525 5569
7368 2 9870 2654
7369 5 2628 8179 8532 2354 8931
7370 2 8841 1042
7371 4 245 9212 8278 2568
7372 2 6707 4745
7373 3 786 5028 2267
7374 2 9493 8070
7375 4 800 7023 8163 4112
7376 5 7753 6193 2594 8942 9170
7377 4 6618 5417 1060 3880
7378 4 1580 3256 9885 770
7379 1 3446
7380 4 6244 2587 4640 6310
7381 1 431
7382 2 9962 5013
7383 2 3485 5986
7384 4 830 373 6254 20
7385 1 8168
7386 2 1202 9233
7387 2 2371 2566
7388 3 8316 6043 6376
7389 2 3699 3583
7390 2 2060 9800
7391 3 7636 258 8265
7392 4 2867 269 3201 3394
7393 3 5656 4828 813
7394 5 7202 829 6981 9105 4034
7395 2 2978 7811
7396 4 7849 3071 1599 3800
7397 1 9650
7398 5 450 6420 6846 254 7283
7399 1 9225
7400 4 9936 5009 2058 1004
7401 1 4660
7402 4 4814 4509 2873 171
7403 1 8709
7404 1 556
7405 4 1123 2647 3390 8432
7406 1 622
7407 2 5069 8212
7408 2 6469 379
7409 5 7886 5236 1088 3219 6119
7410 5 8657 9010 7095 9856 1239
7411 1 7317
7412 3 294 8000 3570
7413 4 746 9952 5262 2627
7414 2 2683 4509
7415 4 7314 4650 5412 7698
7416 2 8812 1561
7417 1 2895
7418 3 1034 1382 4267
7419 5 1340 7589 3555 2107 8311
7420 5 4700 4653 6191 3972 53
7421 3 7687 677 2783
7422 3 7361 1773 2510
7423 3 3321 4478 6417
7424 5 5027 3322 2575 2546 7090
7425 4 9619 3049 8586 9083
7426 3 6559 72 5742
7427 4 36 4881 6818 4676
7428 4 904 7867 4940 8172
7429 1 2935
7430 5 2420 8225 1185 6521 6523
7431 4 1989 9368 1759 2759
7432 5 288 1519 939 2379 8850
7433 5 9649 8287 6614 3515 9103
7434 3 6176 3475 4267
7435 3 2451 613 1309
7436 5 1258 7847 9972 3698 2517
7437 4 7208 1487 1617 4763
7438 2 9089 8411
7439 5 8022 3404 6310 311 2456
7440 1 1386
7441 4 4768 2713 5216 5160
7442 3 4486 9660 5993
7443 1 7932
7444 4 4606 4010 4939 444
7445 2 3283 2066
7446 4 5885 3304 870 8843
7447 4 7603 7672 4156 2572
7448 5 5250 1919 5358 2542 722
7449 2 9464 2371
7450 2 238 2561
7451 1 8328
7452 3 3026 5851 1026
7453 5 60 1102 3556 580 8301
7454 4 220 3001 1631 4970
7455 5 7612 7553 8676 4676 2170
7456 2 1232 5999
7457 3 4299 2744 9028
7458 5 1028 508 793 9989 8442
7459 5 6816 301 6904 465 8142
7460 1 2963
7461 4 4235 3325 3555 9091
7462 4 2079 4478 4313 2064
7463 2 3863 9934
7464 5 9004 9191 63 379 1935
7465 2 1869 2792
7466 5 5039 7455 8669 9431 6920
7467 3 1431 9914 6904
7468 3 3211 7742 3054
7469 4 5061 7597 4188 2093
7470 1 648
7471 2 8656 9061
7472 4 5910 3375 2726 4446
7473 4 2044 4141 9722 7543
7474 3 4448 3821 662
7475 4 313 8174 7699 6951
7476 3 7973 392 4012
7477 2 1613 5298
7478 5 6841 6379 1860 3854 4461
7479 2 7839 1792
7480 5 5879 3505 3042 7008 459
7481 3 7662 755 166
7482 3 9418 3402 7522
7483 2 9831 6893
7484 3 9994 8827 5837
7485 4 9736 6914 198 1300
7486 5 9504 7897 8145 603 2794
7487 1 6721
7488 1 6085
7489 4 1642 3606 9071 156
7490 3 1706 8797 7827
7491 5 3948 9908 9711 1715 5979
7492 2 6315 2597
7493 4 4370 5150 7262 263
7494 2 4593 7266
7495 5 1157 6020 6788 6726 6078
7496 2 5935 7643
7497 1 2260
7498 5 287 800 4140 9389 5578
7499 2 9251 1018
7500 2 1256 3051
7501 5 4565 6498 136 3295 5123
7502 1 4893
7503 2 905 25
7504 5 8618 2005 2678 874 3411
7505 4 7465 2643 3607 5155
7506 1 8013
7507 4 9182 1398 7790 6023
7508 5 2645 2517 8487 2604 9738
7509 3 527 4672 1358
7510 3 392 6252 2606
7511 4 8536 1543 1987 6036
7512 1 9932
7513 2 81 3870
7514 2 3974 7470
7515 3 7825 9227 9115
7516 4 5034 5005 769 2956
7517 2 7824 1494
7518 3 1718 2625 1585
7519 3 1888 4940 8878
7520 1 3173
7521 4 5892 8007 230 1423
7522 3 3409 1441 218
7523 4 5257 8954 5389 8512
7524 2 5688 5495
7525 3 7428 2596 93
7526 5 7151 5997 8175 4264 7136
7527 5 4203 1291 8610 5493 4321
7528 4 9543 7981 2327 6425
7529 4 5100 9229 2527 8984
7530 3 7939 4471 2607
7531 4 3258 1134 4598 3764
7532 2 9726 2847
7533 2 1745 355
7534 2 3313 2099
7535 2 6542 5730
7536 3 1893 3094 6104
7537 2 3171 5018
7538 5 7433 7007 7105 3503 7767
7539 2 7363 5843
7540 3 3727 107 1276
7541 4 911 653 4304 752
7542 1 1307
7543 3 5933 555 8115
7544 4 6854 3638 7467 8064
7545 4 5420 6463 4402 468
7546 5 5066 9003 1360 9686 2259
7547 3 5584 9906 4234
7548 4 4447 9442 4052 5211
7549 5 7205 9107 1323 8607 399
7550 1 9020
7551 1 2349
7552 2 7868 3936
7553 4 4240 3853 5960 5158
7554 2 1149 5270
7555 2 2026 9578
7556 1 8559
7557 1 9126
7558 4 449 2010 8808 2513
7559 4 7559 2499 5858 4527
7560 3 6698 8676 5858
7561 2 5604 260
7562 1 4213
7563 4 5212 2894 4877 109
7564 5 7208 9646 4573 702 1998
7565 5 1335 4545 6098 55 9470
7566 3 7286 6481 7374
7567 1 5428
7568 3 1540 7452 2653
7569 5 9137 8251 5216 8805 8299
7570 5 1901 6360 2132 5481 2538
7571 2 3103 3212
7572 5 6263 1937 5312 8989 4740
7573 3 3267 924 8631
7574 1 1197
7575 4 8982 5409 8026 805
7576 1 9641
7577 1 3188
7578 5 5901 131 1164 8019 8473
7579 4 1406 4430 2729 5412
7580 3 4305 5995 4287
7581 2 3641 7973
7582 1 6598
7583 1 7610
7584 4 3948 3731 2633 8374
7585 4 5118 1606 6882 2735
7586 3 2222 1719 2019
7587 1 2005
7588 3 6218 5451 9010
7589 4 1125 5805 4653 3461
7590 2 9821 6439
7591 5 972 1944 411 2779 2991
7592 3 1700 1224 5679
7593 5 5600 2579 3833 1148 7267
7594 2 2618 3243
7595 3 8928 4726 3733
7596 1 5666
7597 4 7188 2368 8729 130
7598 1 7058
7599 1 294
7600 1 9023
7601 2 1656 3889
7602 1 5752
7603 1 7909
7604 1 54
7605 4 5722 742 3991 72
7606 3 1007 1196 2348
7607 3 737 2072 3147
7608 3 1371 517 7449
7609 1 8847
7610 2 3163 3004
7611 2 7821 8877
7612 5 2261 2047 8529 5711 9752
7613 5 2569 5788 974 5891 2775
7614 3 2173 9389 1538
7615 2 6408 6569
7616 4 5728 9974 384 7571
7617 4 517 6793 1604 8040
7618 3 8824 5094 2358
7619 3 483 6966 8215
7620 5 534 4911 4378 4292 5959
7621 5 5307 7458 1020 722 4468
7622 4 5835 440 4471 4265
7623 1 3815
7624 4 4940 3945 7225 9233
7625 4 1620 9485 3410 7395
7626 2 1018 1701
7627 5 2322 9908 3851 1182 3691
7628 3 3025 2453 6431
7629 2 2005 1579
7630 1 8805
7631 4 9181 4307 3775 2148
7632 3 3772 1218 127
7633 4 201 2728 4817 3159
7634 5 7363 8163 4304 1314 2288
7635 1 758
7636 3 593 9168 8830
7637 1 7514
7638 1 2872
7639 3 572 2427 4665
7640 1 1009
7641 5 4782 8747 8199 6138 510
7642 5 1473 9288 1023 6532 9498
7643 2 3483 3132
7644 2 1256 2900
7645 4 4270 8704 1574 1365
7646 1 526
7647 3 1134 949 3833
7648 1 242
7649 5 238 3353 5022 2368 7321
7650 3 8687 1102 7794
7651 5 5809 4342 6265 4971 7930
7652 5 7956 3343 9912 9636 6776
7653 5 2968 6983 3447 2079 1673
7654 4 458 283 2128 3526
7655 4 2053 7966 3044 8372
7656 1 6271
7657 4 7861 679 292 5633
7658 2 1991 4227
7659 2 7540 3055
7660 2 8569 3169
7661 2 3584 5306
7662 4 586 5854 3964 5845
7663 2 1550 681
7664 3 5627 2161 7436
7665 5 1602 536 1446 9737 5528
7666 2 7761 1881
7667 1 7838
7668 4 9183 4396 6937 8070
7669 5 1538 2181 5302 5738 9172
7670 3 2618 4787 6909
7671 4 550 7215 6818 8641
7672 2 4209 8595
7673 3 2146 231 285
7674 2 239 8439
7675 3 2949 6298 3086
7676 4 6165 259 1556 9843
7677 4 2083 420 4069 9493
7678 4 1179 2459 2437 5911
7679 4 9762 420 5192 2658
7680 4 1158 7538 4406 717
7681 1 9395
7682 5 6468 9343 3350 8776 7119
7683 5 2376 1855 4203 3173 2265
7684 4 6742 9480 8820 790
7685 1 5168
7686 1 2958
7687 3 6964 3035 5535
7688 3 6154 4991 1120
7689 3 3739 4981 3751
7690 2 1332 7186
7691 1 6164
7692 4 4012 9850 1168 1505
7693 5 1344 7277 5237 336 5099
7694 5 3497 7264 4516 7631 6952
7695 3 7346 2707 9576
7696 5 250 9263 3108 9101 4392
7697 3 7132 5188 1695
7698 1 7099
7699 5 1293 3372 3530 8511 1811
7700 3 7300 4741 4691
7701 3 2906 2489 3594
7702 4 5511 5718 3393 3405
7703 2 6464 9934
7704 1 755
7705 3 5808 5553 2255
7706 4 4796 1054 4840 5349
7707 5 8454 680 9791 9571 1843
7708 5 9901 7558 8373 1705 8276
7709 2 7489 6987
7710 2 7460 8137
7711 3 4436 6564 3278
7712 3 3117 1927 6115
7713 1 2446
7714 1 8900
7715 5 2601 6718 134 2756 9368
7716 4 1761 4104 4334 6331
7717 3 1040 3851 4565
7718 1 4939
7719 4 9668 8127 2391 6836
7720 1 3758
7721 1 54
7722 3 6785 9447 8453
7723 1 1022
7724 1 4476
7725 1 8213
7726 1 305
7727 3 8550 8765 1681
7728 1 5812
7729 5 9940 1914 1208 2143 5879
7730 1 680
7731 1 249
7732 1 1258
7733 5 4069 8257 3988 2235 3826
7734 5 3510 3983 632 2305 4730
7735 5 2708 2916 5242 6805 7933
7736 3 4755 1123 8776
7737 4 2313 5055 7417 2634
7738 3 5691 7227 2767
7739 2 4652 2866
7740 1 1299
7741 5 703 1603 1075 9004 4147
7742 1 3342
7743 4 7112 6810 6262 2070
7744 3 5529 9572 1087
7745 3 6122 9812 7651
7746 1 671
7747 4 3319 1826 8635 2547
7748 3 3733 1892 8998
7749 5 8882 9609 6430 849 454
7750 4 5479 3907 1092 9366
7751 1 393
7752 4 1337 2732 2786 7297
7753 1 7424
7754 5 6738 4177 9825 4404 2374
7755 4 7345 1628 9077 348
7756 1 3306
7757 5 2036 8141 934 4569 7526
7758 3 4583 5425 5375
7759 3 1287 687 6258
7760 4 9828 7893 409 9638
7761 4 87 312 4227 9322
7762 4 9368 5642 4950 9195
7763 4 9226 6187 8013 345
7764 1 1588
7765 5 5982 9854 2921 5159 654
7766 3 9014 3187 6303
7767 2 349 3060
7768 3 6796 1272 7577
7769 4 784 1281 1699 5864
7770 1 5637
7771 1 5359
7772 2 2118 8853
7773 3 9997 4353 1263
7774 5 5978 4080 4077 2043 1454
7775 3 1352 7654 1144
7776 4 1479 9253 1709 6412
7777 4 1235 5598 6321 5277
7778 1 2654
7779 1 9465
7780 4 4671 3173 771 1128
7781 2 2758 5009
7782 5 6173 515 7469 7405 2150
7783 5 1896 3903 337 3444 3331
7784 4 4110 7836 6896 776
7785 5 8851 7172 647 569 5767
7786 3 7868 5776 8719
7787 2 1648 8034
7788 1 1668
7789 2 2894 284
7790 2 5629 1350
7791 2 3882 516
7792 2 7522 7539
7793 4 665 6513 2485 7985
7794 5 3341 9392 6708 2079 7960
7795 4 9212 6181 3723 8629
7796 5 2180 2841 9086 6804 1910
7797 5 1430 9394 277 3241 1493
7798 3 9006 856 1758
7799 3 2197 7089 5270
7800 2 7993 9864
7801 2 3595 4105
7802 2 3273 2659
7803 1 8755
7804 3 9052 5564 2119
7805 5 2047 2300 1741 6256 6869
7806 1 7547
7807 2 6492 5409
7808 5 5147 8762 9226 8966 8011
7809 2 2497 5789
7810 5 5524 494 2070 1306 9961
7811 2 8910 2833
7812 3 3553 3932 3641
7813 4 8152 6469 1299 13
7814 3 3519 3161 1055
7815 2 519 8371
7816 2 1969 2455
7817 3 5639 8227 2386
7818 2 4966 4790
7819 1 7400
7820 1 3951
7821 2 826 6006
7822 2 7890 4843
7823 5 7939 610 3830 1811 3902
7824 2 3954 9150
7825 2 3778 2526
7826 3 2032 5387 3216
7827 1 8392
7828 5 1727 2649 1929 3084 4509
7829 2 4405 3421
7830 5 1880 4994 1744 6004 947
7831 2 4684 8787
7832 3 4858 9868 5540
7833 3 795 5683 1284
7834 1 6258
7835 4 5104 5227 6743 864
7836 5 327 6544 8892 3471 5057
7837 3 3201 1896 8430
7838 3 7997 3341 2240
7839 4 3739 912 5655 1741
7840 4 7704 7370 4686 932
7841 3 9863 108 3777
7842 4 6359 344 1145 7723
7843 1 194
7844 2 248 7648
7845 3 5560 8717 4591
7846 4 5603 8190 4597 2888
7847 4 8150 8790 4576 51
7848 1 888
7849 1 4284
7850 5 3053 1512 9906 4100 2176
7851 1 6130
7852 4 2702 6904 366 5918
7853 5 8595 2523 2528 3092 8185
7854 5 1471 2380 6956 7752 2717
7855 5 3082 4681 4662 1953 55
7856 2 4806 2139
7857 3 5751 1352 2125
7858 2 5717 5739
7859 3 2088 9632 3914
7860 2 1754 16
7861 3 7685 1734 3991
7862 3 1818 7174 806
7863 2 116 1140
7864 5 9088 8860 988 5104 823
7865 4 2260 2456 4455 4760
7866 3 5401 8138 3195
7867 1 856
7868 3 5111 4798 4032
7869 2 3145 1448
7870 2 288 2090
7871 1 6730
7872 1 5539
7873 5 867 3356 7314 1297 1789
7874 1 8845
7875 4 2077 5434 8806 7844
7876 4 2318 5552 1420 1647
7877 3 8209 8231 628
7878 5 5273 5352 6235 3264 8706
7879 5 5802 2518 3640 7140 9336
7880 2 3194 2607
7881 1 5594
7882 3 485 3118 3130
7883 1 1897
7884 2 4686 3759
7885 1 7755
7886 4 3570 2027 4226 8148
7887 3 9468 9761 8928
7888 5 1418 5600 512 5594 252
7889 2 1464 1485
7890 5 3060 5259 845 4447 8835
7891 1 3713
7892 3 4619 5924 2271
7893 1 5222
7894 2 417 5012
7895 2 7050 2315
7896 1 8048
7897 5 1131 2253 6530 3491 3602
7898 2 343 361
7899 4 6371 9390 4024 7465
7900 4 8932 7931 766 2610
7901 3 5446 1033 4574
7902 2 4980 2615
7903 3 5984 9470 3949
7904 3 6254 8447 541
7905 1 138
7906 2 888 1264
7907 2 4748 1651
7908 5 6887 9719 924 4016 6794
7909 2 3310 3702
7910 3 8637 3780 2763
7911 3 6795 8667 2099
7912 3 4842 2923 4842
7913 5 6239 7959 4375 2495 2739
7914 4 3134 8990 2185 7765
7915 1 4039
7916 1 9711
7917 5 3323 3052 4348 8372 1942
7918 1 2505
7919 1 745
7920 4 1718 6569 8571 1332
7921 5 2805 219 3518 402 4493
7922 1 2784
7923 3 7842 3109 8119
7924 5 8007 9399 3070 4409 982
7925 2 1038 3214
7926 2 514 618
7927 4 2614 1932 2874 9551
7928 4 8825 8613 2058 9036
7929 3 53 5061 1850
7930 5 902 8329 1926 3885 352
7931 5 4799 8813 69 1091 4903
7932 2 4604 6653
7933 3 2782 4927 6511
7934 2 6933 8274
7935 1 8346
7936 3 5093 1594 2825
7937 1 5196
7938 3 3604 5083 2205
7939 5 4385 9744 7338 2940 4102
7940 5 7151 6852 833 1928 5662
7941 3 3852 5267 3945
7942 1 3886
7943 3 3616 4350 3125
7944 1 684
7945 5 5922 2702 8955 8533 8534
7946 4 3309 3494 9452 8325
7947 1 2697
7948 2 3343 8597
7949 1 9837
7950 4 4012 2335 4931 4554
7951 5 540 6796 1417 3116 1155
7952 4 8596 8498 8870 1474
7953 3 8153 7698 421
7954 1 2333
7955 2 4446 948
7956 4 9281 1751 5386 7421
7957 3 5442 8719 4573
7958 3 4429 5593 7085
7959 4 6772 1844 1645 5191
7960 2 1582 1454
7961 2 7854 8212
7962 3 2552 9131 8941
7963 5 8666 1919 917 7283 6042
7964 4 6413 5375 6630 9800
7965 3 1850 6901 2481
7966 1 2149
7967 4 4832 5205 893 8513
7968 1 5411
7969 4 6832 2064 6835 7910
7970 5 5071 989 2001 5452 4119
7971 3 2116 3743 4936
7972 3 2949 7382 296
7973 3 3771 2570 9767
7974 4 6579 6806 8919 3092
7975 5 7818 6395 8428 6011 6603
7976 3 1001 3252 2141
7977 1 7674
7978 5 3 4687 2189 335 2246
7979 3 3191 4902 5285
7980 2 1336 7848
7981 2 3048 3998
7982 2 5000 1137
7983 3 501 4441 3796
7984 1 8828
7985 1 8756
7986 1 9137
7987 4 9602 3324 6424 3017
7988 4 644 5580 7128 2331
7989 2 1961 6348
7990 4 5214 1177 8962 9627
7991 4 8124 1483 3287 2572
7992 1 7127
7993 1 629
7994 2 7746 5414
7995 3 759 4244 33
7996 3 2612 1747 1197
7997 4 6611 300 4533 2462
7998 2 2066 8686
7999 1 7045
8000 1 7352
8001 3 7144 1255 6864
8002 2 1061 9259
8003 5 6198 4858 7647 3789 4078
8004 1 5868
8005 2 4512 9970
8006 4 4595 7425 4540 3851
8007 2 2492 3528
8008 2 8451 4534
8009 5 9677 4615 7701 3801 341
8010 3 8413 1009 1631
8011 2 6491 7240
8012 2 3825 9349
8013 1 2189
8014 2 6706 536
8015 5 1272 5430 5598 7276 6658
8016 4 8707 5181 4121 6073
8017 3 5761 1425 9700
8018 4 253 2316 5194 8699
8019 5 3889 9546 8740 420 9627
8020 2 6614 5279
8021 2 9480 623
8022 5 5044 7046 8370 1944 2069
8023 1 3106
8024 4 9113 5519 993 7562
8025 4 6092 6537 6294 6287
8026 3 8891 688 4431
8027 5 2167 7964 6690 2716 6123
8028 3 8797 9628 9743
8029 2 1120 6535
8030 2 2166 3248
8031 1 3899
8032 5 2073 8961 9261 4112 452
8033 4 9945 4793 1414 919
8034 2 7695 1609
8035 1 1832
8036 5 8511 219 3056 1555 595
8037 1 4448
8038 1 9939
8039 4 8368 8591 9835 1114
8040 1 9715
8041 4 8935 1789 1849 2637
8042 2 8413 8637
8043 3 8519 797 5580
8044 1 9867
8045 4 6110 7208 8978 3324
8046 4 8048 1674 7257 2488
8047 1 128
8048 3 4811 4783 9451
8049 4 7487 1759 1658 7048
8050 4 3232 2778 5214 667
8051 3 5228 3167 8336
8052 1 1015
8053 1 1993
8054 5 3434 2425 682 6380 6853
8055 1 7114
8056 3 5000 6677 9057
8057 3 4411 40 2898
8058 1 864
8059 1 7083
8060 2 2054 5123
8061 3 2669 9264 9350
8062 3 2482 374 102
8063 3 4964 8313 973
8064 3 1357 5964 2022
8065 4 8583 4818 1962 4202
8066 1 6531
8067 1 1173
8068 4 3971 3106 8963 7717
8069 3 6118 675 2608
8070 4 2475 9148 3981 1279
8071 2 3481 1205
8072 3 241 5028 9293
8073 5 5466 790 4280 8854 1825
8074 3 1308 873 1924
8075 1 4585
8076 2 8145 2495
8077 2 4058 3213
8078 5 5359 3794 790 2227 1181
8079 4 1367 3278 8692 8353
8080 4 4617 9811 6467 5527
8081 2 2231 1131
8082 2 179 5009
8083 4 22 185 4665 9324
8084 4 8391 2707 2658 7393
8085 1 1697
8086 1 2127
8087 1 3097
8088 1 202
8089 4 9721 9672 1176 575
8090 4 9330 6709 6904 6142
8091 1 5957
8092 2 4903 1091
8093 2 8187 2323
8094 1 4858
8095 4 818 1058 1146 3351
8096 3 2156 7742 7390
8097 2 7151 515
8098 2 746 9272
8099 1 3342
8100 4 9070 9483 7301 7716
8101 1 7202
8102 2 2740 5094
8103 3 812 1631 7525
8104 2 2879 619
8105 1 5696
8106 5 2880 4158 2938 3409 759
8107 1 4811
8108 4 7921 4120 3518 2461
8109 4 735 3058 6192 7282
8110 1 368
8111 2 1890 4809
8112 2 8404 3587
8113 2 6466 6093
8114 4 5694 8235 4216 3916
8115 1 9212
8116 3 2168 6415 7098
8117 1 4325
8118 2 553 2116
8119 5 7742 8146 9633 7630 519
8120 4 404 5192 7763 363
8121 2 585 1999
8122 2 9848 252
8123 5 2994 7218 3691 4756 9340
8124 1 2389
8125 4 4584 7725 9967 119
8126 4 3901 6153 6337 6963
8127 4 2947 9424 9970 9342
8128 2 7084 1403
8129 1 248
8130 2 8122 8055
8131 2 6991 174
8132 3 7622 2488 5058
8133 4 2535 1306 4285 3296
8134 3 1287 7558 6813
8135 4 5601 7692 9507 5414
8136 4 502 6252 926 5963
8137 4 3356 1593 8089 9651
8138 5 2326 8645 8711 2483 820
8139 2 2150 3040
8140 2 5052 3648
8141 3 6402 8808 3033
8142 4 9311 7446 23 404
8143 1 4510
8144 1 5139
8145 4 426 9204 6611 562
8146 1 8592
8147 3 4026 4820 6277
8148 1 2557
8149 1 4287
8150 2 9767 2898
8151 1 3431
8152 2 192 179
8153 5 7064 9385 5146 315 891
8154 2 1579 6350
8155 1 2096
8156 3 7001 5566 6451
8157 5 2401 2873 9443 4816 2091
8158 1 3945
8159 4 7582 4566 9266 6980
8160 2 8618 472
8161 3 4067 463 8992
8162 3 4879 4604 53
8163 3 7635 8812 2661
8164 3 5479 6402 3482
8165 3 7395 4730 3740
8166 5 5901 7218 4038 9524 5776
8167 1 5878
8168 2 4526 4118
8169 3 5743 6438 6716
8170 4 3915 9065 5805 7592
8171 2 4154 8397
8172 3 2687 4021 5336
8173 5 1567 914 4310 71 7963
8174 1 6093
8175 3 2799 599 6808
8176 4 5938 1250 7160 6248
8177 5 1146 8040 2286 9161 561
8178 1 84
8179 3 5708 9661 764
8180 2 8394 6023
8181 2 1900 8548
8182 2 858 140
8183 4 948 3129 7007 7790
8184 4 1318 2440 7922 1782
8185 1 6266
8186 5 7194 821 6559 6382 4444
8187 4 3194 2273 9174 1375
8188 1 2623
8189 4 2840 3348 4996 972
8190 2 5658 2365
8191 3 9215 8654 3258
8192 4 6051 1036 5461 6186
8193 4 2851 19 3018 9489
8194 5 1800 8011 6091 9555 2928
8195 3 5328 2914 8987
8196 3 864 3120 2360
8197 2 7963 141
8198 1 2243
8199 2 9362 7558
8200 2 1139 5863
8201 3 2732 650 1844
8202 3 7665 5562 6487
8203 5 3017 6038 6325 9697 3008
8204 1 5236
8205 1 6140
8206 1 776
8207 4 5275 8826 6252 4391
8208 4 9167 8644 8648 721
8209 1 865
8210 4 3474 442 8133 286
8211 1 9144
8212 4 8262 3998 4875 1961
8213 1 4258
8214 2 9464 4506
8215 1 2171
8216 4 2526 866 7697 9857
8217 3 448 2648 5596
8218 1 9621
8219 5 418 5077 7398 5347 8958
8220 3 4753 3170 7953
8221 4 6882 4706 4503 6269
8222 3 4174 2647 8877
8223 4 7935 2508 1039 6019
8224 4 2786 5176 9495 9879
8225 3 703 6855 6228
8226 1 231
8227 2 283 3910
8228 5 6986 8946 9724 7067 4526
8229 3 4343 3318 662
8230 2 2265 5816
8231 4 2838 4071 1894 327
8232 4 6680 4423 4057 6787
8233 2 3557 3900
8234 1 9272
8235 4 902 2156 7703 1619
8236 5 9536 9903 9409 6713 8454
8237 2 8210 4313
8238 1 8374
8239 2 4517 7546
8240 5 8696 1157 8797 6379 8591
8241 2 1286 5143
8242 1 1086
8243 3 2077 709 322
8244 1 5703
8245 5 8152 4674 4083 645 5692
8246 1 7996
8247 4 12 9460 8694 2931
8248 1 866
8249 1 6928
8250 3 1993 5458 6841
8251 3 504 8278 428
8252 2 9522 1977
8253 3 6443 406 7327
8254 2 1213 8625
8255 1 3215
8256 1 7810
8257 4 5362 5287 766 2448
8258 5 5081 1894 8640 2244 6720
8259 2 1767 9356
8260 4 783 9668 2478 1606
8261 5 2564 2913 7354 6671 8182
8262 3 3839 4021 1566
8263 3 1047 8251 2296
8264 5 8211 9624 8670 6717 2126
8265 4 2187 4940 2749 988
8266 4 113 5093 9380 6358
8267 2 1085 7583
8268 3 1565 6374 1344
8269 5 9527 6377 3558 2501 1698
8270 4 4150 3528 9483 4631
8271 2 1286 6102
8272 2 6322 7809
8273 2 660 2178
8274 2 4111 9960
8275 2 6055 6452
8276 5 3362 5990 2764 3751 7409
8277 1 1809
8278 5 5533 8236 9309 2223 4892
8279 2 1180 2011
8280 2 4032 4422
8281 3 7386 5611 5163
8282 3 402 2513 9071
8283 4 4313 8814 2553 2072
8284 3 765 5927 9429
8285 1 8749
8286 3 9742 1072 3580
8287 2 8766 8003
8288 1 7647
8289 3 5888 9382 757
8290 2 1486 6354
8291 3 9009 1507 2632
8292 5 3336 6776 4274 8373 4059
8293 5 2868 4261 1977 9587 276
8294 5 6746 4137 2077 1178 4468
8295 1 6102
8296 2 1780 9030
8297 3 9676 6316 2726
8298 4 7676 1703 7565 5797
8299 1 6709
8300 5 2732 1215 3091 2079 5104
8301 5 2426 6676 9890 3828 8780
8302 4 8775 6045 74 744
8303 2 8846 1817
8304 4 386 9539 502 7194
8305 2 1171 9720
8306 1 9502
8307 2 4149 3369
8308 5 8559 7688 4094 1788 8860
8309 1 4341
8310 5 6544 8909 8377 7458 1389
8311 2 9813 9048
8312 5 7039 5839 4664 9729 5722
8313 5 8651 8943 4699 9580 1052
8314 4 9025 3387 9890 8063
8315 2 1505 1503
8316 3 6868 8879 7831
8317 5 1811 4400 645 7843 9235
8318 4 6683 150 3165 8114
8319 2 7886 6176
8320 5 7488 2072 1592 5986 951
8321 1 7168
8322 2 9245 3717
8323 1 3679
8324 5 7794 4797 4728 4798 2875
8325 1 413
8326 5 1527 1687 3615 6753 223
8327 2 2148 7229
8328 5 1294 7567 6649 6277 359
8329 1 1207
8330 3 5802 4008 2911
8331 1 5006
8332 3 3128 2730 9572
8333 1 2668
8334 4 6308 71 7063 2352
8335 5 315 3440 6089 2657 8478
8336 4 2089 1902 8628 4846
8337 3 9809 6415 8099
8338 4 9080 260 1246 1396
8339 3 555 5887 9749
8340 4 1883 4410 9544 2750
8341 5 7317 4023 3540 5040 3281
8342 1 5720
8343 5 9773 4069 1288 6685 375
8344 3 6525 3416 1108
8345 2 3616 5342
8346 3 3982 3982 3690
8347 5 3693 9272 6453 3647 3968
8348 4 8034 587 5731 3406
8349 1 700
8350 2 8007 4949
8351 3 3121 4130 7585
8352 3 3047 403 4977
8353 4 1470 189 7885 5573
8354 1 3044
8355 1 169
8356 3 9095 6095 6357
8357 4 3837 5043 1379 461
8358 3 7274 8009 7225
8359 3 2020 4984 2004
8360 5 3626 2212 2455 188 6900
8361 3 7462 6500 203
8362 4 3692 6382 2209 4957
8363 3 5554 6864 3634
8364 1 434
8365 4 4627 2221 1679 4942
8366 1 3774
8367 2 778 50
8368 3 2923 6319 712
8369 4 4095 3351 4197 583
8370 1 3823
8371 2 7522 709
8372 4 4703 3415 4803 8498
8373 1 1450
8374 3 8340 7844 6042
8375 4 5420 9463 4989 4838
8376 1 238
8377 1 8410
8378 2 8160 2307
8379 5 1332 5482 9146 1029 2257
8380 5 5637 2208 4981 7880 5453
8381 4 9948 6340 3827 3086
8382 3 8974 7980 5405
8383 3 5530 7119 4134
8384 2 3926 9980
8385 3 1020 1220 9424
8386 5 5138 1771 4182 2063 9930
8387 4 224 4216 9051 0
8388 3 5381 9382 9561
8389 2 2662 9145
8390 4 5116 1259 9894 2557
8391 4 4583 8917 5456 2878
8392 3 9365 3372 6849
8393 2 2968 7729
8394 1 2931
8395 5 7579 9177 2308 3924 7007
8396 5 3654 1416 7397 2384 4324
8397 3 7037 18 792
8398 1 155
8399 3 1184 5862 6213
8400 4 1310 1498 8751 3135
8401 4 4784 7828 3371 4283
8402 2 8312 9496
8403 1 5592
8404 3 3379 1372 9882
8405 4 1204 2576 8771 1841
8406 5 7581 3033 5819 1973 2249
8407 1 5245
8408 4 7601 5011 3846 9778
8409 5 4449 9740 3012 9855 3446
8410 4 2822 3912 2880 1888
8411 3 3791 596 7750
8412 1 2467
8413 3 5838 4494 2129
8414 5 2164 3937 3866 6303 4176
8415 5 183 1177 266 4609 9833
8416 4 9873 5639 1381 919
8417 3 6507 5137 7442
8418 4 1341 1400 286 6250
8419 5 2356 2145 6188 9860 4637
8420 4 4159 3640 8204 3110
8421 2 3281 6085
8422 3 4736 1173 2645
8423 2 1674 2939
8424 5 1829 4052 1470 7870 3768
8425 1 384
8426 3 3200 5798 2321
8427 2 311 1555
8428 1 3927
8429 1 1892
8430 5 742 4004 4229 4704 341
8431 2 6339 2117
8432 2 7370 1793
8433 5 2813 3130 185 4344 1479
8434 4 2150 4855 1546 4499
8435 4 519 3201 5043 2107
8436 5 1289 2727 3339 8774 4737
8437 1 3976
8438 5 9374 3776 2042 266 3362
8439 5 8380 2360 2525 9292 4980
8440 3 8645 428 7974
8441 1 4162
8442 4 2485 2901 1901 7948
8443 5 4105 474 9000 8828 1212
8444 4 4134 870 510 6536
8445 2 3932 7548
8446 5 5589 1091 209 577 2933
8447 4 9711 2590 6667 1332
8448 1 432
8449 3 1032 2020 1623
8450 5 4813 9062 1091 7570 1038
8451 1 4983
8452 4 215 9501 9340 975
8453 5 1602 9912 117 5552 6956
8454 4 1420 9995 8668 9853
8455 2 4665 5983
8456 5 6218 3443 2299 4520 2260
8457 2 5176 747
8458 5 539 609 1538 5475 515
8459 1 529
8460 2 852 1940
8461 2 4997 8890
8462 3 6899 5801 8583
8463 1 279
8464 2 845 1364
8465 3 3580 9070 35
8466 5 3812 8674 2536 2906 9350
8467 5 719 2926 7389 81 1712
8468 5 5614 122 9948 8440 3982
8469 2 6021 401
8470 1 5337
8471 2 8726 7897
8472 1 1892
8473 5 1671 5153 3 5628 5521
8474 5 6717 1801 1391 3745 4272
8475 5 429 426 5685 1535 8276
8476 3 4415 5859 6425
8477 2 5028 3778
8478 4 7241 5164 4433 9764
8479 4 7048 2990 2642 1283
8480 2 6399 387
8481 4 7088 7519 9554 1418
8482 5 1702 7245 4566 3985 5944
8483 1 9281
8484 1 401
8485 2 9395 5237
8486 5 5171 3630 5028 6113 4466
8487 2 103 238
8488 2 7710 1262
8489 3 5314 3655 1272
8490 3 9911 1550 8425
8491 1 547
8492 4 9549 2386 6611 1362
8493 1 2201
8494 2 9152 319
8495 2 1768 1730
8496 2 6861 284
8497 3 3658 8596 5591
8498 2 4232 7697
8499 2 1574 5150
8500 1 4982
8501 5 7602 3600 1417 2743 801
8502 5 4525 7159 4998 1939 8175
8503 4 3899 378 507 3883
8504 5 9245 5560 343 7496 1991
8505 2 7594 5563
8506 5 1143 6988 6698 5772 3735
8507 2 2909 6197
8508 3 9259 9956 1226
8509 5 9720 4156 6376 2285 240
8510 2 5112 2197
8511 4 2658 217 4239 6892
8512 1 6816
8513 1 8843
8514 4 8157 1710 2964 1075
8515 1 1586
8516 4 4387 8986 497 66
8517 1 6409
8518 4 8909 3782 47 2933
8519 1 4919
8520 2 5164 8719
8521 3 8970 5865 199
8522 5 9158 8736 7669 5386 8224
8523 5 4069 2770 1954 1471 5918
8524 4 5048 5028 1860 8729
8525 4 3619 2477 1581 3568
8526 2 5379 5800
8527 4 3113 3386 2172 3543
8528 5 4098 6953 961 6227 7150
8529 1 673
8530 5 6374 7294 9147 1702 667
8531 1 1847
8532 3 5609 7899 2529
8533 1 529
8534 5 8100 6960 7960 7594 6583
8535 5 1610 2963 2520 3687 9459
8536 1 7705
8537 1 7184
8538 1 2473
8539 5 4689 5648 3748 880 9537
8540 2 1853 575
8541 1 1309
8542 3 1059 3826 2945
8543 1 9827
8544 3 7349 8707 6374
8545 3 1985 5030 5898
8546 1 6326
8547 2 5337 8321
8548 4 63 3017 2556 2623
8549 2 1283 1113
8550 4 852 4903 7595 1830
8551 4 2285 7173 7886 322
8552 2 5408 7602
8553 4 3477 716 2077 744
8554 5 6826 6914 9986 7933 3465
8555 1 4267
8556 4 5023 9572 7364 8873
8557 3 3573 7939 3654
8558 1 9518
8559 2 3204 1573
8560 5 1356 7452 7603 7449 2084
8561 2 1774 7952
8562 3 211 1488 4769
8563 1 6720
8564 3 301 3686 7821
8565 4 7799 2027 7128 623
8566 5 2755 564 7865 6526 9745
8567 4 4841 2517 89 4226
8568 5 4241 8682 846 6742 4497
8569 4 8087 1852 636 1968
8570 3 5762 9525 231
8571 3 2098 703 5394
8572 3 6861 2690 8250
8573 2 3188 3262
8574 5 1780 5448 6960 5936 5705
8575 4 6355 1459 5432 1276
8576 2 1192 2247
8577 1 9050
8578 5 663 1555 7452 3590 3734
8579 4 1636 8991 7958 9644
8580 3 7922 3501 9105
8581 3 8201 3855 8683
8582 1 4393
8583 1 410
8584 4 3175 4960 7847 5119
8585 1 7658
8586 4 8340 3236 2218 4171
8587 4 2299 2130 9319 3279
8588 4 9731 389 6025 1347
8589 4 8810 7132 9251 1061
8590 1 2538
8591 2 1803 8624
8592 5 751 1326 2352 4940 331
8593 1 5739
8594 1 7001
8595 5 9347 61 9903 2066 1807
8596 4 2096 571 8400 1776
8597 1 6227
8598 1 7435
8599 1 4496
8600 2 4571 6611
8601 2 5740 8210
8602 2 9481 271
8603 4 9390 6264 1171 4139
8604 5 8233 7938 279 1562 8400
8605 1 3462
8606 4 1733 869 6186 4940
8607 3 1116 3801 5899
8608 3 9196 5143 9619
8609 5 9972 314 264 6987 2204
8610 4 1023 6324 729 9656
8611 1 4389
8612 3 1345 4674 7747
8613 1 6946
8614 1 3689
8615 1 1582
8616 1 6565
8617 4 1758 553 9889 5278
8618 1 3734
8619 4 3809 7748 681 1691
8620 2 331 3091
8621 1 951
8622 1 2186
8623 2 7161 2627
8624 5 7859 6987 1028 9513 3359
8625 2 9397 7591
8626 5 984 5091 7368 5656 6604
8627 5 2707 1707 1242 9495 1150
8628 2 8879 2930
8629 4 7742 1571 8668 8933
8630 3 5104 9207 798
8631 2 8039 7971
8632 4 9647 2223 9543 6297
8633 2 3439 1376
8634 3 8035 1950 5001
8635 1 8057
8636 4 1100 8766 789 7653
8637 4 7625 8491 3830 4548
8638 2 408 8319
8639 4 5169 11 635 3831
8640 1 2369
8641 1 8267
8642 3 8225 3984 3676
8643 3 4202 9676 3672
8644 3 3561 2708 1898
8645 1 351
8646 5 1476 6842 8403 3240 8895
8647 5 516 6030 4094 2019 1714
8648 5 8458 9715 8861 5193 9225
8649 3 1598 4197 4384
8650 5 549 1566 5739 4280 3650
8651 1 3946
8652 3 1288 4243 271
8653 3 7870 8512 2693
8654 1 8840
8655 2 8531 5307
8656 5 3597 4417 7275 7372 5281
8657 2 1761 7570
8658 1 1379
8659 2 5452 1755
8660 4 3678 6588 5490 8628
8661 5 918 6811 1713 6434 5653
8662 5 3487 822 9212 2523 3913
8663 4 3472 9067 3606 4154
8664 4 314 2278 6340 6628
8665 4 3566 5984 8199 1196
8666 5 8071 5167 7171 2815 544
8667 1 2648
8668 5 665 7806 1782 4309 8403
8669 1 1513
8670 1 9758
8671 4 131 6177 856 1662
8672 5 5957 6784 5934 978 873
8673 3 2830 1498 1489
8674 4 8851 9858 7171 2545
8675 2 3316 7575
8676 5 8754 9187 4750 7814 4740
8677 5 4645 7097 2289 1179 7770
8678 2 19 4195
8679 1 2492
8680 1 3378
8681 5 3496 9833 4922 7815 4735
8682 5 1462 3385 2077 293 2725
8683 4 7250 2986 6807 7123
8684 1 873
8685 4 6012 459 3594 6412
8686 3 3154 3849 3634
8687 3 3408 4871 5884
8688 1 1266
8689 3 7783 1609 350
8690 2 4166 1401
8691 3 796 7140 9384
8692 4 589 2570 3067 3179
8693 1 3442
8694 3 7594 1176 461
8695 5 1630 7482 899 8079 1092
8696 5 6329 7525 4069 6220 7048
8697 2 7648 7381
8698 4 4954 7495 5280 712
8699 2 829 4482
8700 5 9711 1982 2281 2128 2196
8701 5 3874 2232 2100 3993 4460
8702 5 4584 6577 9549 5745 6142
8703 3 7123 2036 7540
8704 4 6333 1453 6037 7045
8705 1 2715
8706 1 4033
8707 5 4988 7975 1078 8294 3597
8708 4 308 3362 9363 2019
8709 2 4777 2570
8710 3 5278 8034 9436
8711 5 2343 6206 7188 6476 1034
8712 3 1315 434 9758
8713 1 2003
8714 3 9481 6983 9483
8715 3 60 1850 4850
8716 5 6879 4143 999 6663 6813
8717 3 224 2336 7620
8718 1 1441
8719 5 838 4502 2064 2016 1427
8720 4 71 4952 6171 6834
8721 5 2969 1486 8358 569 2624
8722 4 4975 5239 1320 904
8723 3 2252 6121 1111
8724 1 4968
8725 5 7337 5914 1770 1238 9342
8726 5 4112 1082 3806 8588 6351
8727 3 3746 8159 2837
8728 4 439 1560 2622 5971
8729 1 1675
8730 3 4794 1159 3904
8731 4 5968 4207 5611 4842
8732 1 1479
8733 4 7469 236 1688 9
8734 2 2463 1684
8735 3 292 2864 9646
8736 3 463 1768 44
8737 4 7057 9320 6427 6872
8738 1 1085
8739 2 1588 1576
8740 1 6191
8741 2 5774 9265
8742 4 7214 1555 5323 1403
8743 1 203
8744 1 7419
8745 3 2462 2227 5188
8746 4 5839 9602 7317 133
8747 3 8714 1398 7469
8748 3 1481 3272 6277
8749 5 4255 2382 8055 3275 9457
8750 5 3942 3012 6665 639 3453
8751 2 9920 5613
8752 5 469 879 1390 6650 652
8753 5 4283 6464 3045 8446 1350
8754 5 2521 3605 939 6635 4472
8755 1 6725
8756 1 747
8757 4 5699 606 7863 5455
8758 4 4152 6997 2316 5249
8759 5 3425 749 6195 335 7248
8760 5 4581 6542 3877 3839 2979
8761 2 1285 6330
8762 2 2462 5449
8763 3 1162 7196 9476
8764 2 3811 3884
8765 2 1140 4139
8766 2 1088 740
8767 5 8965 6409 2020 1708 4394
8768 2 4982 6860
8769 1 1812
8770 2 2678 8939
8771 1 4863
8772 5 6390 3387 7264 728 3417
8773 3 8336 1890 4986
8774 2 2497 5651
8775 3 1343 5488 4289
8776 5 470 3133 2495 4388 2455
8777 4 3078 2707 4713 4610
8778 4 8960 7220 1821 8343
8779 2 2853 7729
8780 4 2712 3780 7530 5786
8781 3 2547 5485 9485
8782 1 1049
8783 5 1612 250 3696 9088 7286
8784 1 3052
8785 4 4046 715 9182 2982
8786 3 6069 7127 4459
8787 5 4934 9921 1823 2600 3393
8788 5 7327 2962 1795 8258 929
8789 4 992 7543 8343 7914
8790 3 143 5908 8969
8791 1 4935
8792 5 2809 2469 553 6836 1421
8793 4 9043 2978 7092 6205
8794 3 6083 6219 4061
8795 2 1686 3123
8796 1 220
8797 3 356 2025 8818
8798 3 7666 194 2603
8799 1 2895
8800 4 511 509 4033 8778
8801 3 3846 2037 5728
8802 5 3914 3460 1658 2058 9764
8803 3 6994 6173 280
8804 1 4392
8805 1 7151
8806 5 1429 5215 960 3116 160
8807 2 4753 1344
8808 4 77 6044 4621 7747
8809 1 8244
8810 5 2021 6848 3978 794 851
8811 1 4219
8812 3 922 9961 9117
8813 5 425 6463 858 2352 9757
8814 5 155 5360 480 4248 1177
8815 4 3165 3513 5872 3093
8816 3 2628 2518 4772
8817 5 6435 58 4927 642 1398
8818 1 5632
8819 1 1399
8820 1 6982
8821 4 9370 5644 5112 9545
8822 3 2571 3271 7192
8823 3 1732 8963 8130
8824 1 420
8825 3 9613 4602 179
8826 1 5255
8827 3 8147 538 9022
8828 3 8298 6272 1055
8829 5 9661 7272 8944 1311 9150
8830 3 5314 928 6520
8831 3 4705 1673 2023
8832 5 8942 9258 3678 6650 1183
8833 4 5763 553 5701 9928
8834 4 7315 4046 5926 7441
8835 4 8028 9816 425 7050
8836 4 8438 39 68 2494
8837 5 3257 2604 4723 2733 6989
8838 1 2120
8839 4 5350 1496 5524 5532
8840 5 8723 7882 5482 9664 3795
8841 5 6023 8095 2895 3068 2811
8842 5 356 2260 8409 3536 9752
8843 2 38 3142
8844 5 86 462 1516 7622 9559
8845 3 7013 977 7668
8846 3 2271 7155 4672
8847 2 6578 6288
8848 1 1705
8849 4 2717 982 9952 7297
8850 2 1984 382
8851 3 8725 8275 8355
8852 4 7257 5395 7107 2588
8853 3 677 268 2114
8854 5 1015 2440 4618 3984 6462
8855 4 3550 1653 7567 3204
8856 2 8218 7490
8857 4 8605 8578 5540 5022
8858 5 4436 3820 9260 1911 4820
8859 1 885
8860 3 9155 4105 4786
8861 3 7033 1797 4649
8862 2 8738 4555
8863 2 5306 5591
8864 5 9487 1896 1407 8600 6720
8865 2 8133 9190
8866 2 7448 8492
8867 3 4056 5787 1456
8868 2 9820 1442
8869 2 9387 6767
8870 4 6024 6310 2960 3427
8871 5 2241 496 9518 1584 5030
8872 5 955 8451 8464 7786 5837
8873 3 4800 7567 4271
8874 1 2769
8875 1 1098
8876 3 2958 9600 7239
8877 5 819 9818 4098 5555 6450
8878 3 2993 311 9255
8879 4 2964 887 909 873
8880 3 2447 3218 8646
8881 2 6269 4296
8882 1 5806
8883 4 2878 5068 6943 8577
8884 4 2952 2846 9896 9145
8885 4 4970 114 6945 4948
8886 2 9129 4549
8887 1 5361
8888 2 8497 5895
8889 1 6186
8890 3 8669 1078 6593
8891 4 539 5116 556 8775
8892 1 2592
8893 3 1265 8574 2062
8894 4 1557 8088 7641 7501
8895 4 9839 2663 1569 3522
8896 1 5535
8897 5 1274 1078 7495 3852 3556
8898 3 1719 390 7895
8899 4 1826 6921 4084 8240
8900 4 2842 1804 9432 2480
8901 1 7232
8902 3 4470 3293 376
8903 3 9248 7333 6328
8904 2 5254 7330
8905 4 4605 2704 4861 1956
8906 2 3322 2659
8907 5 354 3815 5735 7181 5895
8908 5 138 8519 4463 2716 4042
8909 3 4877 5225 9145
8910 1 2052
8911 2 288 6798
8912 1 5390
8913 4 1548 8934 1944 22
8914 3 5706 4360 1712
8915 2 542 9988
8916 2 7354 7874
8917 4 3165 6972 1339 9641
8918 4 78 8469 4315 7257
8919 2 4076 9796
8920 4 2445 1468 9758 1705
8921 5 2487 5364 7070 3611 1671
8922 4 6406 989 1509 3040
8923 4 8643 3018 3041 4474
8924 1 2003
8925 5 2524 6147 7386 3556 3142
8926 4 2563 3615 7860 1067
8927 5 1278 9150 6658 5193 1375
8928 3 4978 4278 3523
8929 5 2088 6383 6692 5867 1536
8930 1 7321
8931 2 7633 4369
8932 1 6402
8933 4 2773 9403 2855 764
8934 1 7510
8935 5 8609 2564 279 9738 2061
8936 2 4943 6252
8937 4 847 7328 6394 7546
8938 3 7384 5342 2970
8939 4 2157 1922 3425 7851
8940 1 1852
8941 2 3662 185
8942 1 5985
8943 4 352 2061 5767 6851
8944 4 5683 684 1455 3756
8945 2 4349 2122
8946 5 424 7484 9754 3651 108
8947 2 1382 374
8948 2 3658 7834
8949 4 3088 3860 4205 2709
8950 5 3480 6241 9270 5242 4150
8951 4 2915 5283 1369 1316
8952 2 2231 225
8953 1 5155
8954 1 388
8955 2 9518 746
8956 1 7660
8957 2 5748 3589
8958 3 7082 2328 9953
8959 1 4584
8960 4 7307 9235 2415 9820
8961 3 546 5942 1842
8962 3 169 7904 4292
8963 3 1381 8232 470
8964 1 3345
8965 3 3074 1022 6406
8966 2 9101 4072
8967 2 88 411
8968 5 8156 9129 2566 513 5853
8969 1 3691
8970 3 6065 9073 278
8971 5 9927 2038 6752 1553 5382
8972 1 6789
8973 3 2480 1266 1531
8974 3 9948 3148 9439
8975 5 9796 7632 642 9500 9932
8976 1 4341
8977 1 4501
8978 1 8912
8979 1 2176
8980 1 521
8981 5 5702 1786 1379 7403 3352
8982 2 261 1671
8983 2 7547 3021
8984 2 7430 1464
8985 3 7050 2471 7545
8986 5 7035 8098 9944 1991 166
8987 2 81 4466
8988 4 583 6545 8578 3854
8989 4 2723 4102 136 564
8990 4 701 6443 3776 2532
8991 3 8671 4188 5183
8992 1 2648
8993 5 5917 4329 7824 2406 3285
8994 1 709
8995 1 7049
8996 3 2974 6413 4006
8997 5 2548 6039 1450 543 6607
8998 3 1174 5701 5263
8999 3 2597 1821 1004
9000 1 3276
9001 1 3312
9002 1 2625
9003 2 563 9423
9004 5 1978 7127 9893 8204 1614
9005 1 1612
9006 2 2120 9655
9007 1 1127
9008 5 7352 3241 1304 6166 3609
9009 2 7909 7580
9010 4 954 9348 1393 6824
9011 4 5807 7309 3164 9143
9012 2 6122 2164
9013 2 2307 1352
9014 5 1546 4514 644 4911 7242
9015 4 6185 7659 386 1957
9016 4 9795 1288 2428 7731
9017 4 6163 6114 6352 3802
9018 1 7391
9019 3 9987 8372 8580
9020 4 2468 9811 214 9407
9021 3 1168 4057 7526
9022 5 1973 3408 1273 960 2901
9023 4 5360 2196 5137 2836
9024 4 1294 7208 1996 9176
9025 1 4738
9026 4 9887 4608 4575 2219
9027 5 6447 7323 8268 6636 4266
9028 2 6112 7031
9029 2 65 9149
9030 4 3744 8890 2142 6922
9031 4 6924 5138 2622 5484
9032 3 7290 2707 2008
9033 4 4755 8093 9819 7568
9034 2 6179 877
9035 5 6605 1893 6481 6579 8832
9036 3 1286 8853 6576
9037 5 5105 9881 6394 6844 986
9038 3 3601 1234 7078
9039 1 6933
9040 5 1397 558 3976 8750 397
9041 3 6429 8964 903
9042 2 850 9893
9043 1 7872
9044 2 291 546
9045 3 1200 8116 7196
9046 4 6144 2590 9360 9211
9047 2 1983 1748
9048 4 3269 8288 571 9062
9049 2 1978 9260
9050 2 1176 5706
9051 3 6815 3187 7809
9052 3 4326 4393 3599
9053 1 2169
9054 3 3409 7545 900
9055 3 1096 7917 382
9056 3 2429 9918 4098
9057 5 8738 7074 3596 846 8666
9058 3 1173 3946 1067
9059 3 4339 6823 2515
9060 4 6491 3971 6937 7290
9061 5 2601 4054 1201 8512 9230
9062 1 4729
9063 1 5641
9064 1 156
9065 3 6898 2854 1282
9066 3 8079 2789 5589
9067 4 346 4721 7573 9390
9068 1 2274
9069 1 39
9070 3 2825 5526 3632
9071 5 793 9658 6294 5476 3910
9072 2 8822 6326
9073 1 1318
9074 2 4847 1732
9075 4 2206 6505 6323 3278
9076 3 2321 2420 8235
9077 2 9338 2278
9078 2 7460 8583
9079 3 4071 5097 1321
9080 1 862
9081 1 5813
9082 5 3406 1946 4314 1823 5941
9083 5 1873 7013 4013 3850 6246
9084 3 5238 6495 294
9085 1 8851
9086 1 6985
9087 1 1732
9088 5 3730 5501 916 7498 6165
9089 4 9204 2784 1065 2998
9090 2 5929 14
9091 3 3007 6696 752
9092 3 2984 6659 8444
9093 2 468 425
9094 2 141 3255
9095 1 7932
9096 5 5379 2685 3758 3888 1351
9097 1 6175
9098 5 6595 7267 6695 8306 8752
9099 2 7625 6895
9100 1 9887
9101 1 7758
9102 5 5408 6963 7250 2719 152
9103 5 2692 1950 4909 506 499
9104 2 6601 2242
9105 1 6263
9106 4 4030 8385 325 704
9107 3 9686 4095 888
9108 4 3405 2024 3490 2034
9109 3 1266 843 4996
9110 3 9425 3269 4845
9111 4 2736 6370 8523 4557
9112 2 7685 4631
9113 1 2140
9114 4 5131 9865 737 5167
9115 2 4491 4973
9116 5 2822 9460 8023 4105 5334
9117 4 8016 5210 6759 8741
9118 4 792 1261 2496 3477
9119 1 2361
9120 2 1138 9560
9121 4 6400 8302 760 6973
9122 3 3551 9544 5457
9123 3 7587 961 8392
9124 5 4561 9612 583 6004 9312
9125 5 9187 9631 9239 553 3251
9126 2 405 9161
9127 2 6240 9362
9128 4 4419 6588 4133 8462
9129 4 832 9239 6147 2633
9130 3 5431 1598 6306
9131 2 3936 1314
9132 5 3354 952 6183 8544 2836
9133 2 1040 7384
9134 1 2584
9135 3 4742 5386 25
9136 5 4217 3183 7385 588 4770
9137 3 7489 6872 324
9138 4 371 4262 7579 5714
9139 5 100 4670 4267 7106 6501
9140 3 5757 917 3092
9141 4 5985 1910 3466 9158
9142 1 5633
9143 5 5488 208 8642 6347 9765
9144 5 1669 8734 138 4753 4333
9145 3 2555 943 6457
9146 3 2597 8575 2005
9147 4 4384 4417 93 9902
9148 2 7978 343
9149 1 4529
9150 3 2369 8085 2416
9151 4 5784 9219 814 6424
9152 5 9406 1090 111 4847 6358
9153 1 5005
9154 2 7452 6184
9155 2 5480 9367
9156 2 5609 779
9157 1 8717
9158 3 979 7031 1888
9159 2 1169 6584
9160 1 3741
9161 5 8652 2228 3668 3979 608
9162 5 1486 5040 8510 2435 2756
9163 2 626 2111
9164 4 7429 3579 7191 9211
9165 2 7236 1772
9166 3 4210 7876 6682
9167 2 6649 2995
9168 4 4857 1083 2830 2112
9169 1 7693
9170 5 3977 3876 2568 5361 7611
9171 5 6686 3939 8931 1734 6115
9172 1 8404
9173 2 9834 2512
9174 2 3504 6029
9175 1 9225
9176 2 9873 8477
9177 3 2852 233 1440
9178 4 2418 8506 7529 2681
9179 4 1759 7031 8730 6782
9180 3 3880 2604 8819
9181 2 5010 6259
9182 2 5898 2049
9183 3 3690 2490 1538
9184 4 6715 9425 4847 6885
9185 2 19 8443
9186 2 8004 5864
9187 4 6060 9963 8700 4072
9188 3 177 5849 2058
9189 1 4922
9190 1 1845
9191 3 1320 7168 4641
9192 1 577
9193 3 6531 704 8770
9194 4 6273 7527 4052 787
9195 2 676 4974
9196 3 1642 7400 4683
9197 5 4075 9534 3198 56 2430
9198 4 1443 1107 396 4502
9199 5 1381 6966 8873 7452 2638
9200 3 1544 7814 6409
9201 1 7890
9202 5 5711 2236 7654 454 8555
9203 2 6328 9699
9204 5 602 2148 2571 7571 9615
9205 4 3094 2181 80 2058
9206 2 1023 2521
9207 2 6451 8133
9208 5 9477 8191 6018 8261 2942
9209 3 801 5090 6214
9210 4 3327 4242 8178 1036
9211 2 1483 2097
9212 1 9010
9213 5 1532 2364 8256 9049 6751
9214 3 2264 5457 5943
9215 2 190 1743
9216 4 1174 2466 9990 594
9217 1 7663
9218 5 5067 726 3526 1328 7390
9219 4 3883 7751 637 8539
9220 1 804
9221 5 588 124 4191 3342 9196
9222 3 7816 3004 3782
9223 4 4075 2312 2194 4882
9224 4 7863 3455 5203 0
9225 4 1644 9143 241 8582
9226 5 4132 4709 2818 8764 5421
9227 2 6512 1343
9228 4 6666 382 841 5827
9229 5 1248 4643 2603 8238 2847
9230 3 3307 7088 1940
9231 5 3460 6072 1301 7794 2153
9232 5 5471 6279 9652 6399 4710
9233 4 6009 8968 2568 7051
9234 3 833 1912 313
9235 2 1342 1402
9236 5 8494 5408 7898 1322 2531
9237 3 4658 3834 2538
9238 2 6763 8175
9239 5 5399 7492 1697 4660 5595
9240 3 812 56 2844
9241 1 3450
9242 2 2558 228
9243 1 8503
9244 4 6066 6152 3716 2729
9245 2 4934 8260
9246 4 2488 7885 5373 2082
9247 4 8716 4965 5373 410
9248 3 6202 6579 2572
9249 4 1492 8300 2575 6820
9250 1 1975
9251 4 596 8350 7532 9713
9252 3 885 3313 3002
9253 2 3717 1402
9254 4 655 7733 6757 8559
9255 4 6494 1861 5708 8661
9256 4 9596 3038 9968 1764
9257 2 4285 1215
9258 4 5189 6431 7119 7571
9259 3 6991 5631 2681
9260 3 1343 3654 3037
9261 4 879 2007 986 2672
9262 2 2467 3337
9263 4 1200 3168 2316 9169
9264 3 4905 5999 6606
9265 5 2309 3804 7040 2336 8429
9266 1 7201
9267 1 2376
9268 5 1916 8008 1370 5110 1339
9269 4 9581 6564 5420 5610
9270 2 782 3690
9271 2 9899 680
9272 1 6186
9273 4 1311 4657 6392 5246
9274 5 1103 1057 5238 9463 7257
9275 3 7543 3338 912
9276 3 8507 9735 4475
9277 2 7097 7035
9278 3 9403 1639 5029
9279 4 7679 846 5931 4203
9280 3 8573 5723 3616
9281 5 2320 164 7996 8317 9650
9282 1 4782
9283 3 4241 4487 6195
9284 1 6993
9285 3 3290 2513 4356
9286 1 8535
9287 2 360 9798
9288 3 1339 4081 9276
9289 1 3716
9290 4 7547 6115 1956 5301
9291 3 8765 9786 3466
9292 5 6824 3127 2736 375 2861
9293 4 1845 4065 2978 3651
9294 1 9409
9295 3 6543 4137 4186
9296 1 6073
9297 2 293 5329
9298 2 3367 3239
9299 1 3425
9300 2 5441 8731
9301 5 5413 103 1089 7734 5531
9302 4 7509 7791 8846 4986
9303 5 2181 3412 2303 7701 7121
9304 4 343 2873 1202 7961
9305 5 1236 5644 110 1239 5092
9306 4 9222 7625 4718 9144
9307 4 9992 2096 8979 1210
9308 3 8245 9570 2405
9309 4 5801 0 7530 2074
9310 2 9465 8088
9311 2 7982 8989
9312 2 572 9809
9313 2 1270 9203
9314 4 8225 5794 466 9517
9315 3 3253 3263 7788
9316 2 8902 1179
9317 2 5256 3857
9318 3 2152 9179 494
9319 1 8134
9320 3 3430 1136 900
9321 1 1907
9322 5 5026 67 5799 1235 1204
9323 3 6768 7108 4658
9324 1 6778
9325 2 5694 4985
9326 2 5959 7463
9327 5 7002 7621 270 6432 5896
9328 5 5992 2410 6932 2315 8100
9329 3 992 1087 1293
9330 1 6810
9331 3 705 595 472
9332 4 8707 3434 2627 7792
9333 1 65
9334 5 143 1371 7999 9800 623
9335 1 5876
9336 4 875 1435 8434 3497
9337 4 8406 3487 5437 7059
9338 1 2536
9339 1 1072
9340 5 4887 1315 9155 3433 552
9341 3 2170 6628 6889
9342 4 265 5606 3824 4372
9343 4 8403 3505 2352 1611
9344 2 1536 493
9345 2 8529 6900
9346 5 8702 9812 8621 6435 7628
9347 5 2424 3176 7776 9340 7312
9348 5 10 311 518 4432 1231
9349 1 8324
9350 5 6930 4290 8255 541 2880
9351 3 3372 3912 890
9352 1 8356
9353 5 5417 8400 5611 1450 4061
9354 3 6157 7088 8326
9355 5 345 1183 2295 4753 2355
9356 2 2472 3071
9357 2 6867 9403
9358 4 8165 4369 1105 1080
9359 1 4979
9360 1 9606
9361 3 6568 4970 6246
9362 2 2978 3321
9363 2 1982 3554
9364 3 9768 76 9733
9365 4 5848 3974 1054 4556
9366 3 6616 9207 7717
9367 5 8684 2915 4472 9422 1148
9368 1 2604
9369 3 4292 182 5194
9370 1 4844
9371 5 6506 9183 436 7462 1726
9372 5 7953 566 845 9077 4359
9373 1 883
9374 1 7367
9375 4 9494 6891 5436 3035
9376 2 6380 9984
9377 1 7148
9378 3 6740 7661 2290
9379 4 2304 7350 9463 7484
9380 3 5940 5983 264
9381 3 1690 2389 5040
9382 1 5919
9383 5 4265 5178 4606 6040 9849
9384 4 433 7813 3692 578
9385 2 5605 2855
9386 4 8517 2520 1691 8331
9387 4 4487 1516 7806 2197
9388 2 5667 9055
9389 4 3403 2224 7798 561
9390 2 8868 9704
9391 5 7874 6590 2260 5822 4923
9392 1 2473
9393 4 433 1429 8395 7268
9394 3 6605 2246 2383
9395 3 472 6530 9984
9396 4 1946 296 860 2647
9397 1 7555
9398 3 4122 8494 4394
9399 5 267 563 6781 5993 4214
9400 2 2398 2728
9401 3 5253 8947 1748
9402 3 9473 6089 1142
9403 1 4824
9404 5 9133 1994 7367 2947 2331
9405 1 7667
9406 4 5683 1453 7151 8184
9407 3 9405 3104 9199
9408 4 1870 3375 9177 4150
9409 1 9232
9410 2 333 9910
9411 4 8459 1757 3170 1236
9412 4 7252 8976 5088 6343
9413 1 8017
9414 4 1938 5682 6971 4815
9415 5 9516 687 669 5569 6107
9416 5 2482 2657 6397 2898 620
9417 2 4709 3033
9418 1 8981
9419 4 8211 8724 6825 8030
9420 5 846 2541 8089 511 3565
9421 3 9174 9372 5734
9422 1 5
9423 1 2066
9424 1 657
9425 1 5502
9426 5 8882 118 1793 2681 5414
9427 1 6016
9428 2 5537 6736
9429 1 3183
9430 5 6606 809 5692 137 6739
9431 3 7834 2278 6345
9432 1 2085
9433 4 1203 8454 1880 9205
9434 1 9354
9435 5 6879 2708 249 7243 2455
9436 4 1824 4255 9197 801
9437 2 5018 2265
9438 3 5417 9901 7428
9439 3 3390 2688 5499
9440 4 4167 9793 7647 7317
9441 4 971 4032 370 2463
9442 2 6427 8421
9443 3 4143 225 9068
9444 4 608 170 7214 1386
9445 2 1354 3409
9446 2 8600 4467
9447 4 615 4717 6043 8739
9448 1 480
9449 5 2103 1358 8928 9033 1907
9450 1 5673
9451 1 7615
9452 4 1134 5355 4459 6456
9453 5 8257 3695 2521 9389 8829
9454 5 6775 7940 1613 8469 2534
9455 1 8272
9456 5 5620 1995 9838 4274 5794
9457 5 3112 4546 436 4253 5761
9458 3 7227 8911 3325
9459 2 896 1039
9460 3 9948 3 885
9461 4 1064 854 3402 1690
9462 1 947
9463 2 6017 7033
9464 5 7673 1569 4524 4902 4619
9465 5 4293 1364 7983 1195 1650
9466 4 1739 159 2022 4283
9467 5 3449 9358 802 9170 5562
9468 1 7001
9469 4 9987 492 7238 5898
9470 5 1844 9645 179 2546 7230
9471 4 5233 1754 2758 9212
9472 2 3940 7131
9473 4 6826 2426 2802 4881
9474 4 3100 2827 4236 7244
9475 5 5940 9337 7586 4879 9036
9476 1 3569
9477 5 7723 9507 433 8200 8753
9478 5 2168 5148 4380 8854 9530
9479 5 9070 9148 8787 5 9837
9480 3 8771 2183 2172
9481 2 4442 4993
9482 5 9021 6852 8278 2123 7357
9483 1 175
9484 5 2176 7610 3659 9131 7919
9485 2 9124 895
9486 3 1685 9941 6674
9487 3 6879 3320 48
9488 4 2281 7908 1194 1892
9489 2 7032 9715
9490 1 5024
9491 4 5264 2321 9794 8834
9492 1 3292
9493 1 8212
9494 2 1746 6711
9495 2 7942 8827
9496 3 4268 1137 1111
9497 5 1644 2113 7732 1591 7179
9498 1 354
9499 3 7729 1701 2149
9500 3 1367 7027 1899
9501 5 153 2210 2767 95 3610
9502 1 5245
9503 4 1848 2923 887 8746
9504 4 98 2039 8910 9256
9505 3 5877 7588 1058
9506 1 9932
9507 5 3364 3223 1592 3205 5680
9508 3 8611 8286 6140
9509 3 6480 1642 2997
9510 2 8007 4232
9511 2 9909 6499
9512 3 752 2109 6360
9513 3 981 2209 649
9514 2 3075 2107
9515 3 8159 762 3699
9516 4 6414 4980 787 6256
9517 4 2739 9563 1817 5362
9518 1 7302
9519 5 2826 7398 4732 9752 3765
9520 3 3242 2356 1911
9521 3 2831 6568 7244
9522 5 1705 6162 5836 58 3679
9523 3 464 7516 6624
9524 4 3828 3047 9356 432
9525 5 5868 1105 3596 7100 2214
9526 4 6239 131 2994 6017
9527 3 6808 4766 1565
9528 5 2264 8129 8842 8015 3150
9529 4 1013 6430 7284 1231
9530 2 3901 8744
9531 3 1920 7182 7523
9532 1 8611
9533 5 2087 1324 7522 3054 2903
9534 2 9402 2552
9535 1 3035
9536 3 2534 3923 7326
9537 1 312
9538 5 1448 1916 3413 4289 8230
9539 2 8172 8660
9540 4 8431 5659 397 8215
9541 3 3183 1298 1761
9542 3 3261 7240 4545
9543 2 1681 392
9544 3 6309 5301 8230
9545 3 9194 8453 6718
9546 2 2667 9824
9547 5 5848 9307 225 9550 8284
9548 5 6495 8771 3621 4481 1953
9549 5 1100 9947 4198 398 2251
9550 5 1268 3801 9919 5872 4655
9551 1 1420
9552 2 189 973
9553 1 2380
9554 4 1320 7277 6976 9460
9555 2 6513 4303
9556 4 6572 7816 4060 7826
9557 5 230 4668 9167 5123 7037
9558 1 5193
9559 3 1845 3418 1564
9560 1 6812
9561 1 2858
9562 5 7948 8534 7109 1298 941
9563 4 8700 3501 6555 5711
9564 5 3216 9673 7007 700 2567
9565 2 3209 2978
9566 4 254 9891 9687 1521
9567 3 1419 8500 956
9568 3 2648 9986 5073
9569 5 5905 7599 742 2193 7693
9570 5 19 4769 3467 6226 9145
9571 2 3667 6661
9572 3 6899 9532 1941
9573 2 5718 9567
9574 1 9465
9575 4 715 1134 429 3338
9576 3 6382 1830 4858
9577 3 3981 2187 5008
9578 4 4719 9959 3594 5673
9579 5 5820 3554 1902 3077 8523
9580 3 427 5568 5953
9581 5 6124 8145 7875 1162 2210
9582 3 1341 3767 6073
9583 1 1863
9584 2 9706 6520
9585 3 4130 3938 4440
9586 1 1553
9587 4 3439 8500 1802 489
9588 1 1937
9589 2 1056 413
9590 5 7757 276 173 168 2433
9591 2 7548 7541
9592 5 9403 5025 7149 3409 8152
9593 3 4650 160 1694
9594 1 203
9595 4 9392 1091 7927 8464
9596 3 5566 240 3859
9597 4 8995 4411 1067 6413
9598 2 7168 9025
9599 5 191 4973 5764 3642 3560
9600 3 6993 1848 4181
9601 5 6161 7567 3382 2155 6754
9602 1 7367
9603 1 8123
9604 3 279 5136 42
9605 4 2569 3497 8401 913
9606 3 2642 9969 162
9607 3 2300 965 6988
9608 5 4135 594 800 7351 9903
9609 1 5311
9610 3 6361 9294 1554
9611 3 4495 9523 5259
9612 4 1896 3448 8364 3896
9613 2 2678 2135
9614 2 1158 6537
9615 3 4485 6443 2935
9616 1 2106
9617 4 7486 2313 5 6756
9618 5 9589 7994 1630 4949 5896
9619 1 6549
9620 1 1623
9621 4 1505 5924 181 8
9622 3 2050 6582 6591
9623 3 1618 2647 2952
9624 3 4962 8189 6357
9625 4 7020 6524 1625 1707
9626 1 7049
9627 2 4178 3265
9628 1 6186
9629 4 2700 1531 7646 4051
9630 2 6171 5601
9631 5 6062 1048 2875 2456 5875
9632 3 9559 1191 1727
9633 2 2876 1943
9634 1 9167
9635 2 1691 2566
9636 4 2710 396 8793 7029
9637 1 7931
9638 3 4590 8646 7029
9639 5 1254 7946 9847 6720 468
9640 1 6948
9641 5 457 6472 6293 373 4623
9642 4 5344 2447 8812 5502
9643 2 1327 6955
9644 3 1317 2166 6348
9645 1 8315
9646 4 5786 9349 8111 3965
9647 2 4749 1297
9648 3 7298 1459 1747
9649 5 8633 9059 8274 2204 6301
9650 1 9446
9651 1 6857
9652 5 2840 1164 6009 1113 4308
9653 2 3086 498
9654 2 3469 390
9655 5 6842 5475 5931 7984 4344
9656 5 2138 2669 3996 4488 3336
9657 5 1943 2684 1520 1462 6113
9658 2 304 8294
9659 2 3636 1461
9660 2 7986 5996
9661 5 8237 1870 125 7354 4315
9662 2 3454 6757
9663 5 7812 6597 5876 913 7177
9664 1 397
9665 2 363 5278
9666 4 8076 7384 2141 8983
9667 3 7691 2767 503
9668 5 7302 3205 6099 5959 6705
9669 5 2077 6370 4162 1320 9140
9670 5 6014 4805 313 679 479
9671 5 1874 1576 8695 9306 6034
9672 5 4403 1888 2792 8466 4067
9673 5 5079 1269 4617 67 3095
9674 1 2496
9675 4 1945 8177 6111 7496
9676 2 5390 9822
9677 4 3695 4343 2200 7272
9678 5 6783 2050 6550 4561 4507
9679 5 9263 9994 5415 4580 9600
9680 4 2021 6930 8237 6181
9681 2 6786 2173
9682 5 6431 4124 2022 2194 9908
9683 3 635 1791 2168
9684 5 595 281 457 2101 2956
9685 4 4949 1144 6271 8917
9686 2 3336 1686
9687 1 5258
9688 2 7147 9718
9689 3 9840 1251 1658
9690 4 2018 7179 2288 84
9691 1 2337
9692 5 8468 6658 4422 4859 8685
9693 3 6931 2739 5466
9694 2 3770 721
9695 1 3764
9696 1 492
9697 5 2665 2310 2595 9010 8481
9698 1 6814
9699 5 2713 6862 20 5844 6366
9700 4 2526 6513 259 8154
9701 5 3525 7489 8275 6918 5555
9702 5 7623 4934 6275 4786 9730
9703 5 2247 1590 2549 2066 1870
9704 4 918 2202 4889 2072
9705 1 8564
9706 2 4740 2171
9707 4 3624 9543 7270 4276
9708 5 1291 9253 102 4295 6297
9709 2 8380 2939
9710 2 7178 3315
9711 3 2058 0 5453
9712 1 7710
9713 4 1286 9543 2296 8735
9714 3 3046 9064 8719
9715 4 7777 8773 5027 6523
9716 4 7644 3520 8441 8656
9717 4 9320 3483 1688 2179
9718 2 8544 4010
9719 3 9040 5675 2714
9720 4 2126 5675 4316 4064
9721 1 9421
9722 4 817 4642 8272 6531
9723 4 760 4377 1276 573
9724 3 7304 5188 3156
9725 4 1035 6642 9814 2146
9726 3 3957 9045 1196
9727 2 8299 1242
9728 4 1727 8321 1625 9689
9729 1 3964
9730 5 621 1956 5336 4385 1581
9731 4 1503 661 562 1276
9732 4 5236 5587 6357 1728
9733 2 2724 1859
9734 1 2029
9735 1 767
9736 1 3253
9737 3 5020 8558 2170
9738 1 3513
9739 1 3188
9740 2 7883 4758
9741 3 3450 6715 2876
9742 4 825 4155 8720 9040
9743 4 3135 8540 2505 8024
9744 3 2868 6715 4936
9745 2 5384 7763
9746 1 7576
9747 1 300
9748 3 3955 2965 4654
9749 2 8940 486
9750 3 104 6798 941
9751 5 4890 6191 9960 1489 2567
9752 2 8476 2200
9753 3 8143 3208 5703
9754 5 8416 5205 8765 4958 5101
9755 2 9718 468
9756 3 523 8013 409
9757 3 560 1841 3054
9758 2 4440 347
9759 3 6846 1852 8607
9760 1 1047
9761 3 4673 2347 681
9762 4 9002 9414 645 7472
9763 3 8195 817 8996
9764 1 8505
9765 4 5265 4330 6609 3452
9766 1 9879
9767 2 5570 9158
9768 1 3910
9769 5 9315 2129 4484 3716 7627
9770 2 9850 7442
9771 1 1260
9772 1 7773
9773 5 5796 4902 8862 6561 5349
9774 2 3663 1281
9775 3 2504 7067 1505
9776 2 899 9618
9777 5 5336 1778 2418 9622 2896
9778 3 6451 7786 192
9779 2 801 4790
9780 2 8134 8080
9781 5 2161 381 8123 6621 8777
9782 4 7229 9697 9500 342
9783 5 1289 4977 8146 9682 7994
9784 2 344 2342
9785 2 6388 7482
9786 1 5726
9787 5 7849 655 8306 8907 5400
9788 4 5852 8458 5795 1168
9789 3 5158 7440 9576
9790 5 3906 9300 1311 1546 5430
9791 5 1369 4593 3315 5615 2598
9792 4 1028 6561 2947 6526
9793 4 8393 578 283 7864
9794 5 2743 5715 8262 301 7013
9795 1 2467
9796 5 569 7012 6213 4409 1860
9797 2 2070 321
9798 5 2906 5912 8831 3194 6503
9799 5 3018 6437 4003 2838 5237
9800 1 5001
9801 2 7289 7820
9802 5 1709 7221 2194 736 553
9803 1 2902
9804 1 8142
9805 4 6875 6554 2344 1937
9806 5 9630 1644 5392 8890 1609
9807 2 1933 2216
9808 5 1009 4340 5482 166 5927
9809 3 7515 973 7192
9810 2 4159 7035
9811 3 6279 7640 6042
9812 2 441 5741
9813 2 5573 1473
9814 2 5733 8568
9815 3 5358 5488 2463
9816 5 7764 6236 6013 4126 928
9817 1 1976
9818 3 4269 8304 6895
9819 2 9572 1791
9820 5 1056 3144 1014 2864 9908
9821 1 481
9822 3 1401 4922 919
9823 3 4791 254 594
9824 4 626 7857 3376 4898
9825 1 7371
9826 4 2655 1435 6123 9442
9827 5 4668 4313 5554 9517 3384
9828 1 4771
9829 4 3687 3725 5819 3518
9830 2 6364 1931
9831 4 5837 450 40 824
9832 5 5639 3656 5737 3013 8932
9833 5 8037 5135 6715 2731 8975
9834 3 3478 5692 1189
9835 3 654 9593 616
9836 1 6621
9837 4 1147 8883 5141 411
9838 5 6644 6498 9289 4187 5057
9839 2 109 9322
9840 4 1716 7219 5602 1359
9841 1 2483
9842 3 1052 1379 5767
9843 4 8995 1844 2031 597
9844 4 8150 5605 322 5173
9845 1 573
9846 3 7252 3703 8927
9847 4 6064 5470 40 8540
9848 5 1042 2941 237 6404 3462
9849 1 2061
9850 2 8777 8921
9851 3 22 4936 4607
9852 2 1898 2706
9853 1 4635
9854 5 1853 9834 9069 4629 3815
9855 2 1480 6793
9856 5 6718 9000 5604 3141 2404
9857 2 9877 1055
9858 2 2710 1809
9859 2 7884 4401
9860 2 2449 8575
9861 4 5801 2200 2678 6783
9862 5 1291 9881 9390 8208 2267
9863 4 4977 8276 3513 6618
9864 3 2842 4535 3618
9865 5 1930 1964 8515 8346 4003
9866 1 8806
9867 2 799 3574
9868 2 9627 4248
9869 1 1057
9870 2 6827 1072
9871 5 1055 8812 9244 4502 6742
9872 4 4949 8787 5037 2644
9873 5 9709 7815 6028 3988 1334
9874 5 251 1017 7424 326 5397
9875 3 466 1118 7086
9876 4 2798 4551 1566 7333
9877 5 7543 9729 8609 5627 80
9878 4 2409 2704 2485 1625
9879 2 8926 716
9880 4 527 2591 1941 384
9881 1 4593
9882 4 273 6073 5653 8519
9883 2 2485 2325
9884 4 793 7968 7753 7823
9885 1 6209
9886 2 4631 3764
9887 2 6586 2151
9888 1 5504
9889 2 1336 2468
9890 3 9016 6139 2234
9891 3 9059 3294 8364
9892 4 8456 4812 417 1059
9893 5 1657 2948 2010 5940 191
9894 4 7110 4592 5746 9641
9895 2 8457 3067
9896 5 9482 5953 2403 2762 3838
9897 4 574 2258 3762 1916
9898 2 3149 2784
9899 1 1240
9900 5 8083 9728 8682 5320 1324
9901 5 5662 2409 55 4624 650
9902 3 2461 4005 6984
9903 3 3770 5860 2356
9904 3 1570 9478 388
9905 4 1536 3845 2903 1420
9906 1 4146
9907 2 7424 6925
9908 2 5286 5740
9909 5 9987 4580 5571 5771 196
9910 1 9161
9911 5 8725 9447 8333 1880 9244
9912 4 6148 5737 4491 53
9913 1 1750
9914 4 2573 513 3212 4184
9915 4 9299 2937 4451 484
9916 5 772 8326 11 8335 1436
9917 4 2224 245 1039 8547
9918 1 5107
9919 4 7186 7578 1528 8363
9920 1 2298
9921 2 8108 3687
9922 3 3845 6669 9983
9923 4 6125 3455 787 3469
9924 2 4331 6525
9925 5 2788 3441 4824 2077 2691
9926 4 6437 1769 9636 5855
9927 4 2927 9951 8145 7801
9928 1 4437
9929 4 6864 5138 2607 7707
9930 2 5357 7319
9931 1 5132
9932 4 9449 3401 430 2694
9933 1 162
9934 4 4855 7963 9046 1332
9935 5 4264 3751 1127 4555 5843
9936 3 7795 559 631
9937 3 2408 7905 8535
9938 4 335 1180 3687 218
9939 5 7854 4479 6774 7393 6731
9940 5 3655 4475 6518 837 5075
9941 3 6562 6567 2301
9942 5 2405 8636 2132 9395 4382
9943 4 2446 6600 7257 2214
9944 1 5768
9945 2 2968 8910
9946 5 3606 2556 6074 736 6383
9947 4 2424 2602 3201 2170
9948 4 2632 6912 7210 5562
9949 5 2758 6608 6819 7522 1938
9950 3 3396 6376 1650
9951 4 5124 3186 9988 5359
9952 4 1253 2009 3082 5757
9953 1 2603
9954 3 2494 7069 145
9955 2 5288 6126
9956 1 7624
9957 4 6103 2069 5817 2388
9958 3 5536 1053 194
9959 5 8643 2342 4999 1253 6348
9960 5 9165 8262 8222 1536 343
9961 5 135 8706 799 2491 2765
9962 3 5824 3568 890
9963 1 4677
9964 3 6970 5631 625
9965 3 9587 2837 3537
9966 5 1509 2680 8639 7369 2225
9967 1 168
9968 2 4814 8407
9969 4 333 1978 4935 724
9970 4 6654 871 1345 343
9971 1 4918
9972 3 1311 3199 8728
9973 3 8184 5681 1610
9974 3 9383 7087 1312
9975 4 437 3564 2833 2484
9976 4 8993 3029 1376 1399
9977 3 829 3174 6428
9978 3 1013 2643 1643
9979 1 998
9980 5 5956 6666 5566 683 7682
9981 5 8340 2109 1734 697 4310
9982 2 866 1173
9983 3 6107 1571 9838
9984 3 6559 6932 8487
9985 2 9963 8702
9986 2 357 5038
9987 2 17 6945
9988 2 366 7923
9989 5 6841 3636 2543 2619 972
9990 1 9533
9991 3 8548 2264 8579
9992 4 244 108 9374 3900
9993 1 5435
9994 1 9662
9995 4 9452 6092 6864 2219
9996 3 1585 6064 5860
9997 1 2163
9998 1 9874
9999 1 2688
SOURCE 0
