10000 30000
0 3 1 13 2 17 41 0
1 5 2 7 36 6 47 8 22 1 13 2
2 1 3 6
3 3 4 2 41 14 42 5
4 5 5 12 30 10 20 2 51 8 6 13
5 4 6 16 44 14 54 12 33 17
6 4 7 -1 11 7 45 11 32 2
7 2 8 10 21 18
8 5 9 9 25 -1 19 17 49 2 43 12
9 2 10 20 48 5
10 1 11 18
11 3 12 0 55 12 45 12
12 4 13 0 34 -3 17 18 49 7
13 5 14 10 42 8 44 9 45 2 22 6
14 6 15 -1 55 7 43 -4 27 13 57 10 39 2
15 3 16 5 62 9 45 0
16 2 17 15 30 10
17 3 18 -4 64 6 61 14
18 5 19 11 29 0 58 9 44 1 27 -1
19 1 20 8
20 1 21 19
21 3 22 3 60 15 62 20
22 6 23 -4 53 17 71 2 70 16 42 8 50 19
23 5 24 15 57 9 48 20 73 13 61 12
24 3 25 10 42 11 35 16
25 2 26 7 67 -3
26 3 27 1 66 9 39 5
27 3 28 7 54 11 53 5
28 2 29 13 57 19
29 4 30 10 55 17 65 8 67 11
30 5 31 -2 50 15 73 6 79 4 50 18
31 2 32 13 74 19
32 4 33 1 75 -4 43 -3 64 7
33 3 34 14 77 0 47 16
34 2 35 19 47 9
35 4 36 12 79 6 80 16 74 0
36 3 37 19 78 15 42 -4
37 6 38 17 54 15 71 18 70 20 76 20 87 17
38 6 39 15 42 11 39 -2 75 -3 68 10 66 18
39 5 40 11 53 9 75 3 60 -1 86 10
40 4 41 -3 49 -3 87 8 69 7
41 2 42 12 46 7
42 3 43 18 63 -2 79 -3
43 4 44 11 57 10 80 16 62 14
44 3 45 -1 49 3 50 16
45 3 46 12 65 6 89 -2
46 6 47 5 78 6 55 14 65 19 65 -1 57 9
47 5 48 -1 64 9 85 14 72 15 50 16
48 2 49 -4 92 -3
49 5 50 4 63 12 87 15 97 4 83 8
50 6 51 18 78 5 65 4 85 14 63 17 52 6
51 2 52 19 58 -1
52 4 53 16 96 2 78 3 101 7
53 1 54 3
54 2 55 12 82 2
55 3 56 17 88 19 99 20
56 1 57 7
57 2 58 12 88 -4
58 6 59 4 80 0 92 -1 68 -4 92 7 96 -4
59 4 60 0 62 8 105 2 106 9
60 5 61 8 85 11 61 -2 93 2 103 1
61 6 62 0 105 12 74 17 66 20 71 19 86 6
62 3 63 -2 78 13 106 -3
63 3 64 18 64 13 80 -1
64 4 65 7 105 20 103 11 107 5
65 4 66 9 75 20 115 -4 76 11
66 2 67 3 69 11
67 2 68 5 88 15
68 2 69 18 113 -3
69 4 70 -1 77 3 101 5 115 17
70 4 71 14 79 14 81 14 117 7
71 4 72 -4 80 3 79 -2 110 -2
72 1 73 17
73 3 74 1 109 -1 99 16
74 2 75 11 112 19
75 4 76 -1 117 -2 89 7 100 18
76 4 77 7 119 -2 117 -4 91 4
77 1 78 10
78 3 79 13 118 6 118 20
79 3 80 12 108 10 127 10
80 4 81 -2 115 19 83 13 96 0
81 4 82 3 110 6 103 15 125 -2
82 5 83 -2 108 10 91 -4 130 13 119 13
83 3 84 16 121 12 128 15
84 4 85 17 125 6 123 18 132 0
85 1 86 11
86 2 87 17 113 19
87 1 88 15
88 4 89 -3 105 9 117 13 117 0
89 5 90 5 101 5 108 12 92 10 97 8
90 2 91 -4 133 14
91 3 92 20 128 12 99 5
92 4 93 12 124 18 133 3 118 11
93 6 94 17 94 11 105 20 110 2 133 11 116 7
94 3 95 -2 102 20 95 1
95 3 96 -3 113 7 139 -2
96 3 97 15 131 11 129 2
97 4 98 11 110 7 123 2 110 15
98 4 99 -4 135 4 105 2 148 7
99 3 100 1 117 1 105 18
100 3 101 3 128 -2 146 10
101 3 102 3 118 0 135 15
102 3 103 5 130 20 128 -4
103 3 104 7 147 5 135 18
104 4 105 1 105 0 133 14 105 8
105 3 106 16 137 20 121 6
106 2 107 17 107 7
107 3 108 -1 124 18 114 12
108 5 109 2 127 10 126 0 145 19 143 6
109 3 110 19 129 15 145 6
110 3 111 -3 140 7 114 11
111 3 112 -4 148 -2 142 10
112 4 113 4 114 18 131 19 157 9
113 2 114 0 145 3
114 2 115 15 152 -2
115 5 116 18 155 -3 150 17 158 19 165 19
116 1 117 1
117 5 118 1 146 3 125 13 126 14 124 11
118 1 119 7
119 4 120 9 146 -2 163 16 135 5
120 4 121 11 135 7 125 13 168 17
121 2 122 4 131 3
122 3 123 2 159 19 134 15
123 2 124 17 169 -4
124 5 125 3 137 0 157 9 138 7 140 -1
125 6 126 6 158 7 129 3 142 9 157 19 170 10
126 4 127 -4 141 -1 142 14 176 16
127 5 128 1 175 6 148 15 157 19 139 3
128 3 129 -2 136 4 163 5
129 2 130 8 152 -1
130 4 131 8 163 5 135 11 162 0
131 2 132 8 146 18
132 3 133 6 138 11 150 11
133 3 134 6 160 5 178 17
134 6 135 3 165 5 176 10 177 14 163 2 157 18
135 4 136 8 162 1 166 9 173 19
136 5 137 11 172 12 162 14 183 -2 137 8
137 6 138 11 155 11 151 17 179 -3 156 14 147 14
138 3 139 2 176 -4 154 10
139 3 140 13 165 -3 182 11
140 6 141 6 149 16 166 -4 182 11 152 6 143 16
141 2 142 11 159 11
142 4 143 12 173 -2 176 20 145 -1
143 1 144 3
144 2 145 17 172 16
145 1 146 10
146 4 147 4 190 12 173 15 171 3
147 4 148 0 148 20 175 18 176 17
148 3 149 -1 168 13 184 13
149 2 150 17 197 -3
150 3 151 5 187 18 176 9
151 4 152 10 193 1 155 -3 198 -1
152 2 153 16 188 11
153 3 154 6 175 0 182 12
154 1 155 12
155 2 156 0 197 7
156 5 157 7 162 19 189 14 179 14 172 20
157 8 158 11 179 11 182 2 166 -4 193 15 165 15 160 4 189 2
158 3 159 -4 187 13 193 0
159 4 160 9 181 6 178 6 182 12
160 2 161 4 191 18
161 2 162 2 207 14
162 4 163 13 203 -1 168 3 192 -3
163 1 164 18
164 3 165 0 168 5 191 10
165 5 166 0 200 17 176 17 194 9 208 -1
166 2 167 4 189 14
167 3 168 9 178 20 186 8
168 3 169 3 171 6 208 5
169 1 170 9
170 1 171 -2
171 3 172 12 173 18 220 14
172 6 173 -4 209 8 173 -4 192 8 213 17 196 11
173 2 174 11 221 7
174 2 175 18 181 -3
175 2 176 18 203 4
176 4 177 4 207 11 217 18 177 -2
177 4 178 6 211 9 214 7 178 8
178 3 179 18 206 13 180 6
179 3 180 20 197 3 226 18
180 3 181 4 226 0 189 15
181 2 182 14 200 1
182 2 183 -2 227 6
183 4 184 7 220 18 214 2 228 15
184 5 185 -4 214 4 194 17 193 18 216 12
185 1 186 6
186 3 187 -4 204 15 216 -1
187 1 188 9
188 2 189 16 233 3
189 5 190 7 234 4 239 8 217 19 217 20
190 3 191 10 209 0 221 -3
191 2 192 11 197 15
192 2 193 9 227 8
193 2 194 18 239 16
194 2 195 4 218 15
195 6 196 3 223 2 226 10 237 11 243 0 206 9
196 5 197 13 239 15 224 18 216 1 225 2
197 3 198 15 239 2 218 -3
198 5 199 -2 227 16 213 6 222 -3 213 -1
199 1 200 9
200 5 201 18 238 -1 204 18 206 10 217 19
201 3 202 2 246 -4 234 5
202 4 203 5 221 12 228 -2 219 5
203 4 204 8 234 2 239 13 238 15
204 1 205 1
205 2 206 14 244 20
206 5 207 9 255 -1 217 2 217 -1 254 9
207 4 208 5 224 8 245 19 232 -2
208 3 209 7 254 1 224 5
209 1 210 8
210 4 211 18 238 2 242 12 244 14
211 1 212 2
212 2 213 13 254 15
213 3 214 18 251 -2 215 1
214 4 215 10 263 -4 226 20 221 13
215 2 216 14 234 19
216 4 217 3 254 16 233 -2 221 20
217 3 218 7 237 5 242 10
218 4 219 2 263 1 245 4 247 -1
219 2 220 19 224 12
220 2 221 2 259 4
221 3 222 19 227 19 268 -3
222 5 223 -1 268 16 265 9 248 17 272 8
223 5 224 -2 230 8 268 -4 259 -4 250 -1
224 1 225 7
225 4 226 -3 267 -1 231 9 253 7
226 3 227 14 276 11 249 11
227 3 228 -2 254 7 271 2
228 3 229 20 231 14 236 17
229 3 230 8 257 4 270 -3
230 2 231 7 253 -1
231 4 232 11 270 18 248 15 234 0
232 2 233 18 247 1
233 3 234 19 282 19 243 5
234 3 235 20 249 7 274 14
235 4 236 4 250 14 268 18 247 15
236 3 237 1 240 15 278 13
237 4 238 7 278 -2 272 9 269 14
238 3 239 7 286 3 275 8
239 4 240 14 241 6 260 16 263 3
240 4 241 -4 248 0 244 2 276 19
241 4 242 12 258 13 279 -3 250 9
242 2 243 9 291 13
243 3 244 9 247 13 273 12
244 3 245 17 277 -1 260 -3
245 3 246 15 260 11 247 3
246 2 247 -4 295 18
247 2 248 13 260 2
248 2 249 3 265 17
249 1 250 7
250 3 251 7 298 -3 259 5
251 2 252 17 273 13
252 3 253 10 262 5 302 1
253 3 254 -3 277 -3 277 -2
254 5 255 -2 289 -1 272 5 276 16 275 20
255 5 256 0 280 -2 298 19 293 3 274 19
256 6 257 3 278 20 262 20 263 12 263 14 292 5
257 3 258 13 268 -2 264 -2
258 6 259 12 308 13 267 14 287 7 308 13 279 -4
259 3 260 15 262 6 267 18
260 4 261 4 307 -4 267 13 289 1
261 5 262 18 291 10 285 12 266 2 296 19
262 2 263 5 306 -2
263 1 264 8
264 4 265 11 273 17 277 -4 293 4
265 3 266 7 286 18 300 5
266 2 267 5 314 1
267 5 268 13 312 0 302 17 304 11 285 -2
268 6 269 9 317 2 313 1 292 14 317 -2 286 15
269 1 270 8
270 5 271 4 272 6 284 20 302 17 307 19
271 2 272 16 306 14
272 6 273 5 276 4 277 6 283 13 291 0 289 12
273 5 274 12 281 5 274 3 288 3 301 6
274 1 275 10
275 10 276 20 317 10 300 12 301 19 279 16 304 15 278 16 301 5 282 -1 294 19
276 2 277 20 324 11
277 3 278 11 291 1 305 11
278 2 279 6 285 18
279 4 280 1 299 10 297 5 294 13
280 2 281 15 290 10
281 2 282 1 291 11
282 3 283 14 328 16 316 -4
283 7 284 17 331 9 312 15 305 1 295 12 332 8 328 2
284 3 285 7 306 12 331 16
285 9 286 4 288 18 300 12 333 -3 316 16 324 -1 303 20 309 -1 296 10
286 5 287 -1 302 13 315 9 324 11 302 -3
287 4 288 8 318 -2 331 3 331 14
288 6 289 -2 311 3 321 11 294 18 298 -4 291 5
289 1 290 -2
290 4 291 7 308 16 294 14 330 -2
291 3 292 14 300 1 335 7
292 3 293 4 337 -1 339 12
293 8 294 4 313 14 342 12 316 8 326 0 325 18 317 5 299 18
294 4 295 -3 332 13 318 -4 325 -3
295 5 296 0 338 15 298 13 299 1 315 1
296 4 297 13 329 -1 301 13 330 16
297 2 298 11 301 2
298 7 299 5 314 5 308 14 318 -2 324 -2 310 -3 314 5
299 5 300 7 342 14 327 17 328 19 315 10
300 5 301 -4 320 3 301 10 317 19 304 16
301 4 302 20 320 -3 302 12 317 -4
302 5 303 16 331 2 325 -3 343 9 350 16
303 9 304 18 346 -2 324 20 320 -1 341 -1 336 3 329 4 321 11 344 0
304 3 305 11 341 -4 307 6
305 4 306 0 354 -3 312 9 318 7
306 2 307 8 347 17
307 2 308 15 347 -3
308 1 309 10
309 4 310 15 322 16 355 0 332 4
310 2 311 18 322 10
311 4 312 -1 342 -2 319 15 316 20
312 3 313 15 320 -1 322 2
313 5 314 10 339 13 353 1 325 6 324 3
314 4 315 13 315 8 358 10 357 12
315 1 316 20
316 3 317 1 322 1 347 4
317 3 318 13 366 0 346 18
318 1 319 0
319 5 320 16 361 16 362 18 333 9 341 -4
320 3 321 13 358 0 351 11
321 5 322 6 323 13 349 -3 325 9 342 -4
322 3 323 15 348 3 329 1
323 3 324 10 324 10 343 11
324 3 325 17 367 -3 347 11
325 2 326 7 356 16
326 4 327 8 372 19 351 14 339 -1
327 5 328 12 374 12 339 15 372 20 363 11
328 4 329 -1 329 19 333 19 364 15
329 2 330 2 369 16
330 3 331 7 369 15 348 6
331 4 332 13 345 8 338 -1 353 17
332 8 333 10 348 18 381 -1 378 14 359 16 365 18 346 11 344 19
333 2 334 10 339 11
334 3 335 4 362 16 343 14
335 1 336 5
336 5 337 2 346 9 376 18 377 4 372 14
337 4 338 18 362 1 351 5 338 18
338 4 339 20 347 14 365 20 376 -2
339 1 340 5
340 2 341 13 368 15
341 2 342 -1 360 -1
342 4 343 12 347 20 365 1 354 6
343 3 344 18 367 3 386 12
344 3 345 -4 346 -1 374 5
345 6 346 20 394 18 369 -4 348 3 386 -3 366 15
346 3 347 -2 378 9 388 -1
347 3 348 -3 369 18 381 -3
348 4 349 2 367 -4 364 12 385 18
349 4 350 10 391 17 375 5 390 -3
350 7 351 9 381 14 364 0 385 -4 369 4 389 7 351 18
351 6 352 4 366 -4 397 1 385 12 373 11 384 10
352 8 353 -3 359 20 353 -2 400 16 378 2 391 -1 366 1 369 9
353 3 354 17 370 12 360 8
354 4 355 10 379 16 396 2 397 12
355 2 356 20 361 5
356 4 357 6 404 16 375 4 392 11
357 4 358 -1 385 5 369 19 394 1
358 2 359 1 407 10
359 6 360 1 380 8 409 -2 395 2 409 2 400 -4
360 3 361 -3 374 17 368 6
361 4 362 2 371 6 380 2 410 13
362 2 363 20 374 17
363 3 364 -1 378 15 387 15
364 1 365 15
365 2 366 2 406 8
366 6 367 -4 384 -1 403 4 380 19 374 4 410 6
367 6 368 5 369 17 404 14 399 0 376 6 395 15
368 11 369 12 394 19 412 2 374 -2 379 18 372 11 414 20 404 6 411 -2 388 0 392 7
369 3 370 8 403 19 414 15
370 3 371 7 380 1 415 -3
371 5 372 0 381 16 408 3 409 -1 415 19
372 5 373 -1 386 16 390 9 377 2 416 6
373 2 374 20 407 5
374 3 375 6 414 13 402 12
375 3 376 -3 421 1 425 18
376 4 377 -3 383 6 416 4 403 -3
377 6 378 14 385 8 426 15 418 6 385 11 417 6
378 2 379 16 420 5
379 2 380 17 396 10
380 5 381 7 395 20 391 14 411 -3 384 -2
381 2 382 16 398 -1
382 8 383 13 431 16 387 12 408 5 396 12 427 -2 413 8 384 -4
383 2 384 -2 418 6
384 7 385 10 404 6 412 20 427 11 428 4 431 18 386 9
385 3 386 15 393 18 410 16
386 2 387 -1 430 11
387 1 388 3
388 4 389 0 418 20 411 11 390 7
389 5 390 8 407 3 390 3 410 10 427 -1
390 5 391 -2 427 17 408 11 420 -4 405 20
391 3 392 18 420 4 402 -2
392 5 393 7 393 12 398 3 439 17 437 -1
393 9 394 2 419 7 426 15 397 10 396 -1 428 1 407 -1 429 4 437 16
394 3 395 4 436 1 424 18
395 4 396 17 399 -2 430 16 426 4
396 3 397 8 437 0 406 0
397 4 398 19 400 1 432 4 418 1
398 3 399 15 405 16 404 4
399 3 400 -3 400 6 433 18
400 3 401 -4 433 15 444 -3
401 5 402 10 431 13 405 19 414 3 406 -3
402 5 403 5 452 16 445 4 443 2 451 16
403 3 404 15 437 9 423 20
404 3 405 17 426 -3 418 12
405 2 406 -1 429 10
406 2 407 9 430 2
407 6 408 0 445 -2 422 18 432 16 423 2 419 -2
408 2 409 0 430 1
409 4 410 8 433 17 446 -2 417 15
410 2 411 0 459 3
411 2 412 18 442 4
412 4 413 -4 421 1 422 13 454 -2
413 4 414 8 439 20 460 0 457 1
414 7 415 2 449 13 420 9 454 8 444 17 433 20 447 6
415 3 416 7 423 17 422 2
416 3 417 -2 417 3 458 7
417 3 418 -3 458 19 435 7
418 3 419 18 443 19 441 3
419 5 420 9 465 15 461 10 436 -2 461 20
420 2 421 15 421 -2
421 2 422 0 465 1
422 1 423 17
423 5 424 -4 431 9 469 8 445 12 457 -1
424 2 425 4 463 16
425 2 426 19 465 20
426 3 427 -2 455 15 430 9
427 6 428 -1 465 14 453 17 452 -1 440 8 458 -1
428 6 429 6 458 18 437 4 431 -4 457 1 435 11
429 2 430 8 450 -3
430 6 431 18 433 5 474 16 436 -3 454 20 463 9
431 2 432 -4 455 -2
432 5 433 16 439 18 463 0 473 10 438 18
433 5 434 13 479 0 472 -2 440 16 457 10
434 1 435 0
435 3 436 10 480 11 458 -4
436 3 437 10 486 19 482 17
437 5 438 14 450 5 441 8 441 -3 454 0
438 4 439 1 482 3 453 11 477 20
439 3 440 6 486 20 482 11
440 2 441 19 453 4
441 5 442 19 477 -2 475 12 461 6 470 -4
442 2 443 13 447 5
443 1 444 12
444 7 445 16 463 12 467 11 445 18 445 9 456 0 460 10
445 3 446 19 456 -3 493 7
446 7 447 4 467 4 451 15 474 1 471 11 480 13 494 15
447 2 448 16 494 0
448 2 449 3 475 5
449 4 450 18 475 0 459 14 482 6
450 4 451 14 480 1 498 16 468 16
451 2 452 4 473 16
452 3 453 15 492 5 475 19
453 6 454 -1 479 18 493 7 461 17 500 -3 486 8
454 2 455 4 478 4
455 3 456 18 487 20 496 0
456 5 457 9 475 3 506 4 506 11 505 20
457 2 458 0 478 5
458 6 459 20 459 -1 476 2 476 18 501 0 475 14
459 1 460 12
460 2 461 14 467 1
461 3 462 8 501 1 499 11
462 4 463 0 465 3 512 19 497 -4
463 3 464 9 473 15 503 1
464 4 465 15 476 6 495 17 506 15
465 4 466 10 485 -1 513 -3 502 0
466 4 467 3 507 14 506 12 487 -2
467 1 468 0
468 1 469 16
469 4 470 -1 494 18 489 11 477 16
470 4 471 10 481 -1 503 -2 473 6
471 4 472 20 519 6 485 20 473 10
472 3 473 -1 502 -2 501 9
473 6 474 4 495 8 520 19 518 3 518 5 518 9
474 3 475 0 517 -1 491 6
475 4 476 20 522 1 509 17 519 -1
476 3 477 4 525 1 508 -4
477 3 478 -1 512 9 502 -3
478 3 479 3 523 13 520 15
479 1 480 6
480 4 481 1 500 13 484 1 530 13
481 1 482 6
482 1 483 7
483 2 484 20 529 1
484 2 485 12 490 -1
485 3 486 11 494 16 532 3
486 3 487 7 501 0 526 5
487 4 488 2 530 16 515 4 531 17
488 6 489 6 533 4 522 8 527 -2 506 3 532 4
489 1 490 10
490 4 491 14 495 7 535 9 517 8
491 4 492 18 502 17 539 14 533 6
492 5 493 20 505 16 512 2 534 3 500 14
493 2 494 -4 542 13
494 3 495 9 498 -3 526 9
495 4 496 3 507 -2 519 18 543 19
496 3 497 17 507 11 503 20
497 2 498 9 506 -3
498 4 499 19 510 11 517 8 523 -4
499 4 500 5 515 -2 538 5 512 -4
500 2 501 3 511 10
501 5 502 -2 549 8 514 6 513 11 514 -4
502 3 503 3 528 0 507 17
503 2 504 0 534 -4
504 1 505 17
505 5 506 18 523 0 555 1 526 20 545 13
506 4 507 7 520 -1 511 5 512 2
507 2 508 5 535 14
508 4 509 19 558 5 556 16 532 -2
509 2 510 16 538 -2
510 1 511 3
511 2 512 8 522 1
512 2 513 19 526 8
513 2 514 0 560 8
514 3 515 13 546 -2 559 5
515 3 516 19 537 4 545 0
516 4 517 16 545 2 563 10 553 8
517 6 518 -3 536 -4 537 16 524 1 554 8 543 18
518 3 519 4 541 15 544 0
519 5 520 17 538 15 559 7 563 0 569 -1
520 2 521 14 533 16
521 5 522 12 554 2 555 11 533 13 560 7
522 4 523 -3 523 16 547 20 559 19
523 2 524 -1 570 0
524 4 525 20 554 9 554 9 557 5
525 2 526 2 566 20
526 1 527 20
527 5 528 10 543 5 530 1 566 18 534 8
528 3 529 4 534 11 565 18
529 2 530 8 563 6
530 7 531 19 562 13 554 -2 553 0 541 5 555 -3 556 -2
531 3 532 15 545 0 537 19
532 3 533 4 572 4 554 6
533 4 534 11 583 17 542 4 582 20
534 3 535 20 539 11 571 12
535 2 536 8 570 16
536 6 537 -4 579 9 564 3 556 -3 544 11 548 4
537 3 538 -4 574 2 553 4
538 4 539 2 539 13 580 2 582 14
539 6 540 14 562 14 585 -3 585 5 573 3 577 0
540 3 541 7 585 18 543 20
541 3 542 -2 555 -1 585 11
542 3 543 11 580 13 578 3
543 4 544 -4 562 20 553 6 547 19
544 5 545 19 591 14 583 14 572 10 567 0
545 2 546 15 550 13
546 5 547 9 595 9 574 0 563 17 585 11
547 7 548 15 583 -1 553 10 559 17 566 0 578 11 557 6
548 4 549 17 573 3 567 4 564 2
549 3 550 13 550 5 578 -4
550 2 551 1 594 4
551 4 552 14 564 11 573 1 563 20
552 2 553 6 557 -1
553 4 554 2 591 9 589 18 586 18
554 4 555 0 600 -1 602 13 593 9
555 4 556 6 602 -2 579 3 568 -1
556 4 557 11 563 18 600 15 592 18
557 6 558 8 583 0 558 14 580 -3 572 -2 563 3
558 3 559 14 595 19 596 4
559 4 560 -2 569 9 604 19 608 11
560 4 561 1 593 13 568 5 576 20
561 5 562 4 567 15 601 7 597 17 608 5
562 3 563 14 606 -3 586 6
563 1 564 0
564 3 565 12 590 20 599 18
565 4 566 12 614 1 585 6 576 19
566 6 567 15 575 17 588 12 574 4 574 10 609 15
567 2 568 2 572 1
568 5 569 16 571 19 586 10 578 4 569 12
569 3 570 3 614 15 596 -2
570 5 571 18 599 14 601 19 608 6 589 -1
571 6 572 17 590 19 618 4 615 6 603 -3 599 19
572 3 573 16 589 4 585 17
573 3 574 19 580 4 605 4
574 1 575 18
575 6 576 -3 619 7 599 -4 584 -1 602 6 613 15
576 3 577 9 598 10 603 10
577 3 578 13 626 15 596 6
578 5 579 5 584 17 593 4 606 19 580 20
579 3 580 10 588 14 602 13
580 6 581 2 615 12 587 -4 608 -4 617 6 592 9
581 6 582 4 593 16 585 8 609 -2 610 12 586 7
582 3 583 14 619 -1 620 -4
583 3 584 1 614 14 610 -3
584 2 585 -2 625 6
585 2 586 6 592 0
586 2 587 15 629 5
587 5 588 3 608 7 629 -2 634 -1 629 -3
588 4 589 -1 628 -3 589 15 627 17
589 5 590 -1 598 20 628 3 600 2 600 15
590 2 591 -4 607 15
591 1 592 8
592 3 593 14 601 15 625 19
593 5 594 19 604 13 619 2 641 1 600 13
594 5 595 1 626 17 613 -1 625 3 613 -2
595 3 596 -3 596 -3 644 -4
596 7 597 6 638 12 644 17 637 20 641 11 617 2 638 2
597 4 598 -1 643 2 638 -2 643 16
598 3 599 8 613 15 626 12
599 3 600 15 620 1 619 18
600 6 601 3 613 -4 610 14 603 -1 623 2 603 7
601 5 602 4 645 7 618 16 651 0 619 2
602 3 603 17 628 18 620 0
603 5 604 0 637 16 617 4 632 14 607 15
604 2 605 7 618 6
605 6 606 -2 628 15 623 10 624 14 649 9 629 12
606 3 607 14 638 9 637 17
607 3 608 17 613 15 642 6
608 5 609 4 643 -3 648 10 645 8 609 5
609 6 610 0 651 11 626 17 659 8 644 8 623 -4
610 4 611 6 653 18 619 20 636 5
611 2 612 5 646 2
612 5 613 10 641 17 617 14 616 3 621 8
613 5 614 11 614 16 657 19 635 -3 646 20
614 3 615 3 653 19 644 9
615 2 616 18 649 15
616 2 617 2 632 7
617 4 618 10 666 14 642 16 639 5
618 2 619 6 640 -2
619 8 620 -2 661 11 623 1 668 -4 666 17 649 3 634 13 628 -2
620 3 621 14 638 16 647 18
621 4 622 10 627 3 657 7 658 7
622 2 623 16 660 -4
623 2 624 6 670 -1
624 3 625 20 656 9 637 11
625 3 626 4 653 -1 647 17
626 4 627 2 671 3 676 -2 628 -3
627 2 628 6 628 11
628 1 629 3
629 2 630 12 640 7
630 2 631 4 668 0
631 4 632 19 675 9 659 5 663 11
632 3 633 15 636 18 642 15
633 5 634 12 651 16 677 17 658 15 678 10
634 6 635 1 642 -3 666 20 639 20 663 16 636 0
635 2 636 4 680 1
636 4 637 7 656 6 660 8 684 2
637 3 638 14 677 3 674 11
638 5 639 13 659 -3 671 10 661 13 651 9
639 3 640 5 651 7 682 -4
640 5 641 19 667 10 676 11 676 15 642 1
641 5 642 19 650 1 667 -1 652 15 660 3
642 2 643 10 658 18
643 4 644 20 666 -1 644 5 668 -2
644 5 645 3 691 13 689 6 680 10 693 10
645 5 646 3 649 10 654 1 690 12 662 -4
646 2 647 3 657 17
647 2 648 13 697 1
648 5 649 1 652 11 683 -1 660 10 652 15
649 6 650 6 658 8 663 8 676 11 657 19 681 14
650 2 651 17 663 19
651 2 652 19 689 11
652 2 653 12 682 13
653 2 654 18 699 19
654 3 655 1 702 20 684 18
655 2 656 11 677 5
656 4 657 -4 703 -4 689 13 682 8
657 2 658 7 665 1
658 1 659 14
659 4 660 11 708 16 682 7 661 9
660 2 661 7 698 -2
661 3 662 4 700 18 710 10
662 5 663 17 710 9 711 -2 672 8 664 18
663 3 664 5 687 11 677 18
664 2 665 10 673 2
665 1 666 8
666 4 667 5 703 13 705 17 697 1
667 2 668 15 691 1
668 3 669 16 678 5 691 -1
669 5 670 2 697 16 702 1 680 9 685 -1
670 6 671 3 691 -4 705 20 677 11 683 5 705 8
671 6 672 -4 707 5 702 6 701 20 704 3 703 7
672 2 673 -3 720 -4
673 2 674 -3 693 -3
674 3 675 11 713 10 713 -2
675 2 676 5 716 8
676 3 677 -2 724 14 699 1
677 5 678 12 701 11 690 2 709 13 726 18
678 1 679 19
679 4 680 17 723 20 721 10 720 18
680 3 681 -4 723 4 712 9
681 4 682 12 708 5 711 8 694 12
682 3 683 13 688 -1 713 -2
683 4 684 14 715 10 688 8 687 10
684 1 685 17
685 1 686 7
686 2 687 5 718 1
687 4 688 9 717 12 724 13 692 19
688 2 689 15 738 1
689 5 690 -1 692 3 714 16 690 4 698 5
690 4 691 10 721 15 699 19 702 3
691 4 692 19 730 4 720 15 733 6
692 2 693 13 696 2
693 4 694 3 720 16 719 -2 701 0
694 4 695 0 735 -1 728 -2 709 4
695 3 696 0 738 7 726 4
696 3 697 13 738 14 704 14
697 2 698 17 732 15
698 3 699 0 746 14 738 18
699 2 700 14 747 17
700 2 701 20 711 17
701 1 702 14
702 2 703 13 735 6
703 4 704 10 747 3 728 5 732 0
704 1 705 1
705 1 706 18
706 5 707 18 718 7 708 11 733 17 711 19
707 1 708 -2
708 1 709 -1
709 2 710 5 738 7
710 3 711 8 756 2 744 9
711 3 712 7 726 6 752 18
712 5 713 16 756 5 754 -1 760 17 718 6
713 3 714 -3 736 3 754 4
714 3 715 20 715 7 749 14
715 3 716 15 760 5 717 3
716 2 717 1 721 17
717 4 718 6 724 18 757 16 755 1
718 2 719 8 724 10
719 4 720 -3 720 2 757 5 746 6
720 3 721 -4 738 -1 746 2
721 5 722 20 753 8 743 17 722 13 750 7
722 7 723 3 751 0 767 19 769 -4 770 4 761 19 728 -4
723 4 724 14 724 17 738 6 731 5
724 5 725 -2 750 10 732 -2 754 19 762 9
725 3 726 12 769 -1 737 7
726 5 727 4 755 17 761 18 767 16 728 4
727 4 728 16 763 14 752 -2 746 10
728 3 729 9 771 -4 769 6
729 3 730 12 770 14 740 5
730 4 731 15 780 -3 765 -4 778 -1
731 6 732 17 752 -2 777 16 742 8 733 7 775 9
732 2 733 17 782 5
733 3 734 -2 741 3 739 16
734 2 735 18 735 4
735 2 736 17 769 18
736 6 737 9 781 1 737 2 783 5 753 2 783 0
737 4 738 -2 753 17 764 -1 762 18
738 2 739 12 750 0
739 4 740 7 763 6 769 9 785 19
740 3 741 19 786 2 761 16
741 2 742 1 750 -3
742 2 743 11 786 12
743 4 744 20 762 6 757 12 752 8
744 6 745 10 793 12 765 14 761 10 757 11 783 0
745 4 746 13 763 4 773 8 760 10
746 3 747 15 764 -3 747 14
747 2 748 12 753 13
748 5 749 13 787 -2 761 15 772 13 756 4
749 3 750 0 780 11 759 16
750 4 751 6 760 16 799 12 766 3
751 4 752 16 779 18 781 -4 758 -3
752 3 753 1 774 1 793 6
753 3 754 -3 788 -2 782 14
754 3 755 17 795 2 767 3
755 2 756 -1 771 9
756 7 757 16 768 10 765 11 772 16 806 17 793 7 771 3
757 4 758 8 806 20 761 3 787 9
758 2 759 7 760 5
759 4 760 1 794 13 774 5 768 4
760 2 761 15 809 13
761 3 762 7 791 3 791 16
762 2 763 19 785 3
763 3 764 13 797 10 783 9
764 4 765 0 766 1 790 4 813 4
765 4 766 13 792 6 771 13 783 -2
766 3 767 13 784 3 814 -1
767 3 768 17 783 18 785 -4
768 2 769 -4 774 16
769 3 770 5 774 7 810 13
770 5 771 7 806 8 807 6 779 12 786 -3
771 1 772 -4
772 4 773 19 820 16 801 0 785 17
773 3 774 1 774 19 784 7
774 5 775 4 805 14 800 17 806 20 815 -4
775 3 776 10 776 -4 786 20
776 4 777 -2 802 18 783 4 819 9
777 4 778 20 825 4 793 15 813 -4
778 8 779 5 817 6 802 18 799 1 787 20 814 9 795 16 827 8
779 1 780 1
780 2 781 -3 800 14
781 3 782 2 782 3 787 17
782 5 783 18 801 13 804 -4 796 6 796 -2
783 1 784 7
784 1 785 13
785 6 786 15 789 -1 787 17 829 3 804 14 834 18
786 5 787 9 834 16 830 10 793 19 836 14
787 2 788 -3 804 11
788 4 789 8 792 6 789 4 820 7
789 6 790 6 831 4 811 20 821 3 821 -2 819 19
790 3 791 11 823 -2 803 14
791 3 792 10 815 5 818 1
792 3 793 -2 832 0 815 3
793 5 794 13 813 3 827 4 803 16 833 20
794 3 795 -2 832 14 819 10
795 4 796 -4 842 19 807 20 830 10
796 2 797 3 808 8
797 5 798 6 815 9 837 15 836 2 838 10
798 2 799 -2 815 -1
799 3 800 -1 839 19 827 8
800 3 801 11 839 18 825 -4
801 5 802 1 844 10 848 4 813 16 847 16
802 3 803 16 851 16 837 16
803 5 804 9 822 13 814 16 804 0 810 -4
804 5 805 11 846 5 816 20 806 11 853 1
805 3 806 -2 850 8 833 3
806 3 807 8 839 -3 821 4
807 3 808 17 819 4 853 7
808 6 809 4 856 -4 839 -3 857 0 824 3 827 -3
809 4 810 8 854 14 814 -1 821 -4
810 3 811 1 835 4 847 -3
811 5 812 20 847 17 850 -2 853 -3 832 17
812 3 813 17 820 2 824 -1
813 4 814 13 846 15 840 6 823 -4
814 3 815 -3 864 15 834 11
815 4 816 14 860 2 826 5 837 18
816 6 817 18 842 7 847 18 843 -3 832 12 831 2
817 3 818 2 848 19 839 16
818 4 819 19 864 -4 850 -3 839 19
819 7 820 12 824 -3 866 18 856 3 865 -3 834 15 831 6
820 5 821 14 837 11 867 6 868 13 831 14
821 4 822 6 828 -3 865 2 824 18
822 1 823 17
823 1 824 13
824 5 825 -4 827 20 850 11 872 6 868 8
825 6 826 17 848 15 870 9 830 20 870 2 868 2
826 2 827 10 870 18
827 2 828 12 869 12
828 4 829 1 840 9 866 2 857 5
829 3 830 -2 867 -4 856 9
830 5 831 14 866 6 867 2 863 -4 877 16
831 2 832 -2 871 4
832 3 833 16 846 6 849 5
833 3 834 -1 851 17 854 3
834 2 835 3 878 19
835 4 836 16 837 6 882 9 848 16
836 1 837 2
837 2 838 3 845 -4
838 2 839 0 855 -4
839 5 840 1 851 10 859 9 850 14 841 4
840 3 841 1 865 -2 866 9
841 3 842 1 883 -2 858 8
842 1 843 13
843 8 844 5 883 16 875 7 873 19 879 13 874 12 882 3 880 9
844 3 845 2 860 14 892 4
845 4 846 9 869 1 865 8 880 1
846 6 847 17 872 11 867 7 853 16 887 13 860 11
847 4 848 17 867 2 885 -2 850 18
848 3 849 19 877 12 878 -4
849 3 850 16 897 11 862 1
850 3 851 11 854 14 865 -4
851 5 852 4 861 17 861 7 884 9 866 8
852 2 853 19 875 1
853 3 854 14 887 9 889 20
854 6 855 14 860 19 901 15 856 -4 894 9 894 14
855 5 856 16 866 11 884 17 861 4 889 4
856 4 857 7 893 18 860 4 876 6
857 6 858 14 858 -3 878 1 906 18 864 20 875 3
858 4 859 7 888 -3 907 13 908 14
859 5 860 5 901 3 880 20 871 13 901 6
860 1 861 12
861 3 862 2 910 3 879 11
862 3 863 9 881 -2 903 2
863 3 864 -4 880 7 875 0
864 2 865 12 866 4
865 4 866 14 888 19 901 19 912 19
866 4 867 12 907 10 882 3 905 -4
867 5 868 -3 896 7 880 12 916 14 897 18
868 5 869 4 907 14 876 -3 885 -3 885 8
869 2 870 19 894 4
870 3 871 -1 896 14 874 -2
871 3 872 1 914 -2 888 6
872 7 873 19 913 -3 911 1 909 18 892 8 885 -4 912 16
873 3 874 19 892 4 900 14
874 5 875 20 892 2 889 1 922 -2 877 15
875 6 876 15 884 12 924 14 885 0 924 -2 882 -3
876 3 877 18 883 -2 883 2
877 4 878 5 906 18 897 14 922 19
878 1 879 -3
879 2 880 18 912 -3
880 3 881 12 903 -4 899 13
881 3 882 6 904 0 896 4
882 7 883 7 920 10 923 16 918 18 906 5 932 10 912 16
883 8 884 17 886 1 886 -4 906 20 917 3 915 -1 914 1 891 9
884 2 885 9 911 0
885 2 886 3 932 11
886 2 887 4 903 8
887 2 888 18 889 17
888 3 889 5 915 -4 915 -2
889 4 890 3 911 -2 892 11 900 -2
890 3 891 -4 893 9 910 16
891 2 892 10 935 11
892 1 893 16
893 4 894 5 933 4 913 8 894 3
894 3 895 16 909 17 936 18
895 2 896 18 926 7
896 6 897 14 943 6 903 12 934 5 918 5 911 6
897 2 898 12 944 5
898 3 899 17 902 -2 908 16
899 3 900 16 916 -1 915 16
900 2 901 4 904 1
901 2 902 19 936 9
902 5 903 12 922 1 916 2 906 17 940 5
903 4 904 -2 948 20 948 19 921 19
904 3 905 -1 925 3 932 17
905 2 906 4 914 10
906 2 907 12 945 13
907 3 908 12 915 12 915 9
908 6 909 3 957 1 955 3 909 16 951 13 943 16
909 6 910 7 913 20 913 5 921 11 911 1 914 2
910 5 911 7 947 -2 944 -4 943 13 927 13
911 3 912 19 928 0 938 17
912 6 913 14 950 -1 932 12 955 -2 920 6 919 5
913 2 914 11 925 11
914 6 915 8 948 20 956 6 927 7 960 6 922 12
915 4 916 -1 942 -1 946 -1 933 2
916 2 917 6 964 -1
917 2 918 10 950 12
918 3 919 -1 929 13 962 6
919 3 920 -1 940 13 964 -4
920 4 921 5 959 7 947 2 924 3
921 4 922 20 927 10 971 12 922 5
922 4 923 -1 958 -3 950 7 927 -2
923 2 924 10 927 12
924 5 925 2 967 8 938 0 965 4 958 -4
925 2 926 0 944 4
926 3 927 16 965 -1 954 19
927 2 928 15 938 4
928 2 929 13 936 -2
929 3 930 6 964 -4 974 3
930 4 931 6 937 0 975 16 938 12
931 3 932 0 974 4 934 -1
932 2 933 19 944 -2
933 3 934 -3 959 9 952 12
934 2 935 5 974 17
935 4 936 -3 977 15 950 18 981 14
936 2 937 7 950 11
937 6 938 -1 951 14 983 -1 971 -1 967 11 941 19
938 3 939 6 941 14 958 6
939 3 940 17 975 -3 983 -3
940 3 941 8 956 18 974 18
941 5 942 5 952 5 972 -3 974 18 972 -3
942 1 943 16
943 3 944 3 984 20 992 8
944 1 945 -1
945 1 946 14
946 4 947 10 986 7 966 4 979 3
947 3 948 10 964 9 954 8
948 5 949 16 982 13 979 12 979 1 983 14
949 2 950 -3 964 0
950 4 951 20 986 10 966 1 964 18
951 2 952 15 986 14
952 3 953 11 989 9 988 13
953 1 954 19
954 3 955 -4 970 8 979 15
955 8 956 4 981 15 962 -4 997 1 993 17 986 2 1002 17 992 17
956 5 957 1 981 19 969 0 971 9 977 17
957 6 958 5 1000 -3 962 -3 975 5 994 20 980 4
958 4 959 -4 983 2 995 -3 978 6
959 2 960 12 978 13
960 3 961 -1 984 -2 964 1
961 2 962 19 968 8
962 8 963 17 982 2 992 14 996 0 985 19 991 6 988 0 1011 11
963 5 964 6 1009 -1 976 8 973 9 964 16
964 3 965 4 1005 4 973 -2
965 3 966 17 982 17 977 0
966 1 967 0
967 4 968 4 982 13 1011 -2 1005 -2
968 3 969 -2 1000 5 995 14
969 8 970 -1 1002 19 976 12 993 7 1011 2 975 -2 982 17 997 -1
970 6 971 8 1017 7 1017 19 1006 8 979 13 1010 6
971 3 972 13 1012 7 1008 15
972 3 973 10 994 -1 993 14
973 3 974 3 1015 17 1010 14
974 5 975 18 983 7 979 19 1021 -2 1019 -4
975 4 976 -3 1021 8 1022 9 991 4
976 5 977 1 1021 16 986 14 980 15 1008 -1
977 3 978 16 1013 2 1022 4
978 4 979 6 1028 4 990 19 1007 -1
979 4 980 -1 1020 15 1004 9 995 -4
980 5 981 14 1030 11 993 12 1001 11 1016 17
981 1 982 7
982 3 983 11 993 1 1015 4
983 6 984 1 1031 -2 1002 20 1014 17 1009 11 1032 20
984 3 985 13 1012 1 1025 7
985 6 986 9 1000 3 1000 3 1014 -2 995 11 1029 -4
986 1 987 16
987 7 988 1 1022 12 1029 1 997 4 1012 10 1003 7 1015 12
988 5 989 -2 1009 -1 1022 20 1022 4 1002 -3
989 4 990 2 1004 4 1033 20 1022 20
990 3 991 2 1024 17 1035 8
991 3 992 2 1006 0 1007 12
992 6 993 0 1012 12 1003 10 1004 -4 1025 2 1007 2
993 2 994 12 1005 14
994 4 995 18 1044 11 1032 8 1021 18
995 3 996 14 1019 17 1016 18
996 3 997 -2 1008 -4 1033 16
997 5 998 3 1024 1 1044 15 1014 2 1005 -2
998 2 999 14 1026 8
999 2 1000 4 1007 11
1000 7 1001 15 1022 1 1017 -2 1015 20 1036 16 1001 -3 1001 -2
1001 3 1002 14 1021 18 1037 3
1002 1 1003 -1
1003 5 1004 -1 1005 16 1006 17 1041 3 1023 -2
1004 6 1005 20 1008 -4 1017 18 1049 12 1016 8 1049 11
1005 1 1006 -1
1006 3 1007 17 1050 1 1041 17
1007 7 1008 14 1023 17 1029 5 1046 17 1015 -2 1014 15 1035 10
1008 2 1009 1 1046 13
1009 4 1010 -1 1042 16 1035 16 1015 7
1010 3 1011 11 1011 3 1049 0
1011 6 1012 4 1035 20 1029 8 1037 13 1028 18 1035 5
1012 5 1013 20 1015 13 1057 8 1050 7 1019 -3
1013 5 1014 0 1052 2 1048 7 1063 -3 1025 2
1014 2 1015 4 1030 3
1015 3 1016 3 1032 13 1028 8
1016 5 1017 12 1058 8 1021 6 1048 6 1029 1
1017 3 1018 11 1035 4 1043 -4
1018 5 1019 -4 1068 4 1059 6 1049 17 1064 8
1019 7 1020 19 1058 14 1024 2 1058 -2 1065 3 1057 -1 1024 11
1020 4 1021 12 1066 18 1054 2 1049 10
1021 5 1022 0 1049 15 1035 17 1037 9 1043 18
1022 4 1023 5 1054 16 1046 -3 1065 12
1023 3 1024 -4 1028 -1 1026 14
1024 4 1025 15 1048 0 1037 7 1058 -2
1025 1 1026 15
1026 2 1027 20 1036 4
1027 1 1028 13
1028 3 1029 17 1059 11 1057 7
1029 3 1030 0 1075 19 1046 7
1030 4 1031 6 1078 -3 1052 4 1073 16
1031 2 1032 7 1075 11
1032 1 1033 0
1033 1 1034 19
1034 5 1035 11 1037 15 1078 7 1048 3 1073 6
1035 4 1036 12 1046 6 1043 7 1056 14
1036 4 1037 11 1055 -2 1039 -1 1084 19
1037 5 1038 7 1067 15 1083 7 1074 14 1081 15
1038 3 1039 8 1059 9 1061 19
1039 2 1040 3 1053 -2
1040 1 1041 -3
1041 4 1042 -4 1049 13 1081 3 1063 20
1042 3 1043 0 1081 5 1089 13
1043 3 1044 3 1059 15 1065 11
1044 5 1045 19 1084 -3 1048 -1 1094 1 1080 18
1045 3 1046 10 1090 7 1085 14
1046 2 1047 -2 1063 17
1047 2 1048 20 1061 0
1048 2 1049 19 1059 19
1049 5 1050 5 1061 10 1057 11 1097 -3 1086 4
1050 4 1051 13 1074 3 1073 6 1060 4
1051 7 1052 6 1084 7 1089 -3 1079 10 1052 6 1083 1 1084 -2
1052 5 1053 14 1074 13 1091 9 1087 6 1095 -4
1053 3 1054 20 1062 19 1085 6
1054 1 1055 13
1055 4 1056 20 1071 18 1101 13 1068 6
1056 5 1057 18 1085 7 1060 13 1092 1 1062 8
1057 2 1058 20 1102 6
1058 3 1059 -2 1083 2 1073 -3
1059 2 1060 8 1103 18
1060 1 1061 -1
1061 4 1062 -4 1097 3 1070 18 1077 0
1062 6 1063 5 1069 1 1069 13 1079 -4 1066 -1 1079 4
1063 4 1064 5 1112 -2 1071 13 1079 14
1064 2 1065 3 1089 3
1065 4 1066 -3 1115 -4 1089 16 1085 20
1066 2 1067 9 1113 13
1067 4 1068 -2 1079 8 1073 11 1099 -2
1068 6 1069 15 1096 -3 1076 4 1096 17 1094 13 1110 17
1069 3 1070 8 1087 14 1079 3
1070 8 1071 2 1119 10 1075 14 1089 7 1086 10 1079 6 1082 -2 1120 16
1071 5 1072 9 1084 -1 1121 14 1075 7 1098 10
1072 4 1073 0 1087 0 1111 0 1098 13
1073 4 1074 1 1083 10 1113 -4 1103 1
1074 6 1075 13 1089 1 1091 18 1109 11 1084 8 1104 18
1075 5 1076 11 1081 3 1117 15 1081 10 1106 16
1076 3 1077 16 1122 0 1122 3
1077 2 1078 2 1088 5
1078 4 1079 2 1094 20 1107 14 1102 20
1079 3 1080 12 1111 4 1109 14
1080 6 1081 2 1096 0 1109 3 1082 7 1129 8 1128 19
1081 4 1082 18 1119 12 1121 9 1094 -4
1082 4 1083 16 1125 4 1108 5 1124 -2
1083 4 1084 8 1114 10 1106 7 1103 7
1084 2 1085 1 1111 20
1085 6 1086 12 1086 6 1101 18 1125 5 1101 18 1095 7
1086 4 1087 19 1132 8 1090 13 1116 -3
1087 3 1088 -1 1124 19 1115 -1
1088 2 1089 5 1109 17
1089 2 1090 12 1131 6
1090 3 1091 3 1136 4 1134 6
1091 5 1092 3 1136 20 1128 15 1138 11 1105 -3
1092 3 1093 4 1109 1 1102 18
1093 4 1094 9 1097 8 1132 -4 1095 14
1094 2 1095 14 1137 6
1095 4 1096 15 1123 -4 1116 6 1124 8
1096 2 1097 6 1110 2
1097 11 1098 -3 1132 12 1143 6 1119 16 1101 18 1130 10 1118 18 1133 0 1110 2 1114 15 1141 19
1098 2 1099 8 1124 16
1099 3 1100 1 1120 2 1133 19
1100 2 1101 8 1112 -1
1101 3 1102 0 1114 12 1135 3
1102 4 1103 5 1151 16 1105 20 1122 4
1103 2 1104 2 1142 18
1104 3 1105 6 1139 1 1126 2
1105 8 1106 -2 1106 17 1116 7 1106 10 1144 19 1126 13 1119 -3 1148 -1
1106 3 1107 -2 1122 5 1152 -2
1107 5 1108 12 1127 12 1147 17 1128 15 1128 14
1108 4 1109 3 1116 15 1123 13 1115 2
1109 4 1110 8 1149 -2 1114 2 1136 10
1110 4 1111 7 1121 20 1120 19 1122 -2
1111 1 1112 3
1112 3 1113 11 1159 14 1143 11
1113 4 1114 10 1124 5 1140 3 1123 -3
1114 3 1115 1 1154 18 1162 17
1115 2 1116 10 1141 -1
1116 1 1117 -1
1117 4 1118 0 1122 20 1125 16 1138 12
1118 3 1119 15 1162 7 1151 -2
1119 2 1120 -2 1128 15
1120 3 1121 1 1161 13 1161 11
1121 3 1122 13 1152 20 1163 17
1122 2 1123 17 1138 10
1123 5 1124 -3 1127 15 1126 17 1165 -2 1172 0
1124 1 1125 15
1125 7 1126 16 1155 15 1175 11 1150 10 1144 17 1166 19 1130 3
1126 3 1127 17 1131 2 1134 -2
1127 3 1128 11 1136 -2 1131 17
1128 4 1129 12 1169 12 1139 -4 1139 8
1129 4 1130 16 1156 -3 1147 16 1155 0
1130 4 1131 17 1131 19 1135 20 1150 9
1131 3 1132 -1 1179 -1 1179 -2
1132 2 1133 -1 1172 -4
1133 2 1134 17 1141 -3
1134 1 1135 -3
1135 5 1136 20 1141 -1 1148 0 1180 15 1136 -3
1136 3 1137 1 1149 11 1182 14
1137 2 1138 19 1138 12
1138 4 1139 7 1174 1 1188 3 1161 -2
1139 3 1140 18 1173 3 1151 20
1140 5 1141 2 1189 17 1174 6 1181 -2 1150 15
1141 2 1142 16 1152 -1
1142 3 1143 13 1186 6 1151 -1
1143 3 1144 -1 1172 13 1185 15
1144 6 1145 3 1187 -3 1161 -4 1151 0 1155 18 1153 14
1145 2 1146 -1 1169 5
1146 2 1147 4 1159 8
1147 3 1148 20 1189 15 1181 11
1148 3 1149 14 1171 18 1151 3
1149 3 1150 8 1188 4 1150 11
1150 6 1151 6 1187 11 1194 2 1188 19 1184 14 1151 19
1151 3 1152 0 1166 18 1189 -1
1152 5 1153 -2 1201 1 1176 16 1157 19 1195 6
1153 4 1154 18 1175 1 1194 14 1169 18
1154 6 1155 11 1171 10 1197 0 1202 1 1178 1 1202 7
1155 5 1156 2 1198 -3 1169 6 1178 3 1204 20
1156 1 1157 14
1157 2 1158 12 1207 -3
1158 2 1159 -3 1165 3
1159 1 1160 17
1160 1 1161 13
1161 3 1162 9 1172 14 1199 8
1162 1 1163 10
1163 5 1164 7 1178 -4 1193 13 1197 2 1202 12
1164 5 1165 20 1213 -1 1191 13 1208 8 1214 5
1165 3 1166 6 1167 8 1188 20
1166 6 1167 14 1185 11 1189 6 1190 19 1181 0 1188 13
1167 2 1168 -2 1172 7
1168 2 1169 -4 1196 4
1169 2 1170 3 1190 -4
1170 2 1171 -4 1184 8
1171 2 1172 0 1191 15
1172 4 1173 19 1192 -2 1206 6 1220 19
1173 3 1174 6 1181 15 1177 12
1174 5 1175 14 1196 20 1191 12 1197 3 1189 5
1175 6 1176 -1 1190 19 1208 2 1219 19 1221 7 1189 -3
1176 2 1177 8 1226 3
1177 3 1178 11 1203 -4 1214 17
1178 4 1179 1 1208 5 1180 10 1194 18
1179 3 1180 15 1187 14 1222 4
1180 4 1181 11 1222 7 1195 4 1202 4
1181 2 1182 20 1219 8
1182 5 1183 16 1185 2 1203 20 1204 19 1221 14
1183 2 1184 -1 1230 12
1184 7 1185 1 1193 -1 1209 7 1217 6 1218 -1 1228 -4 1198 7
1185 5 1186 20 1224 -1 1227 3 1196 12 1230 6
1186 2 1187 6 1234 2
1187 4 1188 -1 1218 4 1197 20 1201 12
1188 5 1189 17 1189 2 1208 10 1196 16 1230 -3
1189 3 1190 9 1236 -2 1194 4
1190 5 1191 -4 1226 1 1197 6 1238 5 1225 14
1191 1 1192 11
1192 2 1193 1 1214 14
1193 4 1194 3 1229 9 1202 5 1209 -2
1194 3 1195 -3 1229 18 1195 0
1195 3 1196 3 1216 15 1224 -3
1196 5 1197 -2 1223 -3 1214 -1 1225 4 1228 5
1197 5 1198 -2 1216 9 1204 -3 1230 -2 1224 0
1198 7 1199 6 1211 15 1248 4 1209 17 1216 1 1206 5 1227 12
1199 7 1200 18 1223 -3 1220 5 1201 1 1236 0 1202 5 1244 9
1200 3 1201 13 1209 6 1236 19
1201 5 1202 8 1209 -3 1236 -2 1233 15 1226 5
1202 4 1203 -3 1239 15 1241 11 1231 19
1203 3 1204 -4 1216 7 1209 -3
1204 1 1205 15
1205 5 1206 15 1239 2 1218 5 1207 -3 1223 0
1206 3 1207 3 1214 5 1210 18
1207 3 1208 -1 1243 9 1224 2
1208 2 1209 17 1240 19
1209 4 1210 12 1211 11 1219 6 1243 -1
1210 7 1211 3 1211 8 1224 19 1235 5 1240 1 1251 13 1226 -4
1211 5 1212 3 1237 -2 1228 2 1238 20 1244 5
1212 2 1213 17 1244 14
1213 3 1214 20 1220 18 1219 0
1214 4 1215 1 1222 12 1256 14 1255 11
1215 4 1216 13 1235 12 1236 -2 1244 18
1216 4 1217 11 1245 10 1236 12 1237 0
1217 2 1218 20 1224 5
1218 2 1219 9 1238 11
1219 3 1220 14 1267 -1 1230 8
1220 2 1221 2 1241 3
1221 6 1222 19 1257 1 1230 3 1245 3 1226 1 1270 13
1222 3 1223 9 1237 8 1265 1
1223 5 1224 15 1251 0 1264 14 1256 20 1227 4
1224 2 1225 14 1244 15
1225 2 1226 11 1256 -2
1226 6 1227 17 1251 13 1230 -4 1254 9 1242 19 1248 10
1227 3 1228 17 1231 15 1266 -2
1228 4 1229 18 1241 -1 1272 3 1243 12
1229 4 1230 16 1247 14 1262 6 1273 13
1230 5 1231 18 1278 0 1239 4 1277 18 1231 17
1231 3 1232 -3 1234 3 1274 6
1232 4 1233 20 1270 -4 1238 19 1249 -4
1233 2 1234 12 1241 5
1234 5 1235 7 1242 11 1235 12 1240 20 1269 20
1235 3 1236 9 1269 9 1268 1
1236 3 1237 8 1286 -1 1272 -2
1237 4 1238 19 1251 6 1275 9 1247 -2
1238 4 1239 4 1256 17 1283 -1 1273 15
1239 2 1240 17 1258 10
1240 4 1241 -1 1286 -2 1266 10 1278 -3
1241 4 1242 16 1273 12 1270 13 1290 -3
1242 4 1243 0 1289 0 1245 8 1253 8
1243 2 1244 5 1287 19
1244 7 1245 14 1293 6 1249 9 1285 6 1265 6 1248 -1 1247 8
1245 3 1246 15 1258 -3 1279 16
1246 5 1247 13 1267 20 1283 13 1295 6 1248 15
1247 5 1248 14 1266 4 1257 15 1256 4 1282 12
1248 2 1249 4 1295 10
1249 2 1250 9 1273 16
1250 6 1251 3 1267 13 1257 -4 1290 15 1267 15 1274 -1
1251 3 1252 3 1280 -1 1252 3
1252 5 1253 8 1277 18 1292 14 1254 1 1256 12
1253 4 1254 10 1259 12 1263 0 1263 -4
1254 3 1255 12 1300 20 1274 18
1255 6 1256 -3 1278 0 1292 8 1278 2 1263 3 1278 18
1256 1 1257 17
1257 2 1258 18 1300 18
1258 4 1259 7 1305 11 1276 0 1290 6
1259 4 1260 14 1266 6 1288 15 1294 5
1260 1 1261 -1
1261 1 1262 18
1262 5 1263 14 1297 12 1267 13 1289 16 1293 20
1263 4 1264 9 1308 14 1303 -1 1287 5
1264 2 1265 5 1282 6
1265 3 1266 2 1300 -3 1279 19
1266 3 1267 16 1296 16 1297 19
1267 2 1268 5 1278 6
1268 3 1269 11 1271 -4 1293 -4
1269 3 1270 11 1309 19 1301 9
1270 3 1271 15 1277 11 1280 20
1271 4 1272 0 1291 0 1311 -4 1307 8
1272 4 1273 16 1318 4 1280 15 1278 0
1273 4 1274 3 1322 -1 1274 -4 1321 4
1274 4 1275 9 1307 9 1309 5 1281 16
1275 4 1276 11 1294 6 1279 3 1276 -2
1276 3 1277 11 1322 16 1282 2
1277 4 1278 7 1326 1 1306 6 1320 9
1278 2 1279 2 1307 1
1279 9 1280 18 1322 -4 1301 10 1298 10 1321 18 1328 6 1296 14 1290 8 1314 19
1280 4 1281 20 1286 -2 1325 -1 1298 11
1281 4 1282 4 1324 11 1305 17 1292 6
1282 3 1283 0 1293 13 1313 -2
1283 7 1284 20 1302 15 1303 12 1295 8 1296 -3 1328 16 1303 19
1284 2 1285 4 1332 10
1285 1 1286 15
1286 1 1287 14
1287 4 1288 11 1296 -3 1337 4 1330 12
1288 4 1289 0 1300 -1 1294 17 1316 3
1289 3 1290 15 1307 18 1330 -3
1290 3 1291 0 1314 10 1322 15
1291 6 1292 7 1326 15 1339 15 1300 13 1328 10 1313 19
1292 5 1293 15 1299 20 1298 9 1338 18 1328 2
1293 4 1294 12 1314 -4 1324 17 1326 6
1294 2 1295 4 1318 18
1295 3 1296 18 1325 15 1337 20
1296 2 1297 9 1331 4
1297 5 1298 4 1300 1 1306 2 1314 -2 1299 8
1298 1 1299 15
1299 6 1300 13 1308 4 1335 -4 1346 20 1314 15 1327 7
1300 1 1301 6
1301 3 1302 1 1308 8 1312 0
1302 8 1303 11 1349 4 1344 12 1306 8 1344 3 1306 6 1340 11 1349 6
1303 6 1304 5 1350 10 1339 0 1347 13 1329 -2 1353 -2
1304 5 1305 4 1348 -4 1331 8 1354 12 1305 12
1305 2 1306 18 1338 -2
1306 2 1307 9 1328 3
1307 3 1308 1 1331 1 1346 -2
1308 3 1309 19 1351 6 1343 11
1309 4 1310 8 1342 10 1356 -4 1314 19
1310 4 1311 -4 1358 -3 1311 7 1329 13
1311 4 1312 12 1335 19 1351 16 1331 13
1312 4 1313 20 1330 10 1337 4 1318 3
1313 3 1314 8 1346 1 1320 15
1314 2 1315 8 1329 20
1315 4 1316 11 1361 17 1335 2 1338 10
1316 3 1317 11 1348 11 1363 18
1317 2 1318 18 1318 -4
1318 4 1319 5 1321 -4 1352 -1 1358 -3
1319 1 1320 14
1320 5 1321 6 1370 13 1341 2 1357 10 1370 0
1321 2 1322 1 1349 -4
1322 3 1323 -3 1332 -3 1354 0
1323 2 1324 7 1339 14
1324 3 1325 13 1337 8 1352 10
1325 2 1326 19 1353 14
1326 5 1327 8 1332 3 1375 1 1344 -2 1332 -1
1327 6 1328 20 1344 -2 1345 2 1364 12 1359 -3 1358 3
1328 5 1329 2 1368 10 1354 1 1355 16 1368 12
1329 3 1330 12 1342 12 1370 6
1330 6 1331 17 1365 4 1364 15 1344 16 1334 15 1378 -4
1331 3 1332 10 1355 5 1367 10
1332 4 1333 3 1381 18 1369 20 1373 17
1333 3 1334 12 1377 13 1338 10
1334 5 1335 9 1338 -4 1347 15 1383 16 1339 0
1335 7 1336 18 1363 12 1348 15 1370 15 1336 3 1361 0 1345 19
1336 3 1337 -4 1367 -2 1361 2
1337 2 1338 7 1350 12
1338 2 1339 0 1355 20
1339 3 1340 11 1360 3 1378 -4
1340 2 1341 18 1361 16
1341 2 1342 -2 1373 0
1342 2 1343 -1 1351 7
1343 3 1344 19 1391 1 1385 9
1344 3 1345 -3 1394 -2 1359 10
1345 2 1346 4 1360 -1
1346 6 1347 3 1348 17 1395 17 1391 15 1367 -1 1374 15
1347 2 1348 20 1351 20
1348 3 1349 12 1367 15 1387 9
1349 4 1350 16 1378 17 1392 4 1375 6
1350 7 1351 -1 1358 -2 1394 13 1365 15 1388 5 1382 3 1380 18
1351 4 1352 -1 1393 -4 1379 4 1369 -4
1352 6 1353 -3 1364 18 1372 14 1362 1 1357 10 1360 8
1353 7 1354 18 1359 18 1380 3 1372 6 1369 16 1374 14 1403 14
1354 3 1355 4 1358 11 1358 12
1355 5 1356 2 1392 -1 1358 6 1385 20 1402 10
1356 3 1357 2 1371 19 1387 10
1357 4 1358 10 1364 5 1389 14 1385 15
1358 5 1359 8 1407 6 1367 18 1361 11 1369 -4
1359 4 1360 11 1392 14 1378 19 1374 8
1360 4 1361 -3 1399 -3 1400 -3 1395 5
1361 5 1362 11 1371 14 1397 -4 1394 9 1387 11
1362 3 1363 14 1400 -4 1390 6
1363 5 1364 3 1382 4 1390 12 1392 15 1394 2
1364 4 1365 6 1368 -1 1392 -3 1386 11
1365 3 1366 16 1404 1 1408 19
1366 5 1367 7 1372 -3 1394 -1 1411 16 1385 9
1367 3 1368 3 1396 14 1388 14
1368 1 1369 10
1369 6 1370 6 1402 8 1393 17 1374 10 1399 15 1397 12
1370 5 1371 0 1381 19 1417 6 1417 19 1417 -4
1371 4 1372 2 1402 17 1375 13 1402 -3
1372 2 1373 4 1379 12
1373 3 1374 -1 1416 14 1376 19
1374 4 1375 3 1393 13 1404 10 1411 5
1375 1 1376 15
1376 2 1377 1 1397 18
1377 4 1378 18 1391 7 1379 -2 1415 7
1378 3 1379 -1 1386 10 1387 18
1379 3 1380 10 1397 -4 1386 15
1380 3 1381 16 1417 18 1421 14
1381 6 1382 2 1388 9 1399 7 1416 16 1391 1 1425 14
1382 5 1383 3 1383 17 1423 2 1400 7 1403 14
1383 5 1384 -2 1404 19 1413 9 1417 3 1402 14
1384 3 1385 17 1402 2 1385 10
1385 6 1386 13 1417 13 1386 6 1434 8 1428 12 1406 14
1386 4 1387 16 1411 16 1420 0 1415 -3
1387 2 1388 17 1402 -3
1388 1 1389 18
1389 2 1390 7 1399 12
1390 2 1391 14 1430 -4
1391 4 1392 19 1399 8 1410 -1 1397 2
1392 3 1393 10 1430 -3 1427 18
1393 5 1394 5 1402 9 1400 16 1421 2 1394 16
1394 3 1395 -1 1415 0 1395 20
1395 3 1396 -3 1419 4 1396 2
1396 3 1397 14 1446 -4 1423 1
1397 4 1398 20 1440 -3 1401 -3 1411 0
1398 4 1399 16 1430 3 1434 12 1426 19
1399 2 1400 17 1419 4
1400 4 1401 3 1415 0 1421 14 1442 2
1401 6 1402 5 1417 -1 1431 10 1424 11 1430 13 1414 9
1402 4 1403 13 1441 18 1424 -4 1441 12
1403 1 1404 16
1404 4 1405 14 1436 18 1408 4 1452 18
1405 3 1406 -4 1419 16 1439 -1
1406 2 1407 -1 1424 3
1407 2 1408 6 1445 -1
1408 6 1409 17 1421 -1 1409 -3 1439 11 1442 12 1409 20
1409 3 1410 6 1433 12 1426 15
1410 2 1411 18 1443 17
1411 1 1412 14
1412 5 1413 20 1421 5 1438 16 1443 1 1459 -3
1413 2 1414 1 1441 -2
1414 2 1415 11 1450 17
1415 3 1416 0 1465 11 1431 13
1416 3 1417 5 1443 6 1420 14
1417 3 1418 6 1446 10 1450 7
1418 3 1419 7 1446 10 1464 11
1419 4 1420 4 1447 9 1459 17 1446 8
1420 3 1421 9 1431 10 1468 6
1421 4 1422 18 1422 -2 1435 13 1425 4
1422 5 1423 7 1447 17 1429 1 1439 0 1439 3
1423 5 1424 19 1463 19 1452 -3 1463 19 1425 14
1424 3 1425 20 1438 7 1450 17
1425 2 1426 14 1430 -2
1426 2 1427 19 1456 -4
1427 2 1428 4 1449 11
1428 4 1429 15 1472 4 1461 12 1448 -4
1429 2 1430 13 1440 -1
1430 5 1431 14 1446 18 1440 4 1432 2 1476 17
1431 2 1432 0 1450 11
1432 4 1433 7 1452 6 1482 15 1438 -4
1433 1 1434 -1
1434 2 1435 8 1466 0
1435 1 1436 3
1436 2 1437 3 1481 -2
1437 6 1438 9 1453 1 1441 13 1450 19 1448 10 1453 -4
1438 4 1439 -4 1451 13 1487 -1 1443 8
1439 2 1440 5 1489 16
1440 2 1441 16 1486 1
1441 5 1442 11 1465 17 1472 0 1455 12 1445 9
1442 2 1443 0 1492 18
1443 4 1444 7 1452 9 1465 -1 1481 -4
1444 2 1445 1 1465 -4
1445 2 1446 5 1463 6
1446 4 1447 19 1475 2 1474 -2 1453 6
1447 2 1448 20 1451 12
1448 3 1449 6 1494 -3 1449 15
1449 5 1450 18 1495 5 1475 19 1482 6 1454 7
1450 3 1451 -2 1475 20 1470 16
1451 2 1452 13 1452 15
1452 3 1453 10 1480 10 1498 8
1453 5 1454 15 1477 3 1494 1 1466 0 1473 16
1454 2 1455 19 1484 13
1455 2 1456 -2 1467 2
1456 6 1457 2 1485 10 1495 11 1476 6 1459 0 1489 -1
1457 7 1458 -3 1507 -2 1483 12 1473 16 1500 17 1480 -1 1479 14
1458 3 1459 17 1493 9 1496 9
1459 2 1460 5 1484 18
1460 4 1461 13 1491 2 1469 5 1497 -2
1461 4 1462 19 1493 15 1502 4 1491 0
1462 2 1463 6 1463 7
1463 2 1464 14 1504 18
1464 3 1465 7 1472 4 1477 15
1465 6 1466 1 1474 4 1502 10 1468 -2 1508 3 1474 17
1466 5 1467 19 1509 14 1479 -2 1500 -3 1508 9
1467 2 1468 -4 1510 15
1468 5 1469 2 1485 6 1497 7 1514 11 1481 3
1469 3 1470 -3 1506 18 1474 17
1470 3 1471 16 1513 18 1472 6
1471 5 1472 14 1503 16 1484 9 1493 4 1493 2
1472 2 1473 -3 1507 13
1473 2 1474 6 1515 -3
1474 4 1475 6 1518 11 1506 11 1517 11
1475 2 1476 12 1494 10
1476 3 1477 19 1489 19 1523 12
1477 2 1478 20 1507 17
1478 1 1479 -3
1479 3 1480 9 1507 -4 1499 3
1480 2 1481 -3 1502 5
1481 2 1482 3 1524 4
1482 2 1483 5 1508 14
1483 2 1484 0 1521 0
1484 2 1485 7 1525 10
1485 2 1486 19 1506 20
1486 4 1487 20 1490 2 1505 -4 1511 20
1487 4 1488 10 1490 6 1506 0 1511 7
1488 2 1489 13 1529 20
1489 1 1490 11
1490 4 1491 4 1516 15 1495 4 1521 14
1491 3 1492 15 1513 18 1492 15
1492 3 1493 3 1500 -2 1497 6
1493 3 1494 19 1531 4 1509 9
1494 2 1495 20 1515 -3
1495 4 1496 14 1535 -1 1522 -4 1507 9
1496 4 1497 20 1531 -2 1508 0 1523 -2
1497 4 1498 11 1520 6 1529 19 1537 14
1498 2 1499 -4 1507 10
1499 4 1500 20 1527 10 1522 11 1540 -2
1500 2 1501 16 1543 6
1501 6 1502 1 1520 1 1520 6 1542 17 1506 5 1525 14
1502 5 1503 11 1534 14 1550 -1 1507 7 1520 0
1503 2 1504 17 1536 -4
1504 5 1505 15 1543 14 1536 0 1508 3 1551 -4
1505 4 1506 18 1517 4 1528 -3 1528 -3
1506 5 1507 6 1555 13 1538 20 1538 12 1514 5
1507 3 1508 11 1544 2 1542 20
1508 3 1509 -3 1526 9 1517 -1
1509 6 1510 20 1510 19 1510 11 1534 14 1539 15 1545 15
1510 1 1511 1
1511 2 1512 -4 1526 15
1512 4 1513 -1 1532 -1 1560 8 1522 6
1513 4 1514 19 1540 1 1538 2 1514 17
1514 4 1515 16 1537 20 1538 2 1531 7
1515 2 1516 13 1559 9
1516 4 1517 16 1561 1 1557 -2 1519 15
1517 3 1518 0 1562 8 1550 12
1518 3 1519 1 1558 4 1562 16
1519 2 1520 5 1523 -3
1520 2 1521 0 1557 17
1521 7 1522 18 1537 9 1564 13 1532 0 1558 4 1538 2 1548 3
1522 5 1523 10 1530 13 1553 8 1549 11 1550 -2
1523 2 1524 8 1553 19
1524 4 1525 10 1548 18 1541 -4 1532 7
1525 2 1526 -4 1569 16
1526 4 1527 18 1560 0 1563 6 1545 10
1527 1 1528 7
1528 5 1529 12 1558 11 1561 -4 1559 -2 1533 14
1529 2 1530 9 1552 -3
1530 7 1531 -4 1555 -3 1560 -4 1559 -1 1550 12 1556 14 1538 15
1531 3 1532 20 1549 0 1573 2
1532 3 1533 2 1582 13 1563 9
1533 3 1534 3 1578 -3 1577 -2
1534 3 1535 -1 1558 11 1573 5
1535 2 1536 2 1565 11
1536 4 1537 17 1543 12 1553 1 1541 10
1537 2 1538 -4 1565 -3
1538 4 1539 9 1571 16 1586 -2 1559 4
1539 1 1540 9
1540 1 1541 20
1541 3 1542 16 1571 9 1544 16
1542 2 1543 18 1587 18
1543 3 1544 10 1554 -2 1576 14
1544 2 1545 18 1571 9
1545 4 1546 0 1579 1 1550 14 1595 12
1546 2 1547 11 1596 4
1547 2 1548 15 1597 -3
1548 3 1549 5 1569 -2 1566 3
1549 1 1550 2
1550 3 1551 2 1581 0 1586 15
1551 5 1552 7 1586 2 1581 8 1578 -1 1560 -1
1552 3 1553 20 1591 18 1577 7
1553 5 1554 10 1573 17 1563 4 1581 11 1559 17
1554 4 1555 6 1590 4 1559 -1 1569 -4
1555 4 1556 -4 1602 17 1582 5 1558 17
1556 5 1557 3 1580 5 1589 2 1561 2 1605 12
1557 2 1558 0 1571 12
1558 3 1559 19 1603 -1 1559 2
1559 4 1560 14 1601 1 1603 0 1586 5
1560 2 1561 6 1596 4
1561 2 1562 -2 1567 14
1562 6 1563 8 1610 14 1583 19 1577 4 1566 18 1568 4
1563 3 1564 17 1592 4 1576 5
1564 5 1565 14 1599 2 1578 20 1609 14 1614 14
1565 5 1566 20 1570 17 1577 15 1592 8 1579 17
1566 5 1567 5 1616 -3 1570 10 1597 11 1614 15
1567 5 1568 7 1604 1 1617 -2 1600 2 1585 15
1568 2 1569 4 1612 12
1569 1 1570 19
1570 6 1571 17 1614 12 1588 16 1587 15 1614 7 1600 3
1571 3 1572 3 1609 20 1592 4
1572 2 1573 10 1600 15
1573 1 1574 -4
1574 3 1575 11 1622 12 1621 15
1575 4 1576 16 1599 8 1586 9 1594 4
1576 1 1577 20
1577 5 1578 6 1603 11 1626 2 1587 -2 1613 18
1578 4 1579 3 1597 2 1609 1 1590 17
1579 4 1580 3 1586 17 1594 6 1607 -2
1580 4 1581 -3 1598 5 1586 7 1609 1
1581 3 1582 12 1627 11 1613 3
1582 3 1583 19 1617 15 1584 3
1583 3 1584 20 1625 1 1621 3
1584 1 1585 12
1585 2 1586 -3 1613 9
1586 3 1587 9 1634 6 1601 11
1587 3 1588 8 1630 7 1594 20
1588 4 1589 -4 1622 18 1594 19 1598 13
1589 4 1590 -2 1594 8 1619 1 1600 6
1590 1 1591 -2
1591 2 1592 11 1636 10
1592 4 1593 7 1634 8 1612 16 1614 20
1593 8 1594 7 1632 20 1626 5 1637 14 1595 4 1619 16 1613 20 1626 1
1594 3 1595 15 1607 2 1610 4
1595 3 1596 16 1635 -2 1643 4
1596 4 1597 18 1637 -4 1609 19 1621 20
1597 2 1598 11 1634 12
1598 2 1599 13 1610 5
1599 5 1600 13 1621 3 1605 18 1630 -4 1638 2
1600 6 1601 20 1635 16 1622 19 1612 19 1607 18 1642 5
1601 4 1602 3 1629 6 1649 -2 1650 4
1602 3 1603 -3 1630 9 1633 7
1603 2 1604 10 1626 10
1604 2 1605 4 1612 7
1605 1 1606 -2
1606 3 1607 12 1629 13 1620 6
1607 6 1608 15 1654 17 1609 7 1649 19 1638 4 1646 20
1608 4 1609 -2 1643 5 1631 11 1641 -3
1609 4 1610 8 1659 2 1627 0 1610 4
1610 4 1611 2 1636 -2 1637 7 1634 -2
1611 2 1612 19 1618 2
1612 3 1613 16 1649 6 1638 -2
1613 5 1614 2 1635 11 1625 14 1641 4 1624 20
1614 2 1615 10 1643 15
1615 1 1616 14
1616 1 1617 18
1617 4 1618 7 1654 6 1644 10 1641 13
1618 2 1619 -3 1648 1
1619 3 1620 20 1629 20 1654 6
1620 3 1621 15 1636 16 1626 -4
1621 3 1622 20 1649 19 1658 5
1622 4 1623 12 1666 10 1628 -3 1643 19
1623 6 1624 4 1642 19 1653 9 1670 -1 1646 -2 1670 17
1624 3 1625 2 1645 13 1632 13
1625 7 1626 5 1639 1 1660 -1 1666 0 1632 6 1636 16 1652 7
1626 3 1627 8 1671 9 1638 6
1627 5 1628 18 1639 20 1650 2 1669 2 1655 17
1628 2 1629 7 1632 10
1629 1 1630 17
1630 2 1631 20 1632 16
1631 6 1632 -3 1658 6 1670 -2 1671 15 1666 13 1650 19
1632 3 1633 -2 1655 13 1639 19
1633 6 1634 1 1645 18 1636 19 1649 19 1670 6 1670 13
1634 2 1635 4 1636 5
1635 3 1636 9 1676 1 1644 7
1636 3 1637 9 1656 0 1654 7
1637 6 1638 13 1669 16 1664 5 1661 -4 1640 6 1666 12
1638 3 1639 2 1646 16 1647 5
1639 2 1640 -2 1645 8
1640 2 1641 -4 1651 13
1641 4 1642 -3 1682 15 1668 -2 1648 15
1642 2 1643 8 1692 12
1643 4 1644 0 1679 -1 1669 14 1670 14
1644 3 1645 5 1655 -4 1664 15
1645 2 1646 14 1654 19
1646 5 1647 3 1670 20 1655 -3 1666 18 1675 6
1647 5 1648 8 1652 20 1676 11 1677 12 1673 14
1648 3 1649 16 1662 4 1693 -3
1649 1 1650 12
1650 3 1651 20 1671 8 1652 9
1651 1 1652 10
1652 2 1653 -2 1665 20
1653 1 1654 13
1654 3 1655 2 1664 1 1697 16
1655 3 1656 9 1693 19 1690 2
1656 6 1657 20 1699 1 1669 17 1697 1 1666 17 1704 20
1657 1 1658 8
1658 4 1659 3 1690 8 1661 15 1678 15
1659 4 1660 15 1701 9 1699 -1 1662 13
1660 2 1661 0 1662 4
1661 3 1662 13 1685 2 1681 6
1662 5 1663 15 1695 19 1684 7 1687 20 1703 -3
1663 2 1664 5 1689 18
1664 1 1665 -1
1665 5 1666 6 1691 5 1667 0 1689 11 1675 0
1666 2 1667 4 1714 0
1667 3 1668 9 1708 8 1691 1
1668 2 1669 12 1703 13
1669 4 1670 17 1682 17 1700 10 1702 6
1670 2 1671 19 1710 7
1671 3 1672 2 1676 1 1704 -2
1672 3 1673 5 1718 8 1715 2
1673 1 1674 1
1674 3 1675 0 1716 18 1724 4
1675 5 1676 -4 1712 12 1693 1 1679 20 1704 10
1676 1 1677 16
1677 6 1678 -1 1719 15 1695 10 1686 12 1684 14 1720 17
1678 6 1679 0 1722 18 1687 2 1724 8 1721 19 1705 16
1679 2 1680 13 1698 13
1680 6 1681 19 1719 10 1720 7 1684 -4 1696 -3 1684 5
1681 4 1682 18 1723 18 1684 15 1716 12
1682 2 1683 2 1707 11
1683 7 1684 12 1703 5 1732 -4 1714 2 1723 1 1687 13 1706 8
1684 3 1685 17 1705 -3 1701 19
1685 4 1686 16 1708 9 1688 8 1733 12
1686 2 1687 14 1716 6
1687 3 1688 5 1707 6 1730 16
1688 3 1689 12 1707 -1 1692 19
1689 3 1690 2 1709 10 1710 10
1690 2 1691 -1 1735 -3
1691 5 1692 18 1716 -1 1726 20 1712 18 1704 18
1692 2 1693 0 1736 -4
1693 4 1694 13 1715 20 1705 -2 1709 14
1694 4 1695 11 1730 17 1698 -1 1711 0
1695 3 1696 0 1729 0 1724 15
1696 4 1697 2 1697 7 1701 -1 1709 -2
1697 4 1698 -3 1735 0 1724 12 1737 4
1698 6 1699 -2 1730 -2 1710 -3 1746 18 1709 12 1739 3
1699 4 1700 18 1743 1 1706 1 1708 -4
1700 5 1701 19 1723 17 1706 15 1729 15 1714 0
1701 5 1702 10 1727 18 1729 12 1748 12 1710 19
1702 1 1703 -3
1703 6 1704 10 1718 1 1746 4 1739 5 1720 -2 1711 7
1704 3 1705 18 1741 15 1717 20
1705 4 1706 16 1707 17 1726 10 1734 8
1706 4 1707 14 1716 5 1724 0 1727 15
1707 2 1708 -1 1708 12
1708 7 1709 13 1711 -2 1715 -1 1754 -1 1712 -4 1743 4 1757 18
1709 3 1710 18 1743 14 1738 8
1710 4 1711 3 1740 7 1735 14 1727 11
1711 6 1712 11 1718 -1 1754 19 1717 7 1718 18 1731 2
1712 4 1713 -4 1755 15 1737 20 1725 14
1713 1 1714 7
1714 4 1715 -1 1763 7 1722 8 1758 7
1715 2 1716 7 1758 11
1716 5 1717 17 1747 15 1757 11 1754 14 1740 4
1717 7 1718 7 1750 17 1746 7 1720 1 1719 0 1764 2 1754 12
1718 5 1719 14 1746 2 1739 9 1744 14 1737 13
1719 2 1720 15 1764 18
1720 5 1721 -4 1758 3 1747 2 1730 1 1723 5
1721 2 1722 17 1758 -2
1722 4 1723 7 1738 -1 1723 8 1763 -4
1723 1 1724 8
1724 3 1725 8 1751 17 1771 11
1725 7 1726 16 1774 0 1732 3 1745 11 1752 16 1731 15 1737 6
1726 2 1727 11 1773 2
1727 3 1728 13 1736 17 1735 0
1728 3 1729 14 1764 3 1765 17
1729 1 1730 15
1730 1 1731 13
1731 2 1732 3 1765 19
1732 3 1733 20 1761 16 1763 9
1733 3 1734 9 1760 3 1759 3
1734 3 1735 0 1776 20 1756 14
1735 2 1736 16 1755 2
1736 4 1737 6 1767 -1 1765 0 1745 7
1737 3 1738 3 1787 7 1772 6
1738 4 1739 12 1751 5 1752 19 1771 18
1739 5 1740 5 1785 18 1789 -4 1747 10 1740 13
1740 2 1741 19 1766 18
1741 3 1742 18 1778 6 1778 7
1742 4 1743 -2 1754 20 1782 11 1767 18
1743 4 1744 14 1777 -1 1788 5 1783 5
1744 3 1745 19 1752 11 1761 7
1745 3 1746 9 1788 13 1762 -2
1746 2 1747 -1 1752 -1
1747 1 1748 14
1748 4 1749 0 1786 -4 1753 7 1756 10
1749 3 1750 3 1786 11 1773 15
1750 4 1751 3 1761 20 1762 9 1761 9
1751 6 1752 16 1758 -3 1798 11 1776 -4 1777 20 1755 0
1752 5 1753 15 1792 1 1802 2 1785 8 1761 8
1753 1 1754 1
1754 4 1755 16 1775 3 1763 -4 1769 0
1755 2 1756 8 1805 13
1756 5 1757 19 1784 20 1799 17 1804 -3 1761 19
1757 5 1758 13 1772 14 1767 14 1765 10 1789 -1
1758 8 1759 17 1785 -3 1762 15 1807 19 1806 -4 1767 11 1772 18 1805 -4
1759 6 1760 14 1800 9 1796 9 1781 3 1768 5 1793 18
1760 5 1761 -1 1769 2 1798 18 1781 16 1776 6
1761 4 1762 10 1802 1 1788 0 1806 3
1762 2 1763 4 1779 0
1763 3 1764 18 1809 -1 1805 3
1764 3 1765 3 1776 8 1770 -1
1765 3 1766 8 1801 18 1797 16
1766 5 1767 1 1779 18 1775 -4 1771 -3 1776 5
1767 3 1768 15 1782 -2 1810 9
1768 3 1769 1 1808 18 1779 0
1769 4 1770 14 1816 -1 1798 4 1792 1
1770 3 1771 -4 1792 9 1810 -4
1771 2 1772 8 1784 7
1772 5 1773 15 1822 3 1804 8 1797 4 1818 8
1773 4 1774 20 1803 1 1797 -1 1816 18
1774 3 1775 15 1785 6 1819 7
1775 3 1776 16 1803 18 1782 20
1776 5 1777 17 1795 17 1779 18 1785 -2 1823 17
1777 4 1778 9 1817 3 1779 1 1801 12
1778 3 1779 7 1827 3 1819 -2
1779 3 1780 1 1801 15 1807 19
1780 2 1781 20 1830 3
1781 4 1782 -1 1787 11 1826 18 1800 4
1782 2 1783 2 1803 1
1783 3 1784 2 1809 2 1790 18
1784 3 1785 8 1819 -2 1821 -2
1785 2 1786 20 1802 14
1786 5 1787 12 1811 -2 1836 3 1799 16 1805 -3
1787 3 1788 6 1796 7 1794 -4
1788 4 1789 12 1805 7 1837 -2 1805 -1
1789 3 1790 12 1836 -2 1835 3
1790 3 1791 16 1818 8 1797 17
1791 4 1792 10 1834 8 1792 11 1804 -3
1792 5 1793 9 1832 7 1840 3 1810 6 1807 5
1793 5 1794 15 1814 13 1830 10 1835 13 1831 8
1794 5 1795 2 1833 9 1836 14 1810 10 1824 -3
1795 3 1796 12 1823 -4 1825 17
1796 2 1797 18 1816 17
1797 2 1798 15 1821 3
1798 2 1799 12 1836 -3
1799 2 1800 9 1838 -3
1800 4 1801 -1 1840 8 1845 7 1822 0
1801 3 1802 16 1842 14 1813 18
1802 3 1803 15 1827 2 1806 18
1803 5 1804 18 1836 17 1817 14 1827 8 1804 -2
1804 7 1805 2 1836 1 1817 19 1854 12 1818 20 1816 10 1851 18
1805 2 1806 2 1825 10
1806 1 1807 -2
1807 6 1808 8 1808 -1 1848 -3 1830 14 1852 18 1819 19
1808 5 1809 20 1818 9 1833 10 1837 10 1840 18
1809 2 1810 17 1817 -4
1810 3 1811 18 1839 20 1822 12
1811 2 1812 -1 1825 15
1812 7 1813 0 1860 11 1862 0 1834 17 1824 2 1830 12 1850 13
1813 3 1814 3 1858 4 1848 12
1814 6 1815 20 1840 18 1841 11 1860 2 1848 13 1858 3
1815 3 1816 10 1819 20 1819 3
1816 6 1817 14 1830 4 1864 -3 1830 -2 1830 13 1855 -3
1817 3 1818 9 1848 -3 1855 20
1818 6 1819 7 1822 12 1856 0 1831 1 1841 -3 1820 2
1819 5 1820 9 1859 3 1852 19 1858 12 1836 1
1820 5 1821 20 1855 19 1850 9 1834 8 1822 -4
1821 3 1822 10 1858 2 1855 0
1822 5 1823 -2 1850 6 1836 5 1846 17 1836 12
1823 4 1824 8 1849 19 1835 9 1863 4
1824 5 1825 0 1856 9 1846 12 1841 5 1857 9
1825 1 1826 10
1826 5 1827 -4 1843 17 1858 4 1865 7 1875 16
1827 6 1828 4 1836 6 1849 15 1848 15 1834 11 1840 7
1828 2 1829 6 1878 -2
1829 5 1830 16 1848 3 1848 13 1851 16 1871 3
1830 3 1831 19 1858 -1 1857 6
1831 2 1832 7 1869 17
1832 3 1833 6 1878 1 1862 10
1833 2 1834 17 1842 9
1834 2 1835 11 1857 13
1835 4 1836 -2 1839 11 1880 7 1884 13
1836 3 1837 11 1863 13 1865 8
1837 1 1838 13
1838 3 1839 15 1860 2 1856 1
1839 6 1840 20 1869 -4 1846 -4 1848 7 1859 18 1859 17
1840 2 1841 14 1884 9
1841 3 1842 4 1869 16 1843 5
1842 3 1843 4 1888 15 1862 4
1843 2 1844 4 1854 8
1844 2 1845 9 1864 12
1845 4 1846 -3 1859 11 1861 -1 1847 6
1846 4 1847 8 1885 7 1880 14 1851 12
1847 4 1848 13 1886 -4 1866 1 1863 -4
1848 2 1849 -1 1860 10
1849 3 1850 5 1865 -3 1883 0
1850 4 1851 7 1868 12 1893 2 1900 4
1851 4 1852 1 1892 3 1896 13 1896 -1
1852 2 1853 3 1896 20
1853 4 1854 13 1898 6 1858 2 1877 15
1854 3 1855 6 1872 19 1864 6
1855 1 1856 11
1856 4 1857 13 1867 18 1898 -4 1871 16
1857 3 1858 8 1860 20 1869 1
1858 4 1859 15 1871 4 1862 -3 1888 16
1859 4 1860 -2 1873 4 1894 -4 1878 5
1860 5 1861 13 1899 16 1865 -2 1871 19 1880 15
1861 3 1862 -3 1894 2 1879 12
1862 4 1863 7 1889 5 1887 8 1896 -4
1863 2 1864 0 1881 8
1864 4 1865 3 1885 20 1910 -2 1872 9
1865 1 1866 -2
1866 2 1867 -1 1880 11
1867 8 1868 16 1893 16 1880 7 1896 10 1875 17 1899 19 1896 -4 1901 -3
1868 5 1869 9 1898 1 1902 8 1898 -2 1871 5
1869 4 1870 4 1876 20 1909 8 1883 7
1870 3 1871 18 1877 14 1912 9
1871 3 1872 14 1916 -2 1878 -3
1872 4 1873 16 1891 18 1885 0 1907 11
1873 6 1874 17 1900 -2 1900 7 1890 20 1915 19 1910 11
1874 4 1875 2 1894 20 1899 6 1918 16
1875 4 1876 18 1898 18 1881 9 1917 9
1876 4 1877 10 1908 5 1911 11 1881 4
1877 4 1878 5 1912 15 1892 18 1884 10
1878 5 1879 -2 1881 0 1886 7 1880 11 1919 -3
1879 3 1880 20 1929 13 1906 15
1880 5 1881 7 1904 17 1888 -2 1909 10 1921 8
1881 4 1882 3 1904 -3 1911 12 1911 16
1882 1 1883 15
1883 1 1884 12
1884 5 1885 19 1927 3 1926 18 1899 18 1912 5
1885 1 1886 8
1886 2 1887 17 1913 18
1887 5 1888 4 1894 9 1919 6 1908 -4 1923 19
1888 2 1889 7 1894 16
1889 3 1890 5 1933 1 1907 20
1890 4 1891 2 1898 3 1896 -1 1940 6
1891 2 1892 20 1926 2
1892 3 1893 1 1936 4 1907 8
1893 4 1894 18 1934 16 1913 4 1934 0
1894 3 1895 19 1935 5 1931 -3
1895 3 1896 -3 1896 0 1924 11
1896 3 1897 -4 1936 4 1904 10
1897 4 1898 -3 1947 14 1899 4 1916 10
1898 3 1899 2 1947 -3 1935 0
1899 3 1900 10 1928 8 1917 0
1900 1 1901 8
1901 3 1902 10 1938 19 1937 10
1902 2 1903 7 1928 20
1903 3 1904 10 1951 6 1914 -4
1904 3 1905 7 1928 11 1945 -4
1905 3 1906 16 1940 4 1920 3
1906 5 1907 17 1909 16 1911 7 1946 13 1914 -2
1907 3 1908 10 1918 18 1925 8
1908 2 1909 0 1942 3
1909 2 1910 14 1922 -1
1910 5 1911 -1 1954 14 1953 13 1925 3 1944 15
1911 1 1912 19
1912 3 1913 0 1948 14 1933 18
1913 3 1914 20 1929 5 1922 20
1914 2 1915 19 1945 3
1915 2 1916 17 1954 4
1916 5 1917 6 1945 16 1963 7 1925 11 1954 -4
1917 3 1918 8 1959 12 1944 0
1918 1 1919 -1
1919 2 1920 2 1962 7
1920 3 1921 8 1949 1 1967 4
1921 1 1922 5
1922 2 1923 2 1965 8
1923 4 1924 -3 1963 2 1971 4 1956 10
1924 4 1925 7 1957 1 1929 11 1961 20
1925 3 1926 13 1956 -1 1931 -1
1926 3 1927 15 1968 -2 1974 15
1927 2 1928 11 1941 1
1928 5 1929 0 1957 14 1942 6 1946 1 1962 7
1929 3 1930 6 1941 11 1945 5
1930 5 1931 15 1974 10 1973 13 1965 3 1950 20
1931 3 1932 12 1963 14 1977 3
1932 9 1933 12 1959 19 1953 16 1961 8 1979 11 1948 3 1971 -2 1978 -4 1952 14
1933 4 1934 19 1966 -3 1981 13 1966 7
1934 2 1935 14 1978 -2
1935 4 1936 -1 1955 17 1968 -3 1969 4
1936 4 1937 8 1954 7 1957 5 1943 14
1937 5 1938 8 1984 -3 1960 -4 1976 -1 1943 15
1938 4 1939 11 1967 4 1960 8 1953 14
1939 4 1940 -3 1982 4 1965 7 1972 9
1940 1 1941 19
1941 1 1942 -3
1942 1 1943 -2
1943 5 1944 10 1958 20 1978 16 1989 14 1974 9
1944 2 1945 5 1968 -1
1945 2 1946 6 1988 12
1946 2 1947 11 1975 6
1947 2 1948 15 1957 11
1948 1 1949 7
1949 4 1950 4 1986 19 1998 15 1972 19
1950 4 1951 -3 1981 4 1977 11 1952 7
1951 3 1952 9 1972 16 1967 6
1952 3 1953 13 1999 9 1957 15
1953 3 1954 10 1994 6 1998 7
1954 4 1955 7 2001 8 1982 3 2002 7
1955 4 1956 5 1969 2 1982 18 1984 1
1956 1 1957 9
1957 4 1958 15 1986 17 1972 10 1968 9
1958 5 1959 18 1979 3 1970 12 1981 10 1987 -1
1959 4 1960 13 1990 -3 1990 3 1967 -1
1960 6 1961 8 1973 1 1984 -3 1962 12 1991 -2 1994 11
1961 3 1962 0 1980 11 1992 10
1962 4 1963 7 2004 16 2011 19 2004 -1
1963 2 1964 14 1980 13
1964 3 1965 -3 1971 -4 2003 -4
1965 2 1966 12 1992 9
1966 4 1967 20 2004 14 1979 6 1994 6
1967 3 1968 0 1976 8 1969 9
1968 4 1969 8 1999 14 1990 1 2007 9
1969 6 1970 4 1980 18 2015 12 1996 1 1975 16 1980 -1
1970 6 1971 12 1971 -2 1972 -3 1997 -4 2011 1 1975 19
1971 2 1972 19 2006 16
1972 5 1973 12 2022 -3 1987 17 1975 9 2015 2
1973 4 1974 5 2022 0 2017 7 1986 14
1974 2 1975 9 2024 3
1975 4 1976 20 2021 0 1976 7 1993 1
1976 5 1977 6 2014 17 2025 3 2016 0 2001 7
1977 6 1978 2 1997 -2 1982 5 2025 13 2012 13 2011 0
1978 2 1979 2 2004 10
1979 6 1980 6 2000 1 1994 -3 1991 10 2024 7 2004 17
1980 1 1981 12
1981 4 1982 14 2029 1 1989 14 1996 9
1982 2 1983 16 1997 8
1983 2 1984 4 1998 -1
1984 4 1985 15 1996 0 2023 6 1994 20
1985 3 1986 2 2020 12 2002 6
1986 5 1987 -1 2017 -2 1993 14 2027 13 2002 5
1987 4 1988 15 2035 7 2024 13 1991 10
1988 4 1989 8 2004 4 2027 7 2018 0
1989 2 1990 6 2036 -3
1990 2 1991 0 2013 9
1991 4 1992 16 2001 10 2025 8 2030 11
1992 2 1993 6 2002 -3
1993 3 1994 17 1999 -2 2025 19
1994 3 1995 9 2042 4 2016 9
1995 7 1996 7 2045 1 2005 14 1997 11 2014 19 2044 7 2028 -1
1996 1 1997 11
1997 4 1998 19 2035 13 2012 -3 2018 0
1998 1 1999 19
1999 4 2000 -3 2017 6 2006 -2 2048 11
2000 6 2001 10 2022 -4 2027 18 2013 10 2016 5 2017 18
2001 4 2002 2 2026 13 2036 4 2009 1
2002 5 2003 13 2007 6 2052 14 2029 17 2031 14
2003 2 2004 7 2006 -2
2004 3 2005 15 2014 15 2028 -2
2005 6 2006 9 2045 -1 2034 14 2054 0 2028 15 2052 13
2006 4 2007 1 2019 14 2031 5 2052 -4
2007 1 2008 -3
2008 5 2009 11 2032 10 2030 17 2052 18 2039 -3
2009 3 2010 -3 2031 5 2049 5
2010 3 2011 7 2059 8 2052 1
2011 3 2012 12 2041 14 2022 2
2012 5 2013 6 2053 0 2058 2 2027 15 2062 6
2013 2 2014 -3 2024 8
2014 3 2015 13 2039 13 2027 14
2015 5 2016 1 2042 -2 2053 19 2050 6 2028 9
2016 3 2017 14 2025 8 2030 17
2017 5 2018 7 2043 9 2039 6 2041 3 2062 12
2018 3 2019 20 2044 20 2046 -3
2019 6 2020 11 2047 -3 2051 12 2055 20 2052 3 2039 -2
2020 3 2021 4 2040 9 2059 7
2021 5 2022 17 2044 2 2025 -4 2036 15 2048 14
2022 1 2023 10
2023 3 2024 15 2030 6 2072 6
2024 3 2025 6 2070 2 2034 2
2025 3 2026 -1 2043 18 2052 20
2026 3 2027 20 2043 7 2060 2
2027 4 2028 11 2074 17 2051 12 2052 8
2028 1 2029 0
2029 2 2030 1 2049 -1
2030 6 2031 11 2058 17 2032 -4 2047 5 2061 10 2066 9
2031 1 2032 3
2032 5 2033 15 2076 0 2079 9 2039 16 2061 14
2033 4 2034 4 2034 14 2081 1 2059 4
2034 3 2035 11 2067 7 2075 10
2035 3 2036 19 2074 -2 2075 17
2036 2 2037 12 2061 -2
2037 3 2038 18 2058 15 2044 14
2038 1 2039 20
2039 5 2040 7 2073 9 2042 17 2061 7 2063 17
2040 6 2041 5 2076 20 2080 9 2050 11 2063 15 2055 19
2041 5 2042 12 2079 0 2049 15 2058 18 2057 20
2042 3 2043 2 2068 3 2073 -1
2043 5 2044 1 2086 -3 2088 8 2061 7 2074 10
2044 3 2045 11 2066 7 2052 16
2045 3 2046 19 2064 20 2072 1
2046 6 2047 1 2052 15 2060 14 2088 20 2058 1 2054 -2
2047 7 2048 15 2093 2 2093 11 2075 8 2067 4 2086 6 2089 5
2048 5 2049 10 2085 11 2070 14 2069 1 2079 -1
2049 2 2050 -2 2090 3
2050 7 2051 -2 2054 12 2081 19 2095 3 2096 12 2081 -4 2089 10
2051 4 2052 15 2067 -1 2085 12 2065 0
2052 1 2053 20
2053 8 2054 11 2070 7 2057 20 2054 9 2062 17 2079 -4 2070 0 2069 11
2054 4 2055 0 2071 20 2069 8 2058 8
2055 6 2056 20 2072 9 2065 1 2090 17 2079 20 2103 13
2056 3 2057 16 2080 13 2106 18
2057 2 2058 15 2093 1
2058 2 2059 15 2091 1
2059 2 2060 2 2070 15
2060 2 2061 1 2061 3
2061 2 2062 4 2083 10
2062 1 2063 19
2063 1 2064 -1
2064 6 2065 17 2076 4 2095 2 2104 13 2067 17 2099 1
2065 2 2066 6 2107 13
2066 3 2067 17 2096 4 2089 -4
2067 4 2068 18 2083 3 2070 1 2087 6
2068 6 2069 6 2096 9 2071 17 2080 0 2100 15 2070 4
2069 2 2070 5 2078 -3
2070 3 2071 1 2086 6 2092 -1
2071 1 2072 3
2072 4 2073 -1 2110 -4 2089 -2 2078 6
2073 2 2074 11 2082 5
2074 4 2075 7 2076 10 2109 12 2112 13
2075 2 2076 14 2123 19
2076 2 2077 8 2088 15
2077 3 2078 10 2093 -2 2111 15
2078 2 2079 3 2100 0
2079 4 2080 11 2088 14 2117 11 2122 19
2080 4 2081 2 2115 11 2127 10 2097 13
2081 2 2082 -1 2084 12
2082 4 2083 9 2092 12 2083 0 2125 11
2083 2 2084 12 2103 3
2084 5 2085 12 2130 0 2106 13 2087 -2 2092 10
2085 2 2086 8 2099 -3
2086 4 2087 17 2108 2 2121 13 2118 14
2087 3 2088 16 2095 0 2106 20
2088 1 2089 8
2089 4 2090 3 2096 -1 2103 12 2117 3
2090 4 2091 5 2130 9 2104 19 2136 4
2091 3 2092 4 2099 -2 2094 11
2092 2 2093 20 2101 4
2093 7 2094 1 2135 4 2104 2 2109 1 2108 -1 2113 14 2141 -4
2094 2 2095 1 2117 1
2095 3 2096 16 2107 5 2139 8
2096 3 2097 17 2117 17 2131 5
2097 5 2098 9 2121 -3 2134 0 2128 0 2101 9
2098 8 2099 3 2110 13 2137 3 2115 17 2113 17 2137 -2 2128 8 2119 5
2099 4 2100 -3 2137 4 2115 4 2137 3
2100 3 2101 2 2148 16 2135 -2
2101 2 2102 7 2143 5
2102 1 2103 3
2103 2 2104 2 2123 2
2104 1 2105 8
2105 3 2106 6 2139 -2 2107 -4
2106 2 2107 -4 2146 16
2107 4 2108 16 2149 14 2151 8 2118 -4
2108 4 2109 11 2151 16 2142 5 2120 15
2109 3 2110 10 2139 15 2157 7
2110 3 2111 12 2127 4 2114 5
2111 5 2112 7 2150 8 2123 10 2114 17 2123 -4
2112 1 2113 4
2113 8 2114 13 2146 15 2125 17 2158 10 2126 5 2130 13 2156 10 2158 1
2114 5 2115 19 2153 18 2134 1 2148 3 2117 18
2115 2 2116 13 2145 16
2116 4 2117 15 2160 14 2157 3 2141 10
2117 4 2118 19 2154 14 2150 2 2126 20
2118 2 2119 10 2168 -2
2119 3 2120 9 2126 14 2136 14
2120 4 2121 17 2135 16 2134 14 2134 0
2121 2 2122 -2 2162 -4
2122 1 2123 2
2123 2 2124 15 2134 0
2124 5 2125 -3 2164 2 2162 14 2163 -1 2131 13
2125 4 2126 -3 2153 4 2135 2 2168 -4
2126 4 2127 10 2176 8 2137 -3 2169 8
2127 2 2128 -1 2152 17
2128 3 2129 5 2168 17 2144 17
2129 2 2130 12 2138 1
2130 3 2131 -1 2167 12 2142 4
2131 2 2132 20 2167 8
2132 4 2133 17 2158 5 2164 12 2158 13
2133 4 2134 10 2166 15 2170 -3 2162 2
2134 3 2135 6 2162 2 2140 4
2135 3 2136 11 2169 10 2164 20
2136 6 2137 3 2151 8 2179 0 2174 -1 2137 -2 2156 19
2137 5 2138 14 2169 6 2139 -1 2183 -1 2173 5
2138 7 2139 -3 2147 -4 2158 19 2179 17 2155 17 2152 7 2147 6
2139 3 2140 -2 2189 6 2148 9
2140 4 2141 4 2170 11 2189 11 2151 13
2141 4 2142 4 2159 19 2159 20 2166 -4
2142 6 2143 9 2143 19 2171 0 2147 13 2163 1 2158 -3
2143 2 2144 0 2173 13
2144 5 2145 4 2161 6 2176 14 2192 5 2147 11
2145 3 2146 5 2188 19 2181 13
2146 3 2147 9 2147 14 2163 19
2147 5 2148 -2 2151 16 2160 12 2181 11 2151 14
2148 3 2149 1 2190 -4 2173 19
2149 1 2150 14
2150 8 2151 10 2188 19 2200 20 2151 8 2169 1 2193 11 2177 12 2183 20
2151 4 2152 9 2198 11 2197 7 2167 20
2152 2 2153 13 2198 9
2153 3 2154 20 2175 -1 2203 11
2154 1 2155 4
2155 4 2156 10 2197 -1 2199 18 2197 13
2156 3 2157 10 2194 16 2202 18
2157 6 2158 -4 2173 20 2170 0 2165 13 2192 5 2161 4
2158 4 2159 9 2189 4 2177 15 2175 20
2159 2 2160 18 2202 19
2160 6 2161 13 2204 15 2195 13 2189 2 2185 -1 2177 -3
2161 3 2162 15 2191 1 2211 8
2162 5 2163 18 2179 5 2175 1 2181 2 2194 4
2163 3 2164 10 2198 17 2191 17
2164 5 2165 16 2165 8 2201 11 2201 -2 2188 12
2165 8 2166 3 2179 6 2209 14 2178 9 2195 18 2208 19 2182 5 2181 2
2166 5 2167 -4 2200 19 2191 16 2200 16 2206 11
2167 2 2168 13 2174 9
2168 2 2169 4 2169 18
2169 1 2170 -4
2170 5 2171 7 2185 9 2212 20 2193 17 2213 17
2171 3 2172 14 2176 11 2175 3
2172 3 2173 8 2213 1 2175 8
2173 3 2174 -2 2218 10 2222 12
2174 3 2175 -1 2191 18 2222 13
2175 5 2176 9 2206 20 2214 14 2205 -2 2219 15
2176 3 2177 15 2182 7 2187 17
2177 3 2178 9 2188 18 2216 19
2178 7 2179 20 2184 15 2181 18 2218 15 2218 14 2194 9 2186 0
2179 2 2180 10 2186 2
2180 4 2181 6 2196 18 2208 19 2208 8
2181 1 2182 9
2182 7 2183 3 2195 -2 2218 19 2194 0 2199 -3 2185 4 2205 6
2183 2 2184 12 2202 12
2184 3 2185 20 2226 12 2186 11
2185 4 2186 9 2230 2 2197 6 2211 6
2186 2 2187 -1 2212 18
2187 3 2188 16 2207 6 2193 14
2188 3 2189 6 2218 17 2202 11
2189 3 2190 6 2199 -2 2212 1
2190 2 2191 2 2215 19
2191 2 2192 15 2192 17
2192 5 2193 20 2207 -1 2219 -1 2196 9 2214 1
2193 3 2194 8 2209 10 2224 -3
2194 1 2195 5
2195 3 2196 3 2206 0 2213 -2
2196 3 2197 19 2225 14 2217 3
2197 5 2198 16 2211 11 2247 8 2238 15 2221 7
2198 5 2199 17 2205 20 2229 7 2213 12 2247 13
2199 4 2200 11 2228 2 2233 4 2240 -3
2200 3 2201 20 2206 -2 2210 1
2201 7 2202 18 2206 2 2235 12 2230 20 2242 6 2246 15 2251 -1
2202 3 2203 -2 2204 0 2240 -1
2203 5 2204 6 2212 5 2245 12 2220 18 2247 7
2204 4 2205 17 2213 15 2213 3 2251 6
2205 4 2206 7 2231 -3 2219 12 2206 10
2206 4 2207 11 2225 11 2245 15 2245 -4
2207 1 2208 17
2208 1 2209 7
2209 2 2210 11 2234 -4
2210 3 2211 5 2247 16 2247 1
2211 3 2212 12 2258 19 2257 6
2212 3 2213 17 2221 7 2236 13
2213 4 2214 13 2220 6 2247 5 2249 8
2214 1 2215 10
2215 7 2216 -3 2240 3 2261 3 2226 -3 2261 11 2233 7 2234 18
2216 5 2217 -3 2251 3 2231 6 2249 6 2227 8
2217 5 2218 17 2222 9 2221 -2 2235 17 2224 -4
2218 4 2219 8 2235 16 2235 -3 2245 20
2219 4 2220 7 2222 3 2251 3 2221 -4
2220 3 2221 -2 2242 16 2222 10
2221 4 2222 9 2271 6 2245 9 2227 -4
2222 5 2223 13 2223 3 2252 8 2266 -2 2233 18
2223 3 2224 8 2231 17 2257 10
2224 6 2225 8 2245 16 2269 2 2261 1 2264 15 2226 2
2225 4 2226 14 2239 9 2245 5 2271 3
2226 2 2227 -4 2238 -3
2227 4 2228 -3 2256 -4 2263 15 2242 18
2228 4 2229 12 2235 11 2248 -3 2258 8
2229 3 2230 4 2255 20 2237 12
2230 13 2231 1 2265 14 2251 4 2241 -1 2246 10 2280 19 2244 18 2267 15 2256 -1 2279 -2 2277 8 2261 19 2275 2
2231 4 2232 4 2265 11 2273 4 2234 13
2232 5 2233 13 2256 20 2276 9 2249 9 2282 14
2233 2 2234 12 2243 -3
2234 4 2235 11 2254 17 2241 18 2270 1
2235 3 2236 4 2238 12 2278 1
2236 4 2237 5 2279 17 2264 -4 2286 12
2237 4 2238 3 2279 -1 2241 0 2269 0
2238 4 2239 1 2245 17 2259 -1 2282 7
2239 2 2240 17 2263 4
2240 4 2241 -4 2249 16 2280 18 2245 10
2241 3 2242 11 2242 16 2256 7
2242 2 2243 11 2290 16
2243 1 2244 5
2244 3 2245 -2 2276 4 2279 -1
2245 2 2246 -2 2246 6
2246 2 2247 8 2254 6
2247 4 2248 3 2263 13 2253 20 2274 2
2248 6 2249 -1 2259 1 2263 5 2264 16 2276 12 2283 18
2249 5 2250 15 2290 11 2260 8 2271 -4 2285 16
2250 2 2251 -1 2276 2
2251 3 2252 6 2254 11 2278 10
2252 1 2253 18
2253 6 2254 7 2255 19 2301 -2 2266 -4 2262 16 2278 17
2254 5 2255 -3 2258 3 2298 7 2287 15 2271 12
2255 4 2256 -4 2287 16 2264 13 2261 1
2256 3 2257 12 2263 17 2268 18
2257 3 2258 10 2287 8 2270 -4
2258 1 2259 16
2259 4 2260 10 2272 -3 2290 9 2279 10
2260 7 2261 -1 2309 14 2294 19 2300 19 2273 15 2270 2 2261 1
2261 3 2262 7 2266 6 2277 -3
2262 4 2263 1 2303 8 2286 17 2281 14
2263 3 2264 2 2276 1 2290 12
2264 3 2265 6 2301 11 2286 -1
2265 5 2266 17 2298 16 2271 10 2300 8 2314 12
2266 1 2267 -2
2267 3 2268 7 2287 19 2293 -4
2268 1 2269 5
2269 3 2270 7 2296 18 2279 -3
2270 4 2271 17 2314 5 2317 5 2298 5
2271 6 2272 -1 2320 -3 2286 20 2320 15 2285 7 2313 0
2272 4 2273 19 2282 20 2301 5 2303 12
2273 6 2274 2 2321 2 2310 12 2323 -1 2282 6 2293 2
2274 6 2275 6 2312 -1 2303 -2 2312 9 2276 17 2279 18
2275 5 2276 -4 2278 3 2310 16 2324 -3 2304 13
2276 1 2277 20
2277 4 2278 -3 2313 4 2284 -2 2297 1
2278 5 2279 5 2317 -3 2308 1 2310 3 2317 0
2279 4 2280 0 2325 8 2323 3 2282 7
2280 2 2281 17 2294 6
2281 1 2282 3
2282 3 2283 7 2288 12 2287 17
2283 2 2284 3 2331 0
2284 4 2285 11 2286 -1 2302 12 2302 0
2285 2 2286 5 2323 -1
2286 4 2287 8 2329 20 2325 11 2326 -4
2287 5 2288 3 2318 0 2331 -2 2306 -1 2321 -4
2288 3 2289 10 2293 0 2297 -4
2289 3 2290 17 2338 4 2290 7
2290 5 2291 16 2323 20 2306 18 2322 -1 2318 12
2291 2 2292 11 2319 4
2292 3 2293 0 2330 5 2321 4
2293 2 2294 -3 2303 8
2294 5 2295 11 2333 0 2308 19 2312 2 2308 -4
2295 1 2296 16
2296 4 2297 7 2323 15 2322 0 2321 9
2297 5 2298 15 2328 14 2319 2 2333 0 2345 1
2298 7 2299 12 2334 14 2335 12 2337 0 2306 11 2317 9 2313 5
2299 1 2300 -3
2300 5 2301 15 2320 -3 2317 19 2318 7 2311 13
2301 1 2302 12
2302 3 2303 6 2339 11 2342 14
2303 3 2304 4 2311 2 2308 5
2304 2 2305 5 2314 -3
2305 3 2306 7 2347 15 2328 7
2306 4 2307 20 2351 0 2308 17 2327 8
2307 3 2308 -3 2353 6 2311 14
2308 5 2309 13 2315 13 2335 19 2352 0 2343 12
2309 4 2310 -4 2336 19 2311 9 2354 -4
2310 7 2311 3 2311 -1 2331 14 2351 16 2345 19 2326 18 2357 20
2311 3 2312 5 2326 12 2336 19
2312 3 2313 20 2343 20 2348 9
2313 3 2314 0 2317 10 2337 19
2314 8 2315 0 2327 -2 2332 -4 2316 7 2364 12 2337 16 2363 11 2341 2
2315 5 2316 4 2338 3 2327 17 2320 7 2330 -4
2316 3 2317 0 2318 14 2332 -2
2317 7 2318 -4 2362 9 2333 -4 2337 0 2332 17 2318 10 2324 3
2318 3 2319 6 2325 15 2333 17
2319 5 2320 18 2325 19 2331 17 2340 5 2348 15
2320 6 2321 1 2368 6 2359 20 2333 9 2368 0 2326 15
2321 4 2322 15 2368 7 2325 6 2329 12
2322 5 2323 5 2331 -4 2323 15 2337 -4 2336 -2
2323 3 2324 7 2372 17 2349 3
2324 1 2325 -3
2325 2 2326 5 2360 3
2326 5 2327 -1 2349 18 2354 6 2375 17 2341 4
2327 4 2328 7 2368 3 2369 1 2367 3
2328 4 2329 20 2376 7 2372 -3 2358 11
2329 2 2330 18 2361 8
2330 3 2331 -2 2369 15 2378 1
2331 5 2332 19 2339 -2 2374 -1 2353 11 2332 16
2332 3 2333 -1 2362 12 2373 16
2333 4 2334 5 2378 16 2347 19 2379 -2
2334 6 2335 16 2380 -2 2377 18 2377 19 2341 -2 2353 12
2335 2 2336 19 2368 18
2336 3 2337 1 2367 0 2339 9
2337 4 2338 16 2367 5 2387 9 2376 14
2338 7 2339 16 2359 -4 2387 6 2365 7 2356 -1 2380 19 2385 15
2339 4 2340 -4 2349 0 2387 -1 2358 14
2340 4 2341 19 2378 13 2349 -1 2381 1
2341 6 2342 8 2351 1 2352 15 2384 6 2343 20 2372 18
2342 4 2343 17 2364 10 2347 0 2361 2
2343 4 2344 4 2372 -3 2363 7 2388 8
2344 4 2345 16 2348 10 2348 6 2362 15
2345 3 2346 11 2384 14 2347 -4
2346 5 2347 11 2355 5 2371 13 2362 4 2388 -2
2347 6 2348 2 2391 17 2391 20 2396 11 2366 16 2380 -2
2348 3 2349 3 2393 18 2394 15
2349 2 2350 8 2386 12
2350 3 2351 3 2359 2 2356 5
2351 6 2352 5 2382 3 2397 14 2395 10 2364 7 2382 14
2352 4 2353 -2 2402 9 2391 19 2371 20
2353 2 2354 10 2394 7
2354 3 2355 3 2373 19 2391 12
2355 3 2356 0 2395 5 2405 9
2356 4 2357 7 2393 7 2368 11 2387 19
2357 3 2358 -3 2372 11 2400 14
2358 2 2359 0 2382 17
2359 6 2360 7 2397 -4 2377 17 2386 -3 2384 18 2361 13
2360 2 2361 -4 2362 4
2361 5 2362 4 2397 8 2378 -2 2402 2 2396 4
2362 2 2363 5 2390 17
2363 3 2364 10 2365 -3 2379 6
2364 5 2365 4 2385 7 2392 -3 2385 17 2406 -3
2365 3 2366 12 2378 9 2408 19
2366 2 2367 15 2405 -1
2367 2 2368 -1 2390 -2
2368 4 2369 14 2385 -1 2370 14 2383 17
2369 3 2370 -2 2371 3 2372 17
2370 6 2371 14 2388 9 2389 4 2403 13 2390 7 2412 11
2371 4 2372 5 2420 13 2397 2 2417 12
2372 4 2373 14 2383 8 2400 15 2376 15
2373 4 2374 19 2386 20 2416 2 2395 -2
2374 2 2375 4 2408 17
2375 2 2376 4 2399 16
2376 7 2377 2 2395 19 2394 14 2421 6 2416 9 2416 0 2397 15
2377 2 2378 -4 2423 3
2378 4 2379 3 2408 -1 2386 11 2401 0
2379 1 2380 10
2380 2 2381 7 2393 8
2381 4 2382 1 2418 6 2383 9 2404 17
2382 3 2383 7 2430 18 2405 13
2383 2 2384 -1 2431 13
2384 2 2385 20 2409 -3
2385 5 2386 13 2434 14 2432 12 2417 18 2412 1
2386 2 2387 2 2387 6
2387 3 2388 2 2406 -2 2408 -1
2388 4 2389 20 2404 2 2401 20 2400 6
2389 4 2390 13 2399 5 2395 16 2409 19
2390 4 2391 12 2397 4 2430 19 2440 1
2391 3 2392 9 2427 15 2412 -4
2392 2 2393 4 2431 5
2393 6 2394 16 2409 14 2404 16 2394 20 2415 -3 2431 17
2394 4 2395 19 2423 13 2395 -1 2395 7
2395 3 2396 12 2422 5 2439 1
2396 5 2397 15 2441 9 2397 18 2415 11 2425 0
2397 4 2398 15 2440 12 2419 18 2438 16
2398 2 2399 -1 2407 7
2399 3 2400 13 2448 19 2433 7
2400 5 2401 5 2420 -2 2403 13 2439 15 2428 8
2401 3 2402 1 2429 19 2402 3
2402 4 2403 9 2428 2 2429 -3 2425 6
2403 2 2404 17 2424 12
2404 4 2405 0 2436 8 2445 -2 2420 14
2405 4 2406 15 2426 -1 2433 5 2412 11
2406 3 2407 10 2454 2 2445 7
2407 2 2408 13 2436 -4
2408 5 2409 18 2428 4 2442 6 2457 15 2451 -2
2409 4 2410 9 2418 17 2452 15 2416 -4
2410 4 2411 1 2414 9 2452 12 2430 0
2411 4 2412 -4 2455 0 2454 7 2419 20
2412 6 2413 1 2460 11 2444 11 2413 17 2445 9 2425 -3
2413 4 2414 20 2454 0 2447 9 2440 8
2414 2 2415 10 2451 7
2415 6 2416 14 2437 12 2435 9 2450 8 2453 6 2462 12
2416 4 2417 4 2439 8 2459 17 2419 14
2417 3 2418 -4 2432 5 2434 -1
2418 1 2419 2
2419 3 2420 5 2425 4 2435 2
2420 2 2421 -1 2434 10
2421 5 2422 17 2467 0 2447 18 2462 5 2468 20
2422 3 2423 -4 2471 4 2472 4
2423 4 2424 17 2446 18 2470 19 2462 0
2424 2 2425 12 2426 -3
2425 3 2426 5 2467 7 2452 4
2426 4 2427 20 2461 4 2429 0 2427 18
2427 3 2428 6 2472 2 2452 10
2428 3 2429 4 2470 12 2453 14
2429 6 2430 -4 2464 17 2442 15 2476 18 2441 2 2441 1
2430 3 2431 17 2435 -1 2431 17
2431 2 2432 -1 2446 16
2432 2 2433 -2 2446 13
2433 2 2434 3 2458 -4
2434 5 2435 19 2436 19 2473 19 2453 3 2472 -1
2435 8 2436 15 2485 3 2471 4 2459 -4 2482 13 2451 15 2462 12 2461 19
2436 3 2437 -1 2470 19 2443 -3
2437 5 2438 3 2456 0 2438 8 2446 16 2467 4
2438 4 2439 5 2451 20 2451 11 2484 20
2439 1 2440 18
2440 4 2441 10 2470 -3 2449 11 2482 -1
2441 2 2442 13 2467 2
2442 4 2443 16 2478 18 2487 5 2458 5
2443 5 2444 19 2449 17 2465 -3 2467 4 2492 4
2444 3 2445 7 2487 -3 2493 0
2445 6 2446 16 2456 19 2484 4 2455 19 2462 -3 2466 20
2446 2 2447 3 2484 13
2447 4 2448 7 2480 11 2467 8 2494 5
2448 6 2449 1 2473 7 2456 18 2474 -2 2465 9 2488 8
2449 3 2450 18 2450 18 2465 11
2450 2 2451 11 2465 19
2451 1 2452 2
2452 2 2453 18 2462 4
2453 3 2454 5 2474 4 2471 13
2454 4 2455 1 2478 8 2472 -4 2481 3
2455 6 2456 -4 2466 -1 2499 -1 2465 19 2491 12 2478 9
2456 3 2457 -2 2501 17 2480 12
2457 6 2458 -2 2496 20 2501 5 2502 1 2493 14 2491 17
2458 3 2459 0 2463 3 2500 13
2459 3 2460 3 2476 0 2482 12
2460 4 2461 12 2486 0 2476 -4 2461 13
2461 4 2462 15 2486 13 2481 20 2511 4
2462 4 2463 13 2508 14 2479 6 2473 -3
2463 3 2464 13 2466 7 2503 19
2464 5 2465 -1 2488 5 2474 1 2477 1 2500 0
2465 2 2466 4 2491 18
2466 3 2467 13 2489 -1 2500 12
2467 4 2468 19 2468 18 2497 10 2496 14
2468 2 2469 3 2491 -4
2469 2 2470 18 2490 -3
2470 5 2471 19 2482 7 2507 2 2510 16 2492 1
2471 4 2472 2 2502 -1 2498 0 2499 8
2472 4 2473 6 2483 6 2497 8 2492 16
2473 3 2474 -3 2503 8 2478 10
2474 6 2475 1 2493 4 2505 8 2479 10 2504 13 2514 2
2475 2 2476 4 2487 -4
2476 1 2477 10
2477 6 2478 -4 2478 20 2496 19 2503 10 2506 -1 2507 6
2478 1 2479 8
2479 4 2480 -3 2521 19 2491 13 2514 10
2480 3 2481 1 2524 1 2511 0
2481 2 2482 17 2487 -4
2482 5 2483 11 2525 12 2523 2 2493 14 2518 0
2483 4 2484 8 2511 17 2507 15 2524 2
2484 3 2485 20 2485 17 2530 18
2485 4 2486 5 2513 18 2527 13 2525 3
2486 6 2487 4 2533 19 2493 16 2534 10 2508 16 2524 12
2487 3 2488 10 2530 9 2514 18
2488 2 2489 7 2520 20
2489 2 2490 9 2524 -2
2490 1 2491 19
2491 2 2492 -2 2522 9
2492 6 2493 7 2507 3 2512 13 2502 18 2526 5 2504 -2
2493 4 2494 20 2523 3 2542 9 2515 8
2494 2 2495 18 2502 10
2495 5 2496 7 2526 13 2519 9 2528 11 2527 -4
2496 2 2497 10 2521 2
2497 3 2498 15 2503 -2 2503 15
2498 3 2499 -4 2515 6 2509 14
2499 6 2500 8 2540 0 2514 1 2534 5 2543 16 2527 1
2500 2 2501 -2 2513 16
2501 3 2502 9 2539 8 2511 0
2502 2 2503 11 2535 18
2503 6 2504 1 2547 4 2523 4 2537 -2 2506 14 2549 8
2504 2 2505 19 2517 0
2505 3 2506 18 2508 14 2544 3
2506 2 2507 3 2509 11
2507 5 2508 -1 2509 14 2513 -3 2557 18 2531 11
2508 4 2509 -3 2537 4 2522 0 2544 19
2509 4 2510 20 2514 2 2529 9 2548 16
2510 5 2511 3 2528 18 2512 12 2530 12 2522 12
2511 4 2512 17 2530 11 2541 1 2548 1
2512 4 2513 15 2517 7 2549 -3 2547 0
2513 3 2514 14 2554 17 2515 14
2514 4 2515 -1 2522 17 2560 -2 2515 13
2515 3 2516 17 2547 19 2528 13
2516 2 2517 18 2536 2
2517 4 2518 11 2530 2 2544 4 2551 -2
2518 4 2519 -2 2557 5 2546 7 2524 0
2519 3 2520 2 2520 17 2531 4
2520 4 2521 20 2525 12 2564 1 2526 -1
2521 2 2522 11 2523 20
2522 2 2523 8 2565 -3
2523 4 2524 11 2541 -1 2568 12 2567 -2
2524 3 2525 19 2564 12 2535 19
2525 3 2526 -3 2557 20 2532 3
2526 5 2527 9 2544 20 2528 -1 2539 -3 2540 1
2527 2 2528 -3 2556 -1
2528 2 2529 -3 2565 8
2529 4 2530 2 2571 15 2539 -2 2558 19
2530 4 2531 19 2552 19 2561 15 2551 1
2531 2 2532 8 2550 7
2532 7 2533 -1 2561 8 2550 16 2578 6 2559 5 2550 18 2555 -4
2533 4 2534 20 2551 6 2578 9 2579 0
2534 4 2535 0 2583 -4 2581 13 2554 6
2535 4 2536 9 2561 -3 2538 13 2564 17
2536 5 2537 5 2582 4 2563 2 2559 16 2554 13
2537 3 2538 6 2548 -4 2540 8
2538 6 2539 5 2574 6 2567 9 2551 16 2575 4 2539 3
2539 3 2540 12 2553 -2 2582 5
2540 3 2541 -1 2545 6 2571 1
2541 4 2542 19 2575 8 2580 20 2570 20
2542 3 2543 -4 2549 16 2578 6
2543 3 2544 14 2580 2 2569 -3
2544 5 2545 4 2560 5 2577 18 2558 11 2567 3
2545 2 2546 2 2551 11
2546 2 2547 12 2574 -3
2547 3 2548 -3 2584 13 2557 10
2548 2 2549 12 2590 1
2549 4 2550 16 2554 -2 2562 6 2581 -1
2550 4 2551 10 2592 8 2564 17 2574 20
2551 9 2552 2 2568 17 2600 12 2562 20 2593 20 2588 20 2581 1 2598 20 2583 8
2552 3 2553 11 2585 4 2579 -4
2553 3 2554 9 2559 -4 2561 8
2554 3 2555 20 2572 4 2602 0
2555 4 2556 19 2582 3 2579 0 2590 20
2556 6 2557 18 2587 -3 2587 1 2570 16 2576 12 2597 5
2557 1 2558 3
2558 4 2559 19 2578 13 2580 12 2603 8
2559 3 2560 14 2560 -1 2576 9
2560 7 2561 1 2593 19 2609 6 2604 -4 2591 13 2568 3 2564 17
2561 2 2562 -3 2572 19
2562 5 2563 12 2575 -2 2588 -3 2566 16 2570 20
2563 6 2564 -3 2568 18 2585 16 2579 -1 2602 11 2611 3
2564 1 2565 15
2565 1 2566 1
2566 2 2567 11 2569 15
2567 3 2568 19 2576 9 2604 -3
2568 3 2569 20 2601 4 2580 -3
2569 3 2570 2 2594 15 2592 2
2570 2 2571 -2 2587 16
2571 6 2572 3 2595 8 2598 6 2614 14 2582 3 2620 8
2572 3 2573 19 2595 2 2621 12
2573 2 2574 2 2598 -4
2574 4 2575 11 2576 5 2585 9 2602 9
2575 2 2576 -4 2592 20
2576 1 2577 18
2577 4 2578 4 2588 9 2579 -1 2594 8
2578 1 2579 3
2579 3 2580 3 2581 9 2587 7
2580 3 2581 -4 2585 16 2590 7
2581 2 2582 2 2620 3
2582 4 2583 2 2629 18 2628 -1 2607 2
2583 3 2584 18 2602 16 2625 19
2584 3 2585 11 2619 2 2613 11
2585 3 2586 1 2600 11 2612 11
2586 4 2587 16 2624 -1 2627 3 2635 12
2587 2 2588 4 2597 2
2588 3 2589 -3 2614 2 2595 16
2589 4 2590 2 2594 19 2627 2 2611 4
2590 4 2591 15 2639 1 2637 18 2607 7
2591 3 2592 -4 2637 13 2640 18
2592 2 2593 5 2641 15
2593 5 2594 -3 2601 5 2621 -1 2628 9 2618 19
2594 5 2595 6 2622 15 2597 0 2610 4 2622 13
2595 3 2596 11 2609 -1 2612 15
2596 4 2597 11 2608 12 2598 0 2611 7
2597 2 2598 5 2603 6
2598 4 2599 0 2613 -1 2607 9 2647 9
2599 6 2600 3 2632 11 2635 -4 2638 7 2615 -1 2607 4
2600 3 2601 8 2637 7 2645 1
2601 4 2602 5 2604 11 2615 5 2609 2
2602 5 2603 9 2609 13 2625 4 2628 -2 2607 20
2603 1 2604 20
2604 1 2605 4
2605 4 2606 13 2652 20 2655 12 2636 -4
2606 6 2607 11 2618 19 2607 -1 2626 15 2635 -2 2610 3
2607 2 2608 -1 2613 -2
2608 5 2609 2 2636 12 2611 6 2653 20 2636 5
2609 3 2610 19 2626 -2 2634 -1
2610 5 2611 0 2640 0 2645 -1 2637 4 2622 19
2611 5 2612 -2 2637 19 2656 16 2647 -3 2622 6
2612 4 2613 9 2647 19 2632 9 2659 12
2613 2 2614 -3 2660 -3
2614 3 2615 -1 2623 16 2651 0
2615 2 2616 8 2623 -2
2616 1 2617 3
2617 1 2618 4
2618 3 2619 4 2666 5 2653 2
2619 5 2620 15 2629 18 2653 14 2660 1 2649 -4
2620 3 2621 12 2624 0 2663 14
2621 2 2622 7 2645 11
2622 4 2623 -1 2650 -1 2660 -4 2658 14
2623 4 2624 6 2666 14 2644 13 2666 -2
2624 4 2625 7 2647 4 2656 3 2641 -2
2625 4 2626 8 2641 7 2661 0 2648 0
2626 3 2627 12 2672 15 2659 10
2627 2 2628 -2 2629 3
2628 4 2629 0 2656 20 2655 9 2635 15
2629 4 2630 17 2655 -4 2656 13 2646 3
2630 2 2631 0 2652 12
2631 1 2632 -2
2632 2 2633 13 2678 -4
2633 3 2634 -2 2656 4 2664 10
2634 3 2635 9 2644 4 2662 12
2635 4 2636 5 2684 4 2677 20 2674 8
2636 3 2637 3 2644 8 2653 6
2637 3 2638 19 2665 10 2657 0
2638 4 2639 5 2688 1 2688 19 2688 11
2639 2 2640 2 2680 4
2640 6 2641 19 2654 -1 2681 18 2656 4 2663 6 2650 5
2641 2 2642 5 2680 11
2642 2 2643 20 2665 6
2643 6 2644 18 2645 0 2655 7 2668 9 2658 2 2666 -4
2644 2 2645 2 2671 18
2645 4 2646 3 2658 0 2646 2 2666 14
2646 4 2647 7 2649 20 2690 5 2650 9
2647 2 2648 -2 2679 4
2648 2 2649 13 2676 19
2649 5 2650 5 2664 10 2669 5 2663 16 2668 5
2650 4 2651 10 2689 -1 2696 14 2662 -4
2651 4 2652 2 2674 5 2674 12 2668 0
2652 3 2653 16 2689 6 2682 -3
2653 2 2654 5 2703 16
2654 4 2655 8 2699 0 2673 -2 2697 -2
2655 2 2656 14 2681 2
2656 4 2657 11 2691 2 2685 5 2665 15
2657 2 2658 8 2679 16
2658 1 2659 16
2659 4 2660 1 2679 -3 2675 6 2667 3
2660 3 2661 0 2708 7 2695 3
2661 1 2662 7
2662 2 2663 15 2698 9
2663 6 2664 20 2711 18 2703 4 2699 -2 2675 20 2687 19
2664 8 2665 14 2665 6 2707 4 2666 -1 2710 13 2700 11 2669 13 2705 8
2665 5 2666 12 2694 14 2693 13 2697 12 2682 7
2666 1 2667 5
2667 4 2668 13 2681 5 2682 0 2706 20
2668 4 2669 3 2671 18 2674 12 2688 12
2669 3 2670 19 2695 1 2696 -3
2670 1 2671 1
2671 2 2672 9 2705 0
2672 3 2673 1 2677 11 2692 -1
2673 4 2674 14 2719 6 2702 18 2703 -4
2674 2 2675 -1 2717 4
2675 4 2676 16 2703 18 2694 15 2695 19
2676 1 2677 13
2677 7 2678 11 2701 16 2702 3 2727 0 2704 14 2725 -1 2723 16
2678 2 2679 2 2722 3
2679 2 2680 11 2690 19
2680 2 2681 3 2699 -3
2681 2 2682 20 2693 3
2682 2 2683 15 2727 4
2683 2 2684 17 2710 16
2684 5 2685 14 2720 -1 2706 15 2727 11 2698 18
2685 2 2686 0 2689 0
2686 4 2687 16 2736 -1 2712 7 2717 12
2687 6 2688 -2 2723 9 2715 17 2718 -4 2722 14 2705 12
2688 2 2689 -4 2715 7
2689 4 2690 0 2737 3 2714 -2 2720 4
2690 4 2691 11 2709 11 2737 -2 2737 16
2691 4 2692 19 2736 10 2712 13 2731 20
2692 3 2693 19 2715 12 2740 16
2693 4 2694 8 2700 15 2730 11 2713 -3
2694 3 2695 8 2703 -1 2733 17
2695 3 2696 9 2730 12 2699 1
2696 4 2697 15 2715 18 2734 14 2743 9
2697 3 2698 -1 2743 -3 2720 20
2698 2 2699 1 2731 15
2699 3 2700 1 2743 12 2746 5
2700 3 2701 10 2739 15 2715 8
2701 3 2702 12 2750 10 2746 16
2702 1 2703 20
2703 4 2704 13 2712 9 2739 11 2704 -4
2704 2 2705 11 2734 7
2705 1 2706 16
2706 5 2707 -1 2712 7 2737 2 2725 11 2731 15
2707 6 2708 15 2753 -2 2725 5 2734 18 2714 9 2736 -2
2708 2 2709 14 2715 5
2709 6 2710 -1 2752 8 2756 9 2711 -1 2751 6 2733 10
2710 2 2711 5 2723 12
2711 3 2712 10 2720 5 2714 14
2712 2 2713 9 2758 11
2713 3 2714 3 2751 0 2734 4
2714 5 2715 18 2720 -1 2762 17 2760 1 2756 4
2715 4 2716 4 2761 -3 2716 6 2740 4
2716 3 2717 20 2758 19 2741 12
2717 4 2718 2 2739 5 2755 10 2752 7
2718 4 2719 17 2728 19 2719 3 2745 20
2719 3 2720 7 2727 6 2734 1
2720 3 2721 16 2736 -3 2757 -1
2721 2 2722 3 2729 7
2722 1 2723 9
2723 5 2724 14 2748 9 2756 3 2762 7 2738 20
2724 5 2725 -2 2753 9 2771 10 2760 10 2761 -2
2725 2 2726 2 2752 18
2726 6 2727 15 2744 5 2768 20 2769 5 2734 5 2764 2
2727 1 2728 13
2728 3 2729 13 2751 9 2749 18
2729 2 2730 16 2768 -3
2730 1 2731 2
2731 4 2732 3 2760 9 2771 17 2766 6
2732 3 2733 16 2769 1 2767 1
2733 2 2734 3 2747 19
2734 1 2735 13
2735 1 2736 -4
2736 2 2737 7 2753 13
2737 2 2738 18 2751 -2
2738 1 2739 14
2739 4 2740 15 2780 16 2774 17 2780 2
2740 5 2741 0 2767 12 2765 5 2782 14 2743 3
2741 6 2742 6 2745 18 2786 2 2768 4 2758 4 2768 9
2742 1 2743 -4
2743 2 2744 0 2745 19
2744 3 2745 17 2780 8 2757 5
2745 2 2746 16 2767 7
2746 2 2747 15 2782 2
2747 1 2748 8
2748 3 2749 20 2770 0 2759 1
2749 4 2750 13 2782 1 2799 9 2781 0
2750 2 2751 1 2785 17
2751 3 2752 18 2782 2 2765 8
2752 7 2753 -4 2777 10 2760 2 2797 16 2755 16 2792 -3 2765 10
2753 6 2754 2 2778 -1 2759 19 2782 11 2800 6 2790 10
2754 4 2755 5 2788 8 2802 -1 2796 9
2755 2 2756 13 2803 0
2756 3 2757 16 2759 0 2802 -1
2757 6 2758 6 2779 5 2787 14 2798 14 2802 6 2784 -3
2758 2 2759 6 2801 -4
2759 3 2760 2 2798 16 2808 4
2760 1 2761 11
2761 2 2762 -4 2775 2
2762 3 2763 17 2767 9 2805 15
2763 5 2764 0 2803 1 2802 8 2794 9 2769 8
2764 4 2765 1 2767 3 2771 16 2799 3
2765 4 2766 14 2782 5 2802 4 2800 0
2766 4 2767 8 2789 -2 2777 11 2812 -1
2767 5 2768 20 2769 13 2794 19 2780 17 2772 -4
2768 4 2769 -3 2780 5 2809 20 2779 6
2769 3 2770 -1 2796 13 2776 20
2770 3 2771 -4 2802 -2 2792 19
2771 3 2772 14 2782 1 2794 5
2772 3 2773 -1 2776 6 2785 13
2773 3 2774 -1 2816 19 2774 1
2774 4 2775 12 2787 11 2806 1 2811 1
2775 3 2776 10 2819 8 2818 4
2776 4 2777 6 2791 19 2807 -4 2804 2
2777 1 2778 7
2778 1 2779 2
2779 1 2780 -3
2780 2 2781 5 2789 -4
2781 2 2782 6 2813 17
2782 2 2783 18 2812 8
2783 3 2784 5 2811 6 2828 0
2784 2 2785 13 2802 18
2785 1 2786 11
2786 4 2787 19 2808 12 2833 19 2795 5
2787 3 2788 10 2818 3 2788 1
2788 6 2789 11 2804 17 2802 10 2794 11 2798 -1 2825 17
2789 2 2790 0 2839 15
2790 2 2791 -3 2798 -2
2791 3 2792 3 2824 -2 2807 4
2792 2 2793 16 2835 9
2793 2 2794 2 2796 4
2794 2 2795 16 2800 20
2795 3 2796 15 2805 2 2809 10
2796 2 2797 4 2822 20
2797 2 2798 -2 2822 8
2798 6 2799 11 2842 20 2813 -2 2806 7 2821 3 2804 2
2799 3 2800 4 2802 2 2834 17
2800 3 2801 10 2845 10 2834 7
2801 1 2802 -4
2802 2 2803 9 2805 0
2803 4 2804 12 2827 14 2818 -3 2809 -4
2804 4 2805 19 2808 20 2832 15 2841 7
2805 4 2806 12 2839 11 2854 -1 2843 20
2806 6 2807 6 2838 16 2832 0 2850 5 2821 10 2850 0
2807 2 2808 9 2848 13
2808 7 2809 4 2830 -4 2842 14 2830 20 2847 -1 2839 9 2810 0
2809 3 2810 -1 2819 14 2822 10
2810 3 2811 15 2819 3 2856 14
2811 5 2812 9 2851 1 2833 0 2826 18 2822 6
2812 4 2813 7 2813 19 2832 5 2850 13
2813 10 2814 -3 2831 6 2814 10 2820 2 2835 16 2841 -2 2862 7 2828 12 2827 2 2842 16
2814 2 2815 20 2839 9
2815 4 2816 7 2856 7 2848 20 2850 -2
2816 4 2817 8 2836 3 2818 5 2837 -3
2817 2 2818 6 2858 16
2818 2 2819 4 2827 18
2819 5 2820 0 2845 18 2848 3 2828 -1 2846 2
2820 5 2821 1 2825 4 2853 11 2841 14 2844 18
2821 3 2822 6 2844 15 2831 -1
2822 2 2823 0 2824 3
2823 2 2824 18 2854 18
2824 3 2825 6 2836 7 2841 3
2825 1 2826 15
2826 4 2827 5 2867 9 2850 7 2840 -3
2827 2 2828 20 2829 20
2828 4 2829 4 2867 12 2844 4 2830 0
2829 2 2830 7 2837 -3
2830 1 2831 5
2831 2 2832 0 2854 20
2832 1 2833 14
2833 2 2834 5 2834 19
2834 2 2835 6 2877 6
2835 2 2836 11 2884 12
2836 2 2837 -2 2878 9
2837 2 2838 14 2842 17
2838 2 2839 5 2887 11
2839 3 2840 13 2842 0 2865 -1
2840 4 2841 -1 2872 3 2874 8 2855 17
2841 2 2842 13 2874 11
2842 2 2843 16 2884 -4
2843 3 2844 6 2852 18 2891 10
2844 2 2845 14 2883 9
2845 5 2846 19 2858 7 2880 0 2864 20 2876 12
2846 2 2847 15 2893 11
2847 3 2848 20 2861 10 2865 4
2848 5 2849 4 2881 13 2856 20 2878 -4 2896 20
2849 1 2850 -1
2850 2 2851 0 2897 17
2851 3 2852 12 2899 15 2875 7
2852 2 2853 9 2870 19
2853 1 2854 3
2854 2 2855 1 2865 4
2855 1 2856 6
2856 2 2857 5 2902 7
2857 2 2858 -4 2874 20
2858 4 2859 12 2887 4 2890 6 2868 0
2859 3 2860 3 2878 10 2902 14
2860 3 2861 -4 2873 -1 2887 8
2861 2 2862 10 2893 15
2862 2 2863 -3 2898 20
2863 3 2864 16 2888 14 2876 16
2864 4 2865 9 2868 3 2914 18 2913 -3
2865 3 2866 -2 2868 7 2891 11
2866 3 2867 16 2904 8 2876 5
2867 6 2868 -3 2897 -2 2888 3 2887 17 2887 11 2870 18
2868 3 2869 15 2914 0 2887 18
2869 1 2870 19
2870 2 2871 10 2874 19
2871 4 2872 17 2886 -3 2878 -4 2905 16
2872 2 2873 -3 2879 -3
2873 1 2874 18
2874 1 2875 -4
2875 6 2876 9 2880 19 2922 -4 2891 10 2876 16 2916 17
2876 4 2877 -3 2919 3 2918 11 2909 14
2877 2 2878 0 2918 11
2878 2 2879 20 2912 12
2879 2 2880 8 2887 4
2880 2 2881 18 2898 -3
2881 3 2882 14 2889 9 2924 17
2882 6 2883 0 2900 20 2901 5 2932 9 2917 11 2925 3
2883 3 2884 17 2931 12 2918 7
2884 2 2885 -1 2903 -2
2885 5 2886 9 2906 -3 2924 16 2905 6 2900 7
2886 2 2887 10 2901 -2
2887 1 2888 1
2888 4 2889 12 2920 9 2907 -4 2919 20
2889 2 2890 7 2914 9
2890 3 2891 -2 2933 0 2893 14
2891 2 2892 14 2907 4
2892 2 2893 13 2909 0
2893 3 2894 14 2927 19 2906 18
2894 2 2895 7 2921 7
2895 3 2896 18 2921 11 2930 2
2896 3 2897 10 2915 11 2916 -3
2897 4 2898 12 2910 1 2920 16 2914 6
2898 5 2899 19 2921 8 2904 5 2921 13 2925 1
2899 5 2900 18 2909 2 2929 17 2934 4 2942 2
2900 3 2901 4 2911 15 2925 12
2901 1 2902 8
2902 3 2903 17 2903 15 2947 10
2903 2 2904 20 2942 12
2904 1 2905 0
2905 3 2906 2 2913 -2 2944 8
2906 4 2907 14 2932 14 2949 -3 2929 20
2907 5 2908 19 2931 -2 2939 -3 2927 7 2915 13
2908 3 2909 10 2957 20 2955 13
2909 3 2910 3 2936 8 2957 -2
2910 2 2911 7 2915 18
2911 5 2912 -1 2914 5 2944 0 2923 -4 2959 4
2912 3 2913 20 2935 3 2945 6
2913 1 2914 4
2914 2 2915 8 2950 11
2915 6 2916 -1 2932 9 2921 16 2934 7 2944 9 2932 10
2916 2 2917 15 2925 11
2917 4 2918 2 2964 0 2964 3 2920 14
2918 2 2919 20 2967 3
2919 2 2920 19 2957 5
2920 1 2921 -3
2921 3 2922 5 2927 17 2966 12
2922 4 2923 14 2942 6 2932 -4 2929 5
2923 3 2924 16 2925 14 2948 7
2924 2 2925 10 2927 6
2925 3 2926 -2 2947 2 2972 8
2926 2 2927 15 2969 18
2927 2 2928 8 2948 18
2928 1 2929 -1
2929 1 2930 13
2930 6 2931 13 2962 -2 2939 0 2935 -2 2969 18 2945 6
2931 1 2932 6
2932 2 2933 4 2980 12
2933 2 2934 4 2959 15
2934 4 2935 -4 2977 -3 2969 14 2936 17
2935 4 2936 17 2968 12 2952 11 2959 -1
2936 2 2937 -1 2937 0
2937 2 2938 3 2960 6
2938 2 2939 2 2981 20
2939 1 2940 14
2940 3 2941 15 2975 3 2966 5
2941 1 2942 -3
2942 4 2943 1 2966 15 2949 12 2973 1
2943 3 2944 4 2952 15 2973 18
2944 5 2945 12 2954 7 2981 8 2988 16 2945 -3
2945 4 2946 5 2968 -4 2953 10 2965 9
2946 2 2947 19 2989 0
2947 4 2948 19 2980 19 2993 3 2964 -2
2948 2 2949 19 2990 12
2949 1 2950 16
2950 5 2951 16 2991 -1 2998 3 2995 15 2960 19
2951 4 2952 15 2999 11 2977 -4 2991 0
2952 2 2953 1 2958 1
2953 3 2954 12 2995 19 2974 7
2954 3 2955 11 2993 19 2983 15
2955 2 2956 16 2980 -1
2956 3 2957 0 2979 -1 3003 10
2957 7 2958 4 3000 19 2965 20 3007 16 2978 9 2998 7 3001 9
2958 3 2959 -1 2981 -4 2978 6
2959 3 2960 2 2996 -4 3004 -4
2960 4 2961 7 2991 3 3005 19 2965 3
2961 3 2962 4 3003 9 3000 19
2962 2 2963 17 2972 1
2963 4 2964 3 2984 1 2977 10 2991 8
2964 2 2965 19 2994 7
2965 3 2966 5 2983 19 2991 1
2966 3 2967 16 2989 8 2996 2
2967 1 2968 17
2968 3 2969 6 2998 18 3013 15
2969 2 2970 18 2975 19
2970 2 2971 6 2976 2
2971 7 2972 10 2994 -1 3012 -4 3009 7 2993 -3 2987 18 3009 -3
2972 1 2973 12
2973 2 2974 18 3014 9
2974 3 2975 2 3008 9 3021 7
2975 2 2976 6 3014 3
2976 4 2977 -2 3001 12 2990 15 3018 16
2977 4 2978 12 3007 7 2986 0 3017 5
2978 3 2979 7 3023 13 3016 10
2979 2 2980 7 2996 12
2980 2 2981 7 3011 11
2981 5 2982 9 3030 15 3014 2 2988 12 3031 0
2982 4 2983 3 3028 0 2991 7 3026 9
2983 3 2984 19 2990 9 3033 20
2984 2 2985 7 3000 20
2985 3 2986 14 3002 2 3006 -2
2986 2 2987 5 3011 12
2987 2 2988 -1 3021 16
2988 1 2989 9
2989 1 2990 9
2990 2 2991 1 3005 17
2991 3 2992 12 3015 12 3036 16
2992 7 2993 15 2994 -2 3026 15 3002 20 2999 9 3025 -3 2997 14
2993 2 2994 4 3041 13
2994 2 2995 16 3020 6
2995 3 2996 3 3014 14 3005 3
2996 2 2997 12 3003 19
2997 2 2998 19 3024 5
2998 3 2999 16 3029 -2 3000 8
2999 2 3000 15 3024 7
3000 5 3001 12 3001 19 3024 0 3001 8 3018 2
3001 2 3002 9 3018 2
3002 4 3003 1 3036 -2 3031 2 3041 16
3003 3 3004 15 3007 12 3025 -3
3004 2 3005 10 3026 3
3005 2 3006 1 3054 14
3006 3 3007 2 3027 7 3015 11
3007 4 3008 -2 3044 0 3047 7 3014 11
3008 4 3009 7 3028 11 3053 11 3038 -2
3009 2 3010 7 3057 17
3010 1 3011 4
3011 4 3012 -1 3048 10 3060 14 3027 -4
3012 4 3013 12 3017 13 3040 -4 3042 11
3013 2 3014 20 3034 8
3014 2 3015 -3 3022 -4
3015 1 3016 12
3016 2 3017 -2 3047 12
3017 1 3018 -2
3018 1 3019 12
3019 3 3020 20 3063 9 3047 9
3020 2 3021 0 3033 7
3021 5 3022 -1 3047 0 3056 -2 3047 -4 3065 14
3022 1 3023 15
3023 2 3024 11 3055 12
3024 2 3025 4 3027 17
3025 1 3026 -3
3026 1 3027 20
3027 1 3028 1
3028 1 3029 12
3029 2 3030 -1 3067 17
3030 3 3031 9 3064 3 3032 -4
3031 4 3032 14 3066 0 3041 4 3052 14
3032 3 3033 -4 3049 -3 3051 10
3033 4 3034 8 3045 12 3050 2 3062 16
3034 2 3035 16 3084 16
3035 4 3036 9 3069 19 3045 -2 3079 20
3036 2 3037 -2 3083 7
3037 1 3038 20
3038 2 3039 -3 3053 3
3039 3 3040 12 3081 8 3050 -4
3040 2 3041 -4 3065 6
3041 3 3042 -3 3076 6 3053 20
3042 4 3043 20 3061 10 3044 19 3053 19
3043 4 3044 7 3051 0 3073 5 3091 12
3044 4 3045 2 3086 11 3077 8 3062 -4
3045 1 3046 -2
3046 3 3047 12 3085 11 3072 16
3047 1 3048 18
3048 2 3049 -4 3059 -2
3049 2 3050 13 3085 13
3050 3 3051 3 3086 20 3072 13
3051 4 3052 3 3068 -2 3100 -3 3096 8
3052 1 3053 12
3053 1 3054 3
3054 2 3055 15 3064 17
3055 2 3056 -2 3086 6
3056 3 3057 1 3061 -3 3066 8
3057 2 3058 4 3058 6
3058 5 3059 -3 3089 4 3090 0 3060 4 3077 7
3059 2 3060 12 3064 19
3060 3 3061 17 3102 -2 3061 0
3061 2 3062 15 3089 15
3062 3 3063 13 3111 20 3064 -2
3063 1 3064 17
3064 4 3065 8 3107 10 3109 9 3103 6
3065 3 3066 4 3081 17 3081 2
3066 5 3067 17 3068 19 3111 15 3105 6 3090 2
3067 2 3068 -1 3072 -4
3068 2 3069 13 3114 1
3069 2 3070 -1 3075 20
3070 1 3071 4
3071 3 3072 20 3076 1 3121 5
3072 2 3073 -3 3090 5
3073 3 3074 19 3087 2 3120 18
3074 2 3075 8 3088 -3
3075 1 3076 13
3076 3 3077 7 3102 3 3083 4
3077 1 3078 5
3078 3 3079 17 3101 13 3096 10
3079 2 3080 1 3089 -2
3080 6 3081 12 3115 6 3089 -3 3084 19 3092 -2 3083 6
3081 3 3082 13 3119 10 3120 16
3082 3 3083 0 3111 17 3110 -3
3083 2 3084 20 3122 17
3084 3 3085 15 3097 9 3113 11
3085 2 3086 6 3123 9
3086 4 3087 2 3125 16 3135 15 3091 11
3087 4 3088 11 3136 20 3106 1 3135 13
3088 2 3089 0 3104 13
3089 2 3090 10 3097 -4
3090 2 3091 19 3118 -1
3091 3 3092 18 3107 6 3118 7
3092 2 3093 5 3104 -3
3093 2 3094 15 3123 -1
3094 2 3095 6 3097 14
3095 3 3096 16 3117 16 3108 9
3096 3 3097 5 3122 -2 3141 17
3097 2 3098 1 3127 16
3098 2 3099 3 3099 3
3099 5 3100 12 3111 7 3101 7 3104 14 3104 11
3100 6 3101 4 3124 15 3139 4 3101 20 3133 8 3132 20
3101 6 3102 10 3124 2 3140 -4 3150 19 3128 16 3121 14
3102 2 3103 17 3128 11
3103 2 3104 5 3113 -2
3104 2 3105 13 3132 15
3105 2 3106 1 3142 8
3106 3 3107 1 3144 3 3131 9
3107 5 3108 11 3125 -2 3136 0 3113 13 3148 0
3108 2 3109 1 3127 -4
3109 2 3110 -4 3115 8
3110 2 3111 9 3154 19
3111 2 3112 10 3151 20
3112 3 3113 3 3148 17 3132 15
3113 2 3114 -4 3140 2
3114 2 3115 -3 3156 2
3115 2 3116 6 3143 18
3116 2 3117 -2 3134 4
3117 1 3118 11
3118 2 3119 12 3137 16
3119 3 3120 6 3163 3 3162 -1
3120 3 3121 7 3150 4 3140 13
3121 4 3122 2 3140 -2 3169 13 3146 -2
3122 2 3123 20 3156 -2
3123 1 3124 10
3124 2 3125 10 3148 20
3125 3 3126 0 3141 19 3141 8
3126 1 3127 4
3127 3 3128 14 3147 2 3159 15
3128 1 3129 1
3129 3 3130 19 3136 17 3139 2
3130 3 3131 2 3151 10 3146 15
3131 2 3132 6 3159 5
3132 1 3133 15
3133 1 3134 10
3134 3 3135 15 3174 3 3153 9
3135 3 3136 10 3138 17 3142 17
3136 3 3137 11 3160 9 3149 18
3137 2 3138 4 3165 1
3138 4 3139 8 3150 5 3144 17 3162 12
3139 1 3140 -3
3140 7 3141 8 3159 -1 3158 5 3159 17 3155 12 3151 7 3154 -4
3141 3 3142 15 3162 7 3185 11
3142 2 3143 13 3169 9
3143 5 3144 12 3178 17 3178 17 3185 12 3193 12
3144 4 3145 19 3180 8 3159 5 3169 5
3145 3 3146 18 3149 15 3157 -2
3146 3 3147 -2 3193 8 3196 7
3147 5 3148 16 3166 10 3180 -1 3163 1 3173 3
3148 4 3149 1 3197 20 3192 12 3175 16
3149 2 3150 10 3168 11
3150 4 3151 2 3152 18 3177 17 3191 5
3151 4 3152 3 3159 8 3168 18 3179 17
3152 5 3153 8 3165 -4 3169 18 3171 8 3155 14
3153 2 3154 4 3161 6
3154 2 3155 19 3198 11
3155 2 3156 2 3174 8
3156 1 3157 20
3157 2 3158 17 3186 5
3158 5 3159 15 3167 9 3181 8 3179 18 3186 19
3159 3 3160 -1 3194 10 3170 1
3160 5 3161 6 3194 4 3171 4 3165 13 3197 7
3161 3 3162 11 3163 6 3171 19
3162 3 3163 3 3165 16 3164 12
3163 3 3164 11 3182 19 3198 13
3164 2 3165 18 3205 6
3165 5 3166 2 3188 18 3170 12 3204 19 3174 0
3166 3 3167 18 3212 20 3184 18
3167 1 3168 14
3168 4 3169 1 3169 4 3180 6 3197 12
3169 1 3170 11
3170 1 3171 -1
3171 3 3172 -2 3199 8 3209 12
3172 4 3173 4 3188 6 3189 -2 3219 15
3173 2 3174 4 3194 20
3174 2 3175 16 3177 19
3175 2 3176 7 3218 9
3176 2 3177 13 3212 14
3177 3 3178 3 3209 20 3216 20
3178 4 3179 5 3228 5 3193 10 3187 3
3179 2 3180 17 3180 2
3180 3 3181 1 3189 -2 3186 -4
3181 2 3182 0 3185 10
3182 4 3183 0 3195 15 3223 4 3197 5
3183 2 3184 -3 3204 -3
3184 2 3185 -4 3215 3
3185 2 3186 -2 3230 0
3186 1 3187 -3
3187 2 3188 12 3226 2
3188 4 3189 0 3225 7 3198 8 3218 18
3189 3 3190 12 3214 10 3203 15
3190 1 3191 13
3191 2 3192 13 3225 8
3192 2 3193 1 3196 7
3193 6 3194 16 3195 7 3206 19 3211 11 3235 3 3215 0
3194 2 3195 1 3204 19
3195 4 3196 17 3217 14 3199 15 3233 17
3196 4 3197 -2 3236 17 3232 11 3213 7
3197 2 3198 6 3220 14
3198 3 3199 17 3240 15 3239 6
3199 3 3200 4 3214 8 3206 17
3200 3 3201 16 3230 -1 3215 19
3201 2 3202 5 3228 -4
3202 1 3203 19
3203 2 3204 15 3225 12
3204 2 3205 -4 3246 19
3205 1 3206 8
3206 2 3207 7 3223 5
3207 4 3208 5 3235 13 3255 4 3210 4
3208 4 3209 1 3210 5 3218 14 3224 17
3209 3 3210 5 3252 20 3243 -4
3210 2 3211 -1 3248 10
3211 3 3212 10 3223 13 3232 5
3212 3 3213 16 3238 6 3231 20
3213 2 3214 -1 3227 13
3214 2 3215 11 3249 9
3215 2 3216 -2 3263 3
3216 3 3217 0 3252 15 3249 1
3217 3 3218 6 3240 4 3261 3
3218 3 3219 17 3230 20 3243 -2
3219 5 3220 14 3243 -3 3220 12 3261 17 3267 4
3220 5 3221 13 3246 -2 3253 5 3248 6 3243 3
3221 2 3222 15 3261 -1
3222 3 3223 3 3227 -3 3265 11
3223 2 3224 20 3249 3
3224 2 3225 3 3247 -1
3225 3 3226 7 3250 5 3273 13
3226 3 3227 -3 3250 1 3259 15
3227 3 3228 12 3269 4 3265 3
3228 5 3229 16 3270 14 3242 14 3233 16 3235 6
3229 6 3230 -1 3234 4 3257 14 3278 4 3247 3 3231 -1
3230 1 3231 5
3231 5 3232 13 3252 2 3247 13 3265 9 3258 20
3232 5 3233 4 3275 7 3245 20 3250 15 3241 15
3233 2 3234 -1 3242 17
3234 6 3235 3 3279 20 3239 -2 3274 4 3260 7 3271 11
3235 3 3236 -3 3258 1 3249 18
3236 3 3237 0 3255 20 3280 15
3237 3 3238 0 3258 -4 3287 15
3238 2 3239 -4 3270 8
3239 1 3240 9
3240 3 3241 16 3250 15 3263 19
3241 4 3242 19 3285 3 3261 5 3243 0
3242 2 3243 15 3280 -1
3243 2 3244 13 3286 12
3244 1 3245 19
3245 1 3246 10
3246 3 3247 9 3255 10 3269 4
3247 3 3248 13 3265 0 3271 -1
3248 2 3249 9 3261 17
3249 4 3250 12 3273 15 3257 -2 3274 16
3250 4 3251 4 3295 18 3267 10 3300 4
3251 3 3252 17 3287 14 3295 9
3252 3 3253 13 3272 7 3298 0
3253 3 3254 6 3292 15 3277 11
3254 4 3255 17 3258 7 3262 20 3301 8
3255 1 3256 13
3256 2 3257 -4 3287 7
3257 2 3258 11 3282 14
3258 3 3259 18 3269 0 3277 10
3259 6 3260 4 3291 1 3296 15 3289 -4 3277 -3 3304 11
3260 1 3261 4
3261 2 3262 -3 3302 10
3262 1 3263 -2
3263 2 3264 16 3312 0
3264 2 3265 14 3272 11
3265 2 3266 18 3314 -1
3266 3 3267 12 3282 17 3280 7
3267 2 3268 2 3283 16
3268 3 3269 1 3313 7 3271 -2
3269 4 3270 13 3278 4 3289 7 3299 1
3270 1 3271 -4
3271 2 3272 18 3290 17
3272 4 3273 -1 3281 20 3312 8 3291 13
3273 1 3274 -2
3274 2 3275 9 3285 1
3275 4 3276 14 3297 20 3298 8 3322 0
3276 2 3277 -1 3292 15
3277 1 3278 14
3278 2 3279 13 3301 -1
3279 2 3280 2 3303 -1
3280 4 3281 1 3323 -3 3327 11 3285 -3
3281 4 3282 18 3293 1 3299 -2 3307 2
3282 1 3283 19
3283 7 3284 3 3294 -1 3312 -4 3322 17 3322 14 3286 18 3331 -2
3284 3 3285 12 3315 8 3301 -4
3285 1 3286 18
3286 3 3287 -3 3316 0 3289 3
3287 1 3288 -1
3288 6 3289 7 3324 1 3305 0 3310 8 3296 8 3327 5
3289 4 3290 10 3331 17 3296 0 3304 2
3290 1 3291 12
3291 3 3292 9 3295 8 3293 17
3292 3 3293 12 3300 3 3331 10
3293 2 3294 18 3323 -1
3294 2 3295 3 3344 -4
3295 2 3296 -4 3340 10
3296 2 3297 8 3330 7
3297 2 3298 10 3309 -4
3298 2 3299 0 3344 14
3299 2 3300 11 3319 7
3300 3 3301 -1 3325 14 3325 13
3301 4 3302 1 3350 -4 3336 -1 3333 12
3302 4 3303 4 3315 5 3337 5 3344 6
3303 3 3304 4 3337 3 3336 4
3304 5 3305 -2 3340 17 3348 14 3313 17 3327 5
3305 4 3306 10 3324 14 3339 18 3335 4
3306 6 3307 -4 3338 12 3315 19 3349 4 3326 -2 3346 14
3307 2 3308 20 3338 1
3308 2 3309 3 3344 -3
3309 1 3310 -2
3310 7 3311 6 3338 18 3354 16 3340 18 3323 4 3323 2 3334 0
3311 4 3312 -4 3324 13 3330 6 3318 0
3312 2 3313 11 3318 11
3313 3 3314 20 3346 9 3331 10
3314 2 3315 20 3362 20
3315 3 3316 3 3335 10 3356 13
3316 3 3317 9 3323 0 3340 17
3317 5 3318 12 3344 -4 3347 -4 3343 -1 3357 6
3318 8 3319 16 3353 17 3322 9 3359 7 3349 13 3349 -1 3343 -3 3346 12
3319 2 3320 13 3353 0
3320 2 3321 9 3356 16
3321 2 3322 11 3334 16
3322 4 3323 6 3346 -2 3330 5 3353 1
3323 5 3324 -1 3355 8 3365 20 3358 17 3336 14
3324 2 3325 20 3353 20
3325 4 3326 3 3352 18 3335 17 3335 17
3326 4 3327 16 3328 9 3335 14 3364 20
3327 1 3328 1
3328 3 3329 0 3363 13 3364 7
3329 4 3330 17 3346 3 3373 18 3350 17
3330 2 3331 -3 3373 7
3331 1 3332 -3
3332 4 3333 20 3382 3 3371 -4 3362 3
3333 4 3334 4 3347 6 3334 14 3362 0
3334 5 3335 16 3367 18 3367 -2 3370 3 3357 20
3335 4 3336 10 3365 0 3385 -2 3342 -1
3336 4 3337 15 3350 11 3359 17 3357 8
3337 2 3338 6 3378 18
3338 3 3339 13 3379 16 3344 3
3339 4 3340 3 3340 -3 3368 -4 3386 1
3340 3 3341 2 3375 -3 3346 15
3341 2 3342 -2 3383 -3
3342 5 3343 12 3353 7 3353 19 3385 15 3346 12
3343 2 3344 9 3344 20
3344 2 3345 -1 3359 15
3345 3 3346 19 3374 19 3370 11
3346 2 3347 -2 3392 7
3347 2 3348 10 3387 -1
3348 5 3349 1 3393 1 3369 6 3361 -1 3370 7
3349 2 3350 5 3365 8
3350 4 3351 6 3365 6 3375 16 3384 18
3351 1 3352 5
3352 3 3353 7 3377 18 3380 10
3353 2 3354 1 3378 8
3354 4 3355 3 3396 19 3370 1 3396 0
3355 1 3356 20
3356 4 3357 6 3372 20 3373 2 3392 8
3357 2 3358 7 3371 19
3358 2 3359 11 3394 14
3359 2 3360 11 3378 20
3360 3 3361 -3 3391 4 3404 16
3361 3 3362 3 3388 6 3409 2
3362 3 3363 5 3386 15 3382 18
3363 2 3364 20 3399 18
3364 2 3365 17 3377 8
3365 1 3366 -1
3366 6 3367 19 3402 16 3403 4 3394 16 3401 3 3378 5
3367 2 3368 4 3398 19
3368 6 3369 -2 3374 0 3404 1 3373 4 3393 18 3376 2
3369 5 3370 10 3374 -3 3418 8 3403 0 3401 2
3370 1 3371 12
3371 6 3372 16 3381 18 3419 0 3411 8 3388 20 3418 19
3372 1 3373 14
3373 2 3374 14 3384 15
3374 3 3375 11 3407 11 3409 7
3375 1 3376 5
3376 2 3377 -1 3383 7
3377 5 3378 18 3403 19 3405 15 3420 11 3400 13
3378 1 3379 16
3379 3 3380 15 3388 2 3418 3
3380 2 3381 15 3417 -3
3381 2 3382 20 3388 5
3382 4 3383 2 3420 11 3407 19 3429 10
3383 3 3384 18 3418 17 3393 -4
3384 3 3385 8 3394 3 3419 13
3385 2 3386 8 3423 9
3386 4 3387 11 3423 12 3418 1 3389 14
3387 2 3388 16 3392 8
3388 4 3389 0 3425 16 3433 15 3402 10
3389 2 3390 3 3409 8
3390 2 3391 4 3404 9
3391 1 3392 6
3392 3 3393 7 3404 17 3403 17
3393 2 3394 15 3428 6
3394 2 3395 -2 3405 10
3395 5 3396 2 3423 13 3438 12 3444 0 3403 -1
3396 2 3397 16 3400 15
3397 2 3398 15 3409 13
3398 1 3399 5
3399 2 3400 18 3411 4
3400 3 3401 -3 3433 -2 3424 11
3401 3 3402 5 3429 16 3449 11
3402 3 3403 16 3446 -2 3442 5
3403 4 3404 -3 3421 8 3447 17 3446 9
3404 3 3405 2 3448 -3 3409 15
3405 4 3406 6 3452 2 3439 13 3431 -1
3406 2 3407 11 3446 0
3407 4 3408 20 3439 7 3452 0 3454 15
3408 1 3409 16
3409 2 3410 16 3443 8
3410 6 3411 16 3429 15 3430 15 3457 4 3432 1 3413 -3
3411 2 3412 18 3461 6
3412 5 3413 12 3435 3 3426 13 3444 16 3418 11
3413 1 3414 15
3414 2 3415 2 3441 18
3415 3 3416 2 3461 8 3459 13
3416 2 3417 15 3447 10
3417 4 3418 18 3442 4 3436 11 3461 7
3418 1 3419 6
3419 2 3420 15 3452 -3
3420 1 3421 5
3421 3 3422 2 3464 20 3426 15
3422 4 3423 10 3470 14 3430 6 3452 1
3423 3 3424 5 3432 7 3430 20
3424 2 3425 9 3444 19
3425 4 3426 16 3438 7 3457 4 3440 9
3426 4 3427 10 3441 20 3428 -2 3470 4
3427 1 3428 10
3428 1 3429 1
3429 2 3430 20 3466 8
3430 2 3431 5 3452 16
3431 4 3432 9 3477 -3 3461 -3 3444 7
3432 2 3433 8 3435 18
3433 3 3434 2 3438 15 3476 10
3434 2 3435 -2 3476 6
3435 2 3436 4 3471 14
3436 3 3437 16 3442 17 3441 8
3437 2 3438 7 3479 1
3438 4 3439 11 3476 -1 3481 12 3487 19
3439 3 3440 15 3458 6 3460 12
3440 2 3441 12 3478 -4
3441 4 3442 6 3478 8 3451 0 3461 6
3442 4 3443 15 3467 15 3488 10 3466 -2
3443 5 3444 -3 3444 1 3476 18 3470 5 3478 1
3444 2 3445 -3 3456 16
3445 2 3446 18 3466 -3
3446 1 3447 17
3447 4 3448 -4 3471 19 3492 6 3492 -1
3448 3 3449 -1 3453 19 3478 2
3449 5 3450 14 3495 16 3454 13 3478 7 3469 0
3450 3 3451 10 3479 -2 3487 -1
3451 1 3452 11
3452 2 3453 15 3468 10
3453 1 3454 7
3454 2 3455 9 3470 -3
3455 2 3456 3 3467 12
3456 7 3457 13 3494 20 3487 20 3493 8 3499 0 3500 14 3480 9
3457 1 3458 5
3458 2 3459 2 3480 4
3459 3 3460 14 3491 8 3503 19
3460 5 3461 19 3482 -1 3494 2 3474 4 3495 15
3461 2 3462 7 3463 1
3462 2 3463 -4 3511 14
3463 3 3464 2 3500 3 3510 14
3464 3 3465 13 3512 1 3504 -3
3465 5 3466 9 3500 -2 3500 3 3482 2 3504 18
3466 3 3467 11 3482 19 3514 11
3467 3 3468 5 3510 1 3496 -4
3468 2 3469 4 3486 8
3469 3 3470 14 3485 13 3483 -4
3470 1 3471 2
3471 3 3472 18 3473 13 3499 15
3472 2 3473 20 3501 9
3473 2 3474 0 3517 3
3474 3 3475 6 3512 0 3504 8
3475 1 3476 10
3476 2 3477 15 3487 16
3477 3 3478 11 3522 4 3497 17
3478 2 3479 7 3514 -4
3479 4 3480 -3 3499 20 3485 12 3499 7
3480 4 3481 3 3506 17 3489 2 3489 4
3481 5 3482 5 3502 10 3526 11 3531 3 3529 9
3482 1 3483 17
3483 5 3484 11 3486 11 3497 -4 3516 20 3493 -2
3484 3 3485 14 3510 13 3499 9
3485 5 3486 6 3512 4 3489 8 3535 11 3503 6
3486 2 3487 5 3502 7
3487 4 3488 6 3493 3 3522 9 3511 0
3488 6 3489 10 3506 12 3499 0 3494 4 3489 8 3497 14
3489 4 3490 14 3490 -3 3526 18 3539 5
3490 1 3491 7
3491 2 3492 3 3525 15
3492 3 3493 5 3509 9 3496 0
3493 4 3494 0 3494 15 3539 -2 3543 -4
3494 2 3495 15 3537 7
3495 4 3496 1 3535 5 3535 1 3535 11
3496 3 3497 4 3520 9 3512 11
3497 3 3498 3 3541 -4 3533 6
3498 4 3499 2 3504 14 3536 13 3520 15
3499 5 3500 15 3523 5 3509 10 3509 8 3537 13
3500 2 3501 1 3523 2
3501 2 3502 17 3550 -3
3502 6 3503 -2 3537 6 3544 15 3547 20 3531 -3 3504 13
3503 2 3504 4 3540 3
3504 4 3505 5 3553 7 3516 -3 3533 -3
3505 2 3506 -3 3519 -3
3506 2 3507 0 3554 5
3507 3 3508 -1 3552 4 3527 18
3508 5 3509 6 3540 17 3546 7 3516 10 3557 3
3509 1 3510 4
3510 1 3511 20
3511 6 3512 10 3553 8 3553 13 3561 7 3556 -3 3516 4
3512 2 3513 2 3557 13
3513 4 3514 16 3561 19 3531 4 3551 0
3514 4 3515 18 3529 5 3553 2 3562 1
3515 4 3516 14 3564 -3 3555 15 3530 18
3516 4 3517 4 3542 9 3527 -3 3520 -4
3517 2 3518 -3 3537 -4
3518 3 3519 12 3547 4 3542 20
3519 2 3520 2 3568 -1
3520 1 3521 5
3521 2 3522 15 3556 13
3522 3 3523 9 3536 6 3571 5
3523 3 3524 11 3548 5 3561 4
3524 2 3525 2 3545 -4
3525 2 3526 -2 3548 6
3526 2 3527 7 3535 0
3527 4 3528 0 3570 -1 3533 13 3575 5
3528 3 3529 12 3572 12 3557 3
3529 1 3530 13
3530 2 3531 4 3577 15
3531 1 3532 11
3532 3 3533 18 3546 3 3574 7
3533 3 3534 5 3562 20 3548 -4
3534 2 3535 -2 3579 -1
3535 3 3536 6 3564 15 3567 7
3536 5 3537 -4 3564 15 3560 16 3580 17 3560 17
3537 1 3538 1
3538 2 3539 13 3550 0
3539 2 3540 11 3552 12
3540 4 3541 4 3547 10 3562 1 3589 8
3541 2 3542 16 3588 10
3542 5 3543 10 3556 2 3568 15 3582 19 3549 17
3543 3 3544 -3 3546 8 3587 0
3544 5 3545 13 3568 17 3589 10 3581 16 3550 12
3545 4 3546 2 3546 -4 3573 0 3558 18
3546 3 3547 12 3578 13 3553 9
3547 4 3548 20 3570 20 3555 8 3576 14
3548 3 3549 1 3579 0 3598 -3
3549 2 3550 14 3597 5
3550 3 3551 14 3552 16 3586 7
3551 4 3552 -4 3584 19 3574 -4 3590 19
3552 1 3553 4
3553 2 3554 18 3554 10
3554 3 3555 -2 3557 13 3566 0
3555 4 3556 2 3580 -4 3567 14 3578 -1
3556 2 3557 18 3596 0
3557 1 3558 6
3558 2 3559 12 3592 6
3559 2 3560 4 3581 19
3560 3 3561 11 3601 6 3573 19
3561 3 3562 -3 3606 -1 3608 -1
3562 1 3563 14
3563 3 3564 -3 3593 10 3580 -3
3564 1 3565 7
3565 3 3566 12 3588 8 3576 13
3566 2 3567 3 3590 2
3567 2 3568 -4 3608 6
3568 2 3569 -4 3573 -3
3569 5 3570 -1 3575 11 3619 18 3609 -3 3586 13
3570 5 3571 7 3603 -1 3606 5 3597 1 3612 11
3571 2 3572 2 3602 2
3572 3 3573 2 3602 -2 3606 8
3573 3 3574 8 3621 4 3619 -2
3574 3 3575 11 3591 20 3622 14
3575 6 3576 2 3580 12 3591 4 3581 9 3605 3 3581 -3
3576 2 3577 12 3592 6
3577 4 3578 19 3617 7 3599 0 3581 19
3578 1 3579 2
3579 4 3580 16 3612 12 3585 3 3589 19
3580 3 3581 12 3629 17 3596 20
3581 2 3582 14 3628 16
3582 2 3583 4 3603 -1
3583 7 3584 12 3598 14 3616 0 3614 15 3631 16 3619 15 3614 16
3584 3 3585 9 3616 15 3585 18
3585 2 3586 5 3616 19
3586 1 3587 4
3587 2 3588 6 3614 0
3588 5 3589 19 3594 11 3611 -1 3596 -3 3626 5
3589 2 3590 13 3631 16
3590 2 3591 9 3597 -2
3591 3 3592 14 3628 4 3592 -2
3592 3 3593 3 3623 6 3640 19
3593 2 3594 7 3633 11
3594 2 3595 5 3612 9
3595 3 3596 19 3611 -4 3636 7
3596 2 3597 7 3617 20
3597 3 3598 0 3639 17 3603 -4
3598 2 3599 -1 3644 19
3599 4 3600 14 3602 9 3623 15 3628 7
3600 2 3601 4 3602 6
3601 4 3602 17 3618 20 3615 13 3646 3
3602 5 3603 2 3644 3 3641 2 3629 1 3613 16
3603 2 3604 19 3606 12
3604 2 3605 1 3624 -4
3605 4 3606 19 3646 11 3654 9 3655 -4
3606 3 3607 3 3636 9 3615 16
3607 4 3608 8 3634 18 3610 -3 3629 9
3608 4 3609 11 3624 5 3626 4 3630 11
3609 3 3610 20 3627 0 3646 9
3610 1 3611 6
3611 6 3612 6 3617 1 3621 20 3656 14 3645 0 3632 2
3612 2 3613 -2 3633 -2
3613 4 3614 -4 3636 8 3626 4 3663 3
3614 4 3615 0 3618 3 3659 -3 3626 20
3615 3 3616 20 3622 14 3644 18
3616 2 3617 8 3632 20
3617 2 3618 -2 3654 6
3618 2 3619 1 3650 -1
3619 4 3620 1 3650 9 3639 16 3653 9
3620 3 3621 20 3628 8 3670 1
3621 2 3622 15 3646 8
3622 1 3623 11
3623 3 3624 6 3650 15 3673 7
3624 3 3625 11 3665 17 3659 17
3625 4 3626 17 3630 13 3641 8 3660 16
3626 5 3627 19 3643 14 3670 10 3675 14 3668 18
3627 3 3628 7 3653 -3 3641 0
3628 5 3629 2 3659 13 3676 2 3649 17 3678 -3
3629 6 3630 6 3654 16 3656 -3 3662 16 3663 15 3657 2
3630 2 3631 -1 3669 19
3631 2 3632 0 3674 14
3632 3 3633 5 3654 7 3656 0
3633 2 3634 1 3673 7
3634 2 3635 18 3683 19
3635 1 3636 7
3636 3 3637 19 3682 8 3662 6
3637 3 3638 9 3645 19 3675 9
3638 2 3639 0 3642 9
3639 2 3640 2 3679 9
3640 4 3641 1 3683 7 3666 4 3689 13
3641 4 3642 8 3675 19 3642 14 3691 5
3642 1 3643 1
3643 1 3644 -4
3644 1 3645 0
3645 3 3646 5 3663 1 3667 6
3646 3 3647 0 3690 5 3691 2
3647 4 3648 1 3666 -2 3685 18 3657 16
3648 2 3649 1 3658 12
3649 1 3650 2
3650 3 3651 0 3691 17 3674 4
3651 4 3652 18 3697 0 3665 -4 3654 14
3652 4 3653 9 3668 4 3654 8 3686 13
3653 2 3654 -3 3686 11
3654 3 3655 1 3672 -1 3655 17
3655 3 3656 13 3682 6 3667 18
3656 2 3657 19 3659 15
3657 2 3658 17 3695 18
3658 2 3659 12 3660 6
3659 3 3660 -4 3660 17 3708 5
3660 3 3661 -2 3664 17 3669 6
3661 2 3662 2 3663 14
3662 3 3663 19 3664 6 3690 -4
3663 5 3664 -3 3678 -2 3698 3 3669 -1 3686 12
3664 4 3665 -2 3702 3 3668 1 3696 17
3665 1 3666 -2
3666 4 3667 12 3709 14 3707 11 3711 5
3667 3 3668 3 3688 13 3712 19
3668 1 3669 10
3669 4 3670 16 3678 -2 3716 1 3673 8
3670 2 3671 12 3696 19
3671 2 3672 6 3710 3
3672 2 3673 9 3699 -3
3673 3 3674 5 3690 19 3708 12
3674 3 3675 10 3709 5 3706 3
3675 3 3676 11 3705 11 3720 9
3676 5 3677 4 3706 2 3686 14 3716 5 3716 7
3677 7 3678 14 3685 -4 3720 0 3715 3 3687 17 3684 5 3699 17
3678 2 3679 12 3724 9
3679 5 3680 0 3700 -4 3726 0 3696 9 3696 3
3680 3 3681 -1 3726 0 3683 -1
3681 3 3682 5 3722 20 3721 11
3682 1 3683 19
3683 2 3684 15 3691 8
3684 2 3685 15 3688 0
3685 3 3686 18 3690 -1 3724 9
3686 3 3687 15 3700 18 3736 3
3687 3 3688 18 3693 -4 3725 4
3688 1 3689 -4
3689 2 3690 13 3719 9
3690 1 3691 16
3691 2 3692 5 3733 1
3692 1 3693 6
3693 2 3694 5 3739 16
3694 1 3695 9
3695 2 3696 16 3732 2
3696 3 3697 -1 3729 -4 3710 13
3697 5 3698 16 3743 13 3724 19 3746 16 3703 16
3698 2 3699 14 3709 16
3699 1 3700 14
3700 1 3701 16
3701 4 3702 13 3733 17 3728 20 3731 3
3702 2 3703 4 3738 12
3703 2 3704 10 3710 12
3704 2 3705 -3 3723 -4
3705 1 3706 17
3706 1 3707 17
3707 6 3708 3 3728 9 3745 2 3742 19 3734 -3 3740 -2
3708 3 3709 11 3721 4 3753 7
3709 5 3710 -2 3737 -3 3746 12 3747 4 3732 4
3710 1 3711 0
3711 2 3712 20 3757 4
3712 5 3713 9 3722 -1 3746 -4 3725 1 3742 10
3713 2 3714 18 3745 5
3714 4 3715 1 3759 -1 3720 18 3755 1
3715 2 3716 19 3741 20
3716 3 3717 10 3755 0 3732 1
3717 4 3718 15 3722 11 3718 13 3758 16
3718 4 3719 2 3761 7 3756 2 3751 4
3719 2 3720 1 3761 11
3720 4 3721 17 3745 13 3744 19 3726 2
3721 3 3722 19 3745 4 3722 6
3722 1 3723 0
3723 2 3724 1 3753 6
3724 3 3725 10 3751 2 3773 6
3725 2 3726 -2 3733 6
3726 5 3727 17 3770 4 3758 10 3737 19 3745 12
3727 4 3728 11 3739 18 3773 14 3760 19
3728 5 3729 10 3731 2 3736 15 3733 13 3760 4
3729 2 3730 7 3739 3
3730 2 3731 0 3733 20
3731 1 3732 3
3732 4 3733 16 3739 19 3781 -3 3745 4
3733 3 3734 -4 3755 17 3767 2
3734 2 3735 4 3778 11
3735 3 3736 4 3739 14 3771 9
3736 1 3737 8
3737 3 3738 12 3754 20 3783 2
3738 2 3739 20 3774 -4
3739 2 3740 5 3783 20
3740 3 3741 -1 3777 2 3752 7
3741 4 3742 3 3750 16 3790 18 3749 -4
3742 2 3743 -2 3785 12
3743 4 3744 0 3764 7 3779 6 3774 17
3744 5 3745 13 3769 1 3748 19 3754 3 3781 3
3745 2 3746 0 3788 11
3746 2 3747 1 3755 11
3747 2 3748 5 3779 13
3748 4 3749 10 3752 0 3753 13 3752 11
3749 5 3750 2 3792 15 3795 1 3774 18 3753 16
3750 3 3751 12 3794 3 3786 4
3751 4 3752 -1 3760 18 3797 4 3779 5
3752 4 3753 0 3758 7 3777 4 3799 11
3753 1 3754 3
3754 1 3755 11
3755 1 3756 3
3756 1 3757 -1
3757 5 3758 3 3799 12 3788 9 3793 19 3803 3
3758 4 3759 1 3802 0 3764 -4 3796 15
3759 3 3760 -3 3793 16 3772 17
3760 3 3761 -2 3781 9 3808 18
3761 5 3762 14 3807 13 3810 9 3785 6 3802 19
3762 1 3763 7
3763 2 3764 -2 3773 9
3764 4 3765 19 3804 -1 3809 0 3814 0
3765 2 3766 11 3788 3
3766 6 3767 -4 3810 0 3804 17 3768 -4 3783 19 3809 18
3767 1 3768 0
3768 6 3769 6 3779 9 3809 9 3788 6 3817 -1 3778 9
3769 2 3770 -3 3798 -4
3770 1 3771 -3
3771 2 3772 16 3820 18
3772 2 3773 19 3817 8
3773 4 3774 -4 3818 7 3798 15 3777 4
3774 4 3775 7 3775 14 3786 5 3814 7
3775 2 3776 18 3779 1
3776 3 3777 10 3807 5 3807 12
3777 3 3778 10 3795 14 3787 11
3778 3 3779 14 3819 -3 3811 -3
3779 1 3780 4
3780 4 3781 19 3807 12 3811 2 3820 15
3781 3 3782 -4 3824 19 3815 8
3782 3 3783 8 3829 0 3785 8
3783 2 3784 20 3821 7
3784 2 3785 6 3826 13
3785 3 3786 19 3813 16 3821 2
3786 3 3787 18 3833 18 3833 11
3787 3 3788 14 3800 6 3830 10
3788 2 3789 -4 3831 11
3789 1 3790 -1
3790 4 3791 5 3809 5 3836 10 3823 5
3791 6 3792 8 3798 15 3838 17 3795 9 3810 1 3810 20
3792 2 3793 -3 3803 2
3793 1 3794 17
3794 4 3795 12 3812 13 3805 18 3829 14
3795 3 3796 1 3828 18 3833 2
3796 4 3797 0 3843 10 3828 13 3802 7
3797 3 3798 7 3839 -2 3824 0
3798 4 3799 6 3819 11 3800 19 3834 20
3799 3 3800 18 3828 11 3818 13
3800 2 3801 8 3840 19
3801 1 3802 12
3802 4 3803 13 3807 -3 3815 1 3807 18
3803 4 3804 11 3833 13 3849 -3 3836 7
3804 3 3805 2 3813 4 3849 10
3805 1 3806 18
3806 4 3807 8 3827 7 3822 1 3847 20
3807 4 3808 15 3813 3 3825 16 3834 -3
3808 1 3809 3
3809 3 3810 1 3848 15 3814 10
3810 3 3811 17 3813 11 3837 2
3811 3 3812 -1 3842 20 3852 16
3812 4 3813 11 3840 6 3837 1 3839 15
3813 6 3814 16 3863 7 3842 5 3821 18 3854 19 3856 13
3814 2 3815 0 3850 2
3815 2 3816 -3 3858 4
3816 5 3817 13 3826 13 3836 6 3822 7 3819 10
3817 5 3818 11 3820 11 3826 -3 3844 10 3823 18
3818 4 3819 -2 3851 9 3831 8 3854 2
3819 3 3820 19 3849 10 3847 20
3820 2 3821 0 3870 1
3821 2 3822 7 3823 2
3822 4 3823 11 3866 -1 3842 18 3862 14
3823 1 3824 9
3824 2 3825 18 3874 17
3825 3 3826 3 3875 18 3865 12
3826 6 3827 -3 3850 15 3860 2 3835 1 3870 -1 3828 15
3827 4 3828 8 3846 9 3838 19 3832 3
3828 3 3829 13 3866 6 3854 19
3829 1 3830 -3
3830 2 3831 13 3864 7
3831 1 3832 3
3832 2 3833 -4 3846 6
3833 1 3834 20
3834 4 3835 1 3840 17 3836 17 3864 -2
3835 4 3836 10 3864 -3 3844 -2 3871 16
3836 2 3837 -2 3853 -2
3837 8 3838 19 3878 3 3866 2 3864 11 3864 7 3878 18 3851 11 3857 1
3838 5 3839 6 3848 -4 3872 8 3867 3 3882 -1
3839 1 3840 -3
3840 3 3841 6 3888 16 3886 6
3841 2 3842 2 3880 7
3842 2 3843 13 3866 4
3843 2 3844 11 3878 6
3844 3 3845 0 3858 -2 3888 18
3845 3 3846 13 3854 11 3887 10
3846 3 3847 18 3884 12 3862 10
3847 2 3848 0 3858 -4
3848 3 3849 13 3850 18 3870 4
3849 4 3850 4 3892 5 3851 13 3888 11
3850 4 3851 15 3898 4 3872 14 3854 3
3851 4 3852 11 3864 12 3860 0 3868 9
3852 3 3853 12 3865 7 3879 15
3853 2 3854 11 3899 14
3854 2 3855 9 3902 7
3855 4 3856 -3 3897 18 3894 7 3858 3
3856 3 3857 4 3886 4 3892 12
3857 3 3858 17 3905 -2 3873 7
3858 1 3859 4
3859 1 3860 6
3860 3 3861 7 3861 18 3902 3
3861 3 3862 -4 3903 -4 3879 -3
3862 1 3863 16
3863 2 3864 14 3869 -1
3864 3 3865 11 3874 20 3907 7
3865 2 3866 0 3874 18
3866 3 3867 9 3912 -4 3914 -4
3867 1 3868 11
3868 2 3869 1 3881 -2
3869 3 3870 13 3917 -4 3883 16
3870 7 3871 5 3885 4 3882 14 3894 19 3905 16 3912 11 3901 0
3871 3 3872 10 3890 3 3885 7
3872 4 3873 11 3878 18 3911 3 3899 -3
3873 3 3874 4 3909 4 3884 16
3874 1 3875 17
3875 2 3876 2 3923 -3
3876 2 3877 20 3919 7
3877 2 3878 -2 3909 -2
3878 5 3879 5 3888 14 3912 17 3922 5 3910 10
3879 4 3880 13 3914 4 3927 2 3926 4
3880 2 3881 20 3883 19
3881 2 3882 13 3884 19
3882 2 3883 -2 3886 -2
3883 4 3884 3 3890 9 3915 10 3929 5
3884 2 3885 2 3893 3
3885 3 3886 5 3928 2 3906 19
3886 4 3887 6 3890 17 3918 -4 3921 14
3887 2 3888 2 3925 16
3888 1 3889 16
3889 5 3890 20 3920 5 3934 10 3930 -2 3896 18
3890 2 3891 4 3910 19
3891 3 3892 10 3925 0 3927 5
3892 2 3893 0 3936 -3
3893 3 3894 11 3943 -1 3914 20
3894 3 3895 12 3934 8 3932 5
3895 3 3896 10 3933 17 3909 -3
3896 3 3897 6 3897 17 3918 -2
3897 3 3898 6 3915 -4 3947 8
3898 3 3899 17 3904 9 3947 -1
3899 3 3900 -1 3906 19 3911 7
3900 4 3901 3 3910 4 3933 -3 3935 4
3901 2 3902 -4 3936 8
3902 5 3903 1 3938 20 3907 -3 3929 9 3928 8
3903 3 3904 0 3945 19 3919 8
3904 1 3905 -2
3905 2 3906 9 3925 4
3906 3 3907 8 3925 6 3930 16
3907 3 3908 17 3917 9 3920 8
3908 4 3909 17 3941 16 3937 11 3958 15
3909 3 3910 -4 3910 7 3945 16
3910 2 3911 2 3941 -1
3911 3 3912 2 3914 17 3915 11
3912 1 3913 18
3913 1 3914 -4
3914 3 3915 1 3921 11 3960 10
3915 2 3916 -1 3945 9
3916 2 3917 -2 3954 9
3917 1 3918 8
3918 4 3919 7 3938 11 3931 -1 3927 12
3919 2 3920 4 3943 -4
3920 2 3921 8 3950 15
3921 2 3922 17 3963 16
3922 5 3923 -2 3950 -2 3957 20 3944 9 3955 1
3923 3 3924 19 3967 -2 3950 2
3924 4 3925 19 3950 20 3946 -4 3949 5
3925 2 3926 16 3941 1
3926 4 3927 3 3960 15 3955 4 3969 10
3927 2 3928 7 3961 10
3928 4 3929 -2 3969 6 3940 17 3959 -1
3929 5 3930 7 3973 15 3948 15 3936 7 3963 3
3930 2 3931 13 3939 18
3931 3 3932 18 3975 -1 3949 -1
3932 2 3933 12 3976 -2
3933 2 3934 6 3979 17
3934 5 3935 13 3953 12 3935 -1 3967 8 3937 8
3935 3 3936 14 3967 19 3981 19
3936 5 3937 7 3973 15 3944 -4 3975 6 3945 19
3937 1 3938 17
3938 3 3939 4 3974 19 3946 -4
3939 3 3940 0 3968 20 3983 -2
3940 6 3941 3 3984 7 3950 7 3951 12 3987 1 3944 17
3941 1 3942 -4
3942 3 3943 2 3981 1 3990 2
3943 4 3944 8 3967 18 3951 20 3984 4
3944 3 3945 12 3987 -4 3989 8
3945 4 3946 9 3957 4 3976 -3 3984 13
3946 2 3947 -4 3985 20
3947 3 3948 1 3996 -4 3994 8
3948 1 3949 19
3949 1 3950 17
3950 2 3951 16 3961 6
3951 2 3952 5 3956 4
3952 4 3953 5 3978 2 4001 11 3994 9
3953 4 3954 10 3992 0 3974 -2 3988 10
3954 2 3955 20 3960 7
3955 2 3956 19 4002 -1
3956 2 3957 3 4000 3
3957 6 3958 9 3976 4 3998 1 3984 12 3988 -1 3989 15
3958 3 3959 2 3989 5 3985 -3
3959 3 3960 3 3967 -4 3992 19
3960 1 3961 7
3961 3 3962 -4 4008 10 3965 10
3962 4 3963 0 4012 5 3992 14 4007 -1
3963 5 3964 3 3969 11 4003 5 3967 -2 3974 -4
3964 3 3965 2 3972 9 3972 17
3965 1 3966 6
3966 1 3967 16
3967 3 3968 10 3999 -1 3971 -4
3968 4 3969 14 3990 0 3996 10 3997 3
3969 2 3970 11 4003 20
3970 4 3971 0 3984 2 4013 -3 3980 -2
3971 5 3972 19 3987 0 4003 9 3990 0 4012 5
3972 3 3973 -3 4020 16 4021 13
3973 3 3974 3 4003 1 4009 15
3974 4 3975 4 3986 9 3993 -4 4013 11
3975 3 3976 12 3989 6 4005 13
3976 2 3977 7 4012 10
3977 2 3978 13 4008 6
3978 3 3979 5 3996 0 4028 0
3979 3 3980 16 4006 2 3982 19
3980 1 3981 12
3981 3 3982 14 4029 7 4000 -1
3982 1 3983 11
3983 3 3984 -3 4029 3 3992 6
3984 5 3985 20 4031 13 3998 16 4019 5 4014 0
3985 1 3986 12
3986 3 3987 8 4004 -3 3988 -3
3987 1 3988 4
3988 7 3989 -1 3997 5 3991 15 4000 8 3991 14 4022 20 4000 -2
3989 3 3990 9 4029 19 4024 1
3990 3 3991 17 3993 7 4028 16
3991 2 3992 11 4021 -4
3992 4 3993 2 4030 8 4032 19 4023 10
3993 2 3994 20 4007 8
3994 2 3995 3 4008 1
3995 3 3996 6 4025 15 4027 16
3996 4 3997 19 4006 20 4043 12 4031 9
3997 4 3998 11 4000 16 4006 2 4029 -1
3998 4 3999 -2 4047 8 4005 17 4018 4
3999 4 4000 6 4002 1 4013 6 4041 9
4000 2 4001 10 4032 3
4001 3 4002 11 4024 -4 4044 1
4002 3 4003 13 4042 -4 4032 11
4003 4 4004 15 4043 3 4030 18 4006 11
4004 2 4005 13 4040 4
4005 4 4006 11 4029 0 4019 20 4007 3
4006 3 4007 10 4009 2 4037 -2
4007 2 4008 10 4054 11
4008 1 4009 -2
4009 1 4010 -1
4010 6 4011 8 4034 16 4034 3 4030 1 4026 20 4055 1
4011 2 4012 3 4060 -4
4012 3 4013 10 4042 -4 4015 19
4013 1 4014 5
4014 1 4015 19
4015 1 4016 14
4016 2 4017 8 4036 0
4017 3 4018 14 4053 8 4042 4
4018 2 4019 -3 4028 -4
4019 4 4020 13 4028 12 4035 -1 4027 3
4020 4 4021 9 4069 0 4037 20 4042 18
4021 2 4022 -4 4026 20
4022 5 4023 16 4050 -1 4025 -2 4052 7 4040 -3
4023 3 4024 13 4036 -3 4029 0
4024 3 4025 12 4044 -4 4042 -3
4025 4 4026 16 4043 4 4062 11 4055 12
4026 3 4027 1 4040 9 4075 8
4027 3 4028 6 4029 9 4067 -2
4028 2 4029 0 4054 -3
4029 3 4030 -1 4059 5 4049 8
4030 4 4031 10 4046 1 4060 10 4072 4
4031 3 4032 19 4032 15 4062 6
4032 3 4033 -1 4071 12 4043 1
4033 1 4034 9
4034 1 4035 0
4035 3 4036 20 4039 15 4052 16
4036 2 4037 16 4056 14
4037 2 4038 9 4062 1
4038 7 4039 7 4079 11 4086 19 4046 1 4047 20 4088 15 4071 18
4039 2 4040 15 4046 1
4040 4 4041 4 4046 2 4053 0 4048 4
4041 1 4042 15
4042 2 4043 5 4063 1
4043 2 4044 13 4071 14
4044 3 4045 4 4084 -2 4087 -3
4045 1 4046 20
4046 3 4047 15 4081 6 4059 20
4047 2 4048 7 4079 6
4048 3 4049 14 4076 13 4075 3
4049 1 4050 18
4050 2 4051 15 4088 16
4051 4 4052 -4 4069 11 4097 4 4076 10
4052 2 4053 12 4065 1
4053 3 4054 12 4079 11 4100 10
4054 4 4055 8 4056 12 4086 4 4055 12
4055 4 4056 18 4091 9 4085 9 4073 16
4056 2 4057 -2 4081 -4
4057 2 4058 11 4075 8
4058 3 4059 16 4100 14 4064 10
4059 3 4060 12 4099 13 4098 14
4060 4 4061 19 4061 12 4067 -2 4068 13
4061 2 4062 12 4072 6
4062 4 4063 7 4111 8 4074 -3 4091 -1
4063 2 4064 17 4102 7
4064 3 4065 3 4081 8 4071 17
4065 2 4066 13 4068 13
4066 5 4067 10 4082 18 4097 14 4100 14 4080 16
4067 3 4068 0 4075 10 4104 5
4068 1 4069 -1
4069 1 4070 -4
4070 4 4071 2 4096 7 4100 1 4114 20
4071 2 4072 15 4118 14
4072 2 4073 0 4105 -4
4073 2 4074 7 4096 8
4074 4 4075 7 4124 14 4112 8 4081 -4
4075 2 4076 -1 4125 13
4076 3 4077 -3 4113 20 4091 18
4077 2 4078 20 4106 8
4078 6 4079 -1 4124 -2 4091 2 4099 -1 4080 17 4086 20
4079 1 4080 -1
4080 1 4081 8
4081 4 4082 5 4092 -3 4131 1 4103 14
4082 3 4083 18 4109 2 4122 17
4083 4 4084 -2 4108 0 4103 20 4095 7
4084 3 4085 17 4087 0 4106 17
4085 1 4086 2
4086 4 4087 -2 4105 4 4133 2 4108 0
4087 2 4088 13 4131 -2
4088 3 4089 15 4121 11 4117 0
4089 2 4090 13 4123 8
4090 3 4091 -1 4133 20 4130 10
4091 2 4092 13 4110 4
4092 4 4093 -2 4106 8 4121 4 4113 -2
4093 1 4094 -1
4094 2 4095 13 4101 8
4095 1 4096 11
4096 3 4097 19 4123 19 4124 9
4097 3 4098 13 4118 11 4109 13
4098 2 4099 0 4120 16
4099 4 4100 8 4121 9 4144 -1 4119 8
4100 2 4101 10 4143 0
4101 3 4102 9 4143 8 4151 -1
4102 4 4103 14 4149 -4 4135 -2 4111 13
4103 2 4104 16 4150 0
4104 2 4105 7 4126 11
4105 2 4106 0 4108 7
4106 5 4107 14 4113 15 4140 3 4147 18 4135 7
4107 5 4108 8 4131 9 4135 14 4134 -4 4135 14
4108 3 4109 2 4153 4 4147 14
4109 6 4110 1 4148 11 4112 19 4116 7 4133 14 4123 1
4110 5 4111 13 4116 17 4145 15 4152 -2 4119 -3
4111 4 4112 -4 4147 8 4128 4 4159 6
4112 2 4113 13 4138 5
4113 4 4114 0 4147 4 4144 7 4143 2
4114 5 4115 -1 4157 5 4131 -1 4158 18 4161 17
4115 1 4116 1
4116 3 4117 9 4124 -2 4156 16
4117 2 4118 -4 4129 14
4118 2 4119 11 4142 10
4119 4 4120 18 4140 -2 4127 9 4138 9
4120 2 4121 6 4130 10
4121 1 4122 16
4122 5 4123 6 4159 -2 4151 19 4160 -1 4156 3
4123 5 4124 11 4130 20 4173 12 4132 4 4142 1
4124 2 4125 18 4142 20
4125 2 4126 15 4154 7
4126 2 4127 -3 4153 20
4127 1 4128 2
4128 3 4129 15 4173 16 4138 0
4129 4 4130 7 4156 5 4178 12 4142 10
4130 4 4131 -1 4163 18 4175 6 4137 15
4131 3 4132 -1 4161 7 4133 10
4132 2 4133 5 4137 10
4133 3 4134 2 4167 14 4149 10
4134 1 4135 15
4135 1 4136 14
4136 1 4137 14
4137 2 4138 2 4153 13
4138 3 4139 19 4165 14 4179 0
4139 4 4140 3 4187 2 4163 -2 4165 17
4140 5 4141 -2 4176 5 4147 12 4175 2 4148 12
4141 3 4142 11 4156 4 4178 12
4142 4 4143 1 4177 19 4170 15 4167 2
4143 2 4144 11 4162 19
4144 3 4145 9 4187 4 4184 8
4145 5 4146 -3 4176 8 4183 2 4160 19 4147 10
4146 3 4147 14 4170 9 4156 16
4147 2 4148 16 4160 11
4148 2 4149 4 4168 12
4149 4 4150 -1 4165 15 4162 6 4199 15
4150 3 4151 -2 4167 20 4199 4
4151 3 4152 -3 4152 5 4162 -2
4152 5 4153 20 4180 14 4196 19 4174 9 4172 18
4153 2 4154 7 4174 5
4154 2 4155 7 4191 17
4155 5 4156 3 4183 8 4198 7 4187 14 4161 -1
4156 4 4157 11 4173 -4 4175 15 4197 13
4157 3 4158 6 4201 10 4198 13
4158 3 4159 16 4162 18 4194 -1
4159 3 4160 15 4173 0 4163 -1
4160 3 4161 18 4204 -1 4166 19
4161 4 4162 10 4210 20 4189 14 4197 11
4162 3 4163 20 4167 11 4192 18
4163 1 4164 20
4164 2 4165 1 4188 8
4165 1 4166 11
4166 3 4167 12 4209 3 4198 14
4167 3 4168 15 4171 13 4199 17
4168 3 4169 3 4204 -3 4218 19
4169 3 4170 18 4213 7 4216 11
4170 2 4171 9 4184 4
4171 3 4172 4 4216 5 4189 9
4172 3 4173 18 4218 -4 4190 12
4173 5 4174 12 4196 5 4205 13 4191 1 4181 5
4174 2 4175 5 4202 16
4175 2 4176 14 4199 18
4176 1 4177 15
4177 4 4178 5 4181 5 4210 12 4217 0
4178 4 4179 1 4191 14 4195 5 4207 19
4179 3 4180 20 4205 0 4201 13
4180 3 4181 8 4206 3 4196 20
4181 2 4182 4 4195 -4
4182 5 4183 16 4183 8 4186 2 4213 -3 4215 13
4183 2 4184 1 4192 4
4184 4 4185 20 4195 1 4192 -3 4199 -2
4185 1 4186 6
4186 3 4187 9 4210 1 4191 5
4187 1 4188 16
4188 1 4189 11
4189 4 4190 -4 4195 14 4212 18 4214 6
4190 6 4191 16 4224 7 4214 8 4202 8 4234 17 4215 3
4191 5 4192 -3 4229 12 4238 16 4216 1 4220 -1
4192 2 4193 5 4229 2
4193 5 4194 -1 4225 3 4214 9 4233 20 4207 5
4194 3 4195 -3 4214 2 4218 17
4195 1 4196 20
4196 1 4197 -1
4197 2 4198 4 4224 9
4198 7 4199 3 4216 17 4212 3 4209 17 4217 -1 4213 9 4244 8
4199 4 4200 4 4228 15 4231 16 4211 7
4200 2 4201 20 4209 -2
4201 5 4202 16 4225 5 4247 -4 4249 9 4222 -4
4202 2 4203 0 4221 13
4203 5 4204 11 4212 -3 4213 13 4220 5 4229 8
4204 4 4205 17 4212 0 4205 14 4240 8
4205 5 4206 19 4240 2 4231 7 4245 2 4206 12
4206 1 4207 19
4207 2 4208 8 4253 11
4208 3 4209 18 4247 -4 4234 10
4209 2 4210 6 4231 0
4210 3 4211 5 4215 6 4253 18
4211 3 4212 0 4234 10 4251 9
4212 4 4213 4 4231 15 4245 18 4221 11
4213 3 4214 0 4229 18 4226 11
4214 2 4215 7 4224 7
4215 4 4216 19 4251 9 4237 0 4265 12
4216 4 4217 8 4258 13 4264 3 4222 15
4217 1 4218 14
4218 4 4219 12 4219 14 4231 12 4232 16
4219 2 4220 18 4248 -1
4220 2 4221 -4 4262 9
4221 4 4222 2 4268 14 4266 9 4270 -1
4222 3 4223 16 4224 9 4225 16
4223 3 4224 10 4269 10 4255 0
4224 2 4225 17 4262 -3
4225 1 4226 1
4226 3 4227 0 4257 0 4259 -3
4227 4 4228 18 4240 9 4255 20 4252 -3
4228 3 4229 20 4243 11 4255 9
4229 1 4230 9
4230 4 4231 16 4267 3 4267 3 4241 19
4231 1 4232 9
4232 2 4233 14 4273 6
4233 1 4234 -3
4234 2 4235 5 4249 20
4235 2 4236 18 4265 17
4236 4 4237 -2 4268 -3 4274 18 4255 18
4237 3 4238 -3 4242 6 4287 2
4238 1 4239 -3
4239 1 4240 11
4240 1 4241 17
4241 2 4242 15 4271 0
4242 2 4243 7 4263 4
4243 3 4244 20 4292 4 4270 15
4244 3 4245 12 4245 2 4247 2
4245 4 4246 10 4249 17 4294 18 4255 20
4246 4 4247 8 4256 4 4247 -1 4272 18
4247 4 4248 14 4280 12 4264 10 4287 20
4248 1 4249 12
4249 3 4250 11 4262 4 4290 5
4250 1 4251 3
4251 3 4252 0 4266 2 4253 14
4252 6 4253 10 4282 11 4289 -3 4299 8 4296 7 4261 1
4253 2 4254 8 4282 20
4254 3 4255 15 4288 10 4298 4
4255 3 4256 20 4305 3 4303 6
4256 3 4257 2 4261 -3 4266 18
4257 6 4258 11 4263 13 4302 11 4285 7 4284 19 4279 9
4258 4 4259 14 4308 11 4302 9 4301 5
4259 1 4260 13
4260 5 4261 16 4264 16 4298 18 4297 12 4264 0
4261 4 4262 13 4301 3 4263 15 4291 20
4262 4 4263 -3 4280 18 4266 -1 4308 15
4263 2 4264 20 4288 -1
4264 5 4265 20 4313 15 4288 16 4312 -3 4314 0
4265 2 4266 9 4304 14
4266 1 4267 1
4267 2 4268 7 4279 -3
4268 4 4269 6 4304 16 4288 12 4294 16
4269 4 4270 10 4293 -1 4291 -2 4297 6
4270 1 4271 7
4271 5 4272 8 4285 -2 4314 6 4304 18 4282 -1
4272 2 4273 15 4301 7
4273 1 4274 12
4274 2 4275 7 4297 13
4275 3 4276 7 4281 4 4318 9
4276 2 4277 18 4286 17
4277 2 4278 -4 4278 18
4278 5 4279 1 4305 5 4284 4 4310 -3 4311 2
4279 2 4280 10 4312 1
4280 5 4281 17 4307 3 4330 20 4322 3 4311 4
4281 4 4282 17 4320 18 4298 8 4315 1
4282 3 4283 1 4327 3 4328 9
4283 4 4284 12 4312 1 4287 -3 4314 10
4284 5 4285 2 4286 12 4320 17 4325 0 4322 -2
4285 3 4286 11 4299 13 4335 19
4286 3 4287 12 4330 13 4326 11
4287 4 4288 17 4321 12 4335 15 4330 13
4288 4 4289 0 4337 18 4304 4 4317 20
4289 3 4290 -3 4311 -2 4314 -1
4290 4 4291 11 4294 14 4334 18 4299 17
4291 3 4292 13 4297 8 4313 16
4292 4 4293 -3 4298 17 4325 19 4329 6
4293 3 4294 3 4323 19 4318 17
4294 4 4295 5 4337 5 4341 15 4323 0
4295 4 4296 16 4297 8 4296 15 4326 7
4296 3 4297 8 4340 5 4317 2
4297 2 4298 11 4331 6
4298 2 4299 9 4331 -2
4299 3 4300 1 4331 4 4347 1
4300 3 4301 2 4343 18 4333 -3
4301 3 4302 3 4351 19 4314 0
4302 2 4303 15 4331 19
4303 1 4304 -3
4304 2 4305 11 4346 19
4305 2 4306 3 4353 3
4306 4 4307 16 4337 0 4347 17 4320 1
4307 1 4308 7
4308 4 4309 20 4330 4 4350 10 4342 19
4309 5 4310 9 4322 19 4344 7 4332 16 4338 18
4310 2 4311 -4 4342 2
4311 2 4312 10 4326 12
4312 1 4313 11
4313 2 4314 3 4347 4
4314 3 4315 19 4360 6 4355 2
4315 3 4316 10 4346 3 4359 -3
4316 2 4317 5 4326 12
4317 2 4318 0 4326 0
4318 2 4319 -2 4325 11
4319 3 4320 12 4363 7 4332 5
4320 2 4321 -2 4323 7
4321 3 4322 0 4352 0 4339 0
4322 2 4323 9 4327 6
4323 2 4324 -1 4338 18
4324 2 4325 2 4334 18
4325 4 4326 15 4340 12 4355 9 4357 11
4326 5 4327 16 4371 10 4353 9 4374 7 4351 -2
4327 3 4328 7 4373 13 4367 15
4328 5 4329 11 4343 0 4364 -4 4374 15 4362 2
4329 1 4330 -4
4330 3 4331 4 4337 4 4373 19
4331 2 4332 17 4374 5
4332 2 4333 2 4369 14
4333 5 4334 -1 4364 2 4343 3 4362 3 4366 2
4334 3 4335 14 4371 16 4345 14
4335 2 4336 20 4384 2
4336 3 4337 1 4350 0 4345 -2
4337 5 4338 -1 4369 1 4366 9 4376 -4 4370 5
4338 3 4339 17 4346 11 4352 9
4339 3 4340 11 4381 19 4374 11
4340 2 4341 6 4386 4
4341 2 4342 17 4389 12
4342 2 4343 6 4361 -1
4343 4 4344 -4 4349 19 4363 0 4349 15
4344 5 4345 6 4359 -2 4374 9 4353 11 4370 7
4345 2 4346 17 4352 10
4346 2 4347 17 4387 10
4347 5 4348 17 4386 3 4394 14 4358 -2 4360 1
4348 4 4349 3 4367 3 4377 1 4395 -3
4349 3 4350 14 4368 10 4391 10
4350 2 4351 2 4383 6
4351 5 4352 9 4362 -1 4385 -3 4375 0 4356 12
4352 2 4353 19 4355 7
4353 2 4354 1 4355 -3
4354 2 4355 12 4375 14
4355 3 4356 18 4378 9 4361 18
4356 3 4357 11 4400 18 4375 10
4357 2 4358 3 4362 14
4358 1 4359 8
4359 2 4360 6 4403 -3
4360 4 4361 8 4399 3 4386 12 4380 20
4361 3 4362 8 4362 17 4400 -2
4362 6 4363 5 4412 12 4382 1 4394 14 4410 17 4384 1
4363 4 4364 -1 4403 20 4412 5 4391 17
4364 1 4365 8
4365 5 4366 5 4371 18 4377 20 4383 19 4405 1
4366 3 4367 -4 4407 1 4393 4
4367 3 4368 -2 4370 7 4384 20
4368 3 4369 17 4374 -4 4413 19
4369 6 4370 1 4390 19 4413 11 4390 15 4410 -3 4398 -2
4370 1 4371 1
4371 1 4372 16
4372 2 4373 16 4421 4
4373 3 4374 19 4417 17 4382 4
4374 3 4375 -4 4377 -4 4416 0
4375 3 4376 8 4405 20 4380 1
4376 4 4377 13 4420 14 4413 15 4413 12
4377 3 4378 10 4393 -1 4400 20
4378 4 4379 8 4397 16 4388 20 4402 11
4379 1 4380 4
4380 2 4381 6 4409 5
4381 5 4382 19 4382 17 4382 3 4409 14 4393 7
4382 2 4383 4 4410 9
4383 6 4384 6 4391 2 4428 16 4419 -4 4410 20 4413 5
4384 5 4385 -4 4419 15 4398 14 4395 -4 4407 12
4385 4 4386 7 4412 15 4397 15 4400 18
4386 7 4387 18 4424 6 4436 5 4403 17 4413 20 4388 18 4397 2
4387 3 4388 9 4427 2 4392 0
4388 2 4389 16 4397 3
4389 3 4390 -2 4420 1 4401 13
4390 3 4391 18 4436 20 4401 3
4391 4 4392 19 4422 8 4419 17 4421 11
4392 3 4393 -4 4410 9 4415 8
4393 3 4394 -4 4425 16 4431 10
4394 1 4395 9
4395 1 4396 19
4396 1 4397 9
4397 1 4398 10
4398 2 4399 13 4441 13
4399 4 4400 20 4447 4 4436 0 4448 4
4400 1 4401 4
4401 1 4402 3
4402 2 4403 6 4426 4
4403 3 4404 6 4416 14 4450 20
4404 2 4405 2 4454 -4
4405 4 4406 -1 4440 12 4453 9 4441 -2
4406 1 4407 4
4407 2 4408 17 4413 18
4408 6 4409 15 4429 16 4427 18 4442 17 4420 17 4439 1
4409 4 4410 6 4432 13 4427 7 4449 7
4410 2 4411 16 4412 17
4411 1 4412 -3
4412 4 4413 -3 4452 0 4430 -1 4421 5
4413 2 4414 -2 4457 6
4414 3 4415 1 4428 11 4436 13
4415 3 4416 8 4454 -3 4436 5
4416 4 4417 0 4431 -4 4422 10 4459 -2
4417 3 4418 -3 4459 1 4449 4
4418 2 4419 5 4450 6
4419 1 4420 5
4420 2 4421 0 4447 -1
4421 3 4422 11 4429 12 4424 7
4422 3 4423 14 4463 -2 4460 9
4423 5 4424 15 4466 -1 4440 -2 4433 7 4454 9
4424 1 4425 0
4425 4 4426 0 4460 13 4432 11 4448 0
4426 5 4427 8 4462 -2 4436 1 4474 4 4456 19
4427 2 4428 4 4471 9
4428 2 4429 3 4429 14
4429 2 4430 20 4453 2
4430 1 4431 8
4431 3 4432 -3 4476 1 4456 8
4432 1 4433 9
4433 5 4434 15 4476 10 4459 11 4454 -4 4452 17
4434 4 4435 16 4435 15 4449 11 4440 4
4435 4 4436 20 4452 2 4453 20 4472 3
4436 2 4437 0 4441 11
4437 1 4438 -3
4438 3 4439 3 4478 14 4464 17
4439 4 4440 16 4467 13 4484 9 4471 6
4440 3 4441 5 4474 7 4465 5
4441 1 4442 12
4442 1 4443 9
4443 3 4444 10 4470 5 4489 -3
4444 4 4445 11 4488 3 4447 10 4456 -1
4445 1 4446 8
4446 2 4447 10 4485 7
4447 3 4448 17 4458 5 4451 1
4448 2 4449 5 4498 -1
4449 2 4450 1 4496 13
4450 1 4451 1
4451 4 4452 19 4483 -2 4458 8 4452 11
4452 2 4453 1 4482 2
4453 1 4454 10
4454 3 4455 13 4487 1 4475 3
4455 1 4456 -1
4456 2 4457 -2 4490 12
4457 3 4458 -1 4478 15 4492 19
4458 4 4459 16 4491 19 4478 16 4500 20
4459 2 4460 15 4470 17
4460 2 4461 11 4500 8
4461 2 4462 2 4470 -1
4462 1 4463 -2
4463 2 4464 15 4492 12
4464 4 4465 15 4496 13 4508 20 4469 6
4465 1 4466 9
4466 4 4467 15 4502 14 4472 15 4487 12
4467 3 4468 -1 4482 3 4510 4
4468 3 4469 15 4517 20 4477 6
4469 4 4470 9 4471 -2 4507 19 4519 4
4470 2 4471 15 4481 -3
4471 2 4472 13 4485 8
4472 2 4473 15 4494 12
4473 5 4474 15 4486 1 4511 3 4519 14 4480 -1
4474 2 4475 10 4513 6
4475 5 4476 8 4515 10 4514 6 4497 0 4500 10
4476 3 4477 9 4511 -2 4479 19
4477 1 4478 6
4478 3 4479 9 4501 -1 4496 14
4479 2 4480 0 4506 19
4480 3 4481 14 4485 13 4502 2
4481 3 4482 14 4518 12 4495 7
4482 4 4483 -1 4506 12 4522 17 4513 16
4483 6 4484 9 4502 20 4519 8 4532 5 4525 19 4491 1
4484 3 4485 -2 4519 6 4525 7
4485 6 4486 2 4510 5 4530 8 4487 7 4492 14 4494 3
4486 1 4487 17
4487 3 4488 4 4524 0 4522 17
4488 2 4489 15 4494 19
4489 4 4490 8 4522 11 4511 -1 4528 5
4490 5 4491 19 4495 16 4502 1 4500 4 4528 0
4491 1 4492 19
4492 2 4493 -2 4527 18
4493 2 4494 10 4498 18
4494 5 4495 3 4505 7 4511 5 4510 10 4539 3
4495 3 4496 2 4517 11 4515 1
4496 2 4497 9 4532 19
4497 4 4498 1 4524 17 4526 7 4501 6
4498 3 4499 17 4528 14 4548 -4
4499 4 4500 19 4519 6 4501 3 4501 12
4500 3 4501 17 4511 2 4548 9
4501 3 4502 6 4536 -2 4550 -3
4502 2 4503 14 4517 14
4503 5 4504 2 4518 10 4547 12 4518 16 4507 14
4504 6 4505 9 4549 15 4505 14 4515 19 4523 13 4505 20
4505 2 4506 14 4553 12
4506 4 4507 -1 4528 1 4514 14 4546 14
4507 3 4508 1 4521 11 4509 2
4508 3 4509 18 4527 0 4532 4
4509 1 4510 9
4510 5 4511 -4 4532 11 4534 0 4550 -4 4511 15
4511 2 4512 20 4539 2
4512 3 4513 5 4548 5 4521 -1
4513 2 4514 4 4538 -4
4514 4 4515 0 4533 7 4559 11 4533 14
4515 3 4516 18 4533 16 4537 -4
4516 1 4517 15
4517 3 4518 15 4520 9 4542 10
4518 3 4519 8 4562 14 4562 11
4519 2 4520 8 4540 6
4520 2 4521 19 4543 11
4521 4 4522 15 4540 12 4527 16 4539 15
4522 3 4523 6 4555 6 4554 18
4523 3 4524 14 4536 7 4548 8
4524 5 4525 13 4543 20 4561 -2 4560 -4 4532 10
4525 5 4526 5 4569 19 4555 7 4550 8 4560 -2
4526 3 4527 2 4556 5 4560 19
4527 7 4528 1 4559 14 4570 7 4536 5 4572 19 4554 4 4551 11
4528 1 4529 7
4529 6 4530 4 4579 -2 4558 -4 4562 -4 4557 19 4575 0
4530 5 4531 16 4578 11 4534 7 4551 12 4571 16
4531 2 4532 -3 4558 20
4532 4 4533 -4 4568 -2 4558 20 4564 19
4533 2 4534 9 4545 6
4534 3 4535 4 4549 10 4551 4
4535 4 4536 -2 4572 11 4572 15 4563 0
4536 2 4537 8 4544 18
4537 4 4538 -2 4541 5 4561 12 4566 8
4538 1 4539 17
4539 2 4540 -2 4588 20
4540 4 4541 13 4587 0 4587 4 4545 -3
4541 1 4542 1
4542 5 4543 -3 4547 0 4583 19 4585 -2 4552 10
4543 1 4544 -1
4544 2 4545 2 4576 9
4545 4 4546 12 4562 15 4593 6 4569 9
4546 5 4547 20 4556 12 4557 -4 4571 15 4579 9
4547 1 4548 19
4548 3 4549 6 4576 11 4576 14
4549 2 4550 4 4590 -1
4550 4 4551 -1 4568 16 4592 4 4567 8
4551 4 4552 1 4552 17 4561 8 4566 3
4552 3 4553 13 4583 14 4585 20
4553 2 4554 2 4566 2
4554 2 4555 20 4574 5
4555 4 4556 17 4563 18 4605 8 4581 1
4556 2 4557 4 4605 4
4557 3 4558 4 4562 13 4558 10
4558 2 4559 11 4586 3
4559 4 4560 9 4563 1 4581 5 4587 16
4560 6 4561 17 4581 1 4608 9 4567 -2 4600 16 4604 6
4561 1 4562 7
4562 1 4563 -4
4563 3 4564 -2 4585 10 4588 -2
4564 2 4565 18 4603 19
4565 4 4566 19 4591 4 4571 2 4568 6
4566 3 4567 14 4590 1 4595 3
4567 7 4568 4 4592 17 4602 -3 4606 -3 4582 19 4578 19 4596 -1
4568 5 4569 18 4600 7 4600 11 4607 19 4575 4
4569 3 4570 17 4577 -4 4580 12
4570 2 4571 9 4618 7
4571 2 4572 10 4581 14
4572 4 4573 17 4614 14 4586 3 4574 8
4573 4 4574 7 4604 -4 4602 12 4608 17
4574 3 4575 10 4621 16 4575 15
4575 3 4576 7 4623 0 4585 5
4576 4 4577 11 4598 14 4617 2 4587 3
4577 1 4578 16
4578 9 4579 17 4584 9 4583 11 4622 15 4613 16 4598 -1 4616 16 4609 10 4582 18
4579 5 4580 1 4608 18 4598 -3 4618 0 4598 -2
4580 2 4581 11 4606 8
4581 3 4582 9 4601 8 4619 2
4582 2 4583 5 4625 17
4583 4 4584 16 4594 14 4594 7 4626 -1
4584 3 4585 6 4596 4 4600 15
4585 1 4586 17
4586 6 4587 12 4628 6 4631 5 4612 15 4614 8 4600 15
4587 3 4588 10 4592 -1 4623 11
4588 4 4589 2 4634 8 4615 14 4599 15
4589 4 4590 13 4592 14 4617 12 4616 -4
4590 2 4591 -4 4637 4
4591 3 4592 9 4622 -4 4620 2
4592 2 4593 10 4599 10
4593 4 4594 -3 4620 11 4629 11 4601 19
4594 3 4595 13 4614 2 4611 18
4595 3 4596 17 4608 -3 4645 15
4596 2 4597 12 4600 3
4597 4 4598 -3 4607 15 4601 11 4625 2
4598 2 4599 15 4641 15
4599 4 4600 13 4632 4 4600 11 4638 6
4600 4 4601 16 4644 1 4639 9 4648 11
4601 2 4602 19 4644 0
4602 5 4603 1 4639 19 4621 14 4648 0 4617 -3
4603 3 4604 -4 4651 10 4641 3
4604 3 4605 14 4613 3 4630 6
4605 1 4606 20
4606 2 4607 7 4619 15
4607 1 4608 3
4608 5 4609 2 4629 2 4616 10 4651 15 4626 -2
4609 3 4610 19 4611 3 4622 20
4610 6 4611 3 4640 7 4655 -2 4651 11 4616 5 4612 -2
4611 1 4612 12
4612 5 4613 14 4632 0 4625 19 4657 17 4636 19
4613 3 4614 9 4649 9 4657 11
4614 2 4615 5 4615 -3
4615 3 4616 8 4634 8 4642 10
4616 1 4617 10
4617 3 4618 9 4666 4 4655 2
4618 3 4619 9 4647 -4 4653 8
4619 2 4620 13 4656 -4
4620 1 4621 17
4621 3 4622 -2 4653 5 4653 9
4622 4 4623 8 4667 8 4655 15 4623 -1
4623 3 4624 16 4668 16 4646 15
4624 2 4625 3 4668 7
4625 2 4626 16 4652 8
4626 4 4627 12 4635 0 4638 19 4675 1
4627 3 4628 13 4644 0 4639 2
4628 2 4629 11 4677 10
4629 3 4630 7 4643 3 4642 15
4630 5 4631 5 4643 15 4632 -3 4672 10 4647 9
4631 3 4632 12 4657 15 4652 3
4632 2 4633 14 4659 14
4633 3 4634 14 4635 15 4660 15
4634 4 4635 -2 4651 12 4642 1 4658 7
4635 3 4636 9 4639 13 4678 12
4636 1 4637 1
4637 1 4638 18
4638 3 4639 9 4669 17 4644 17
4639 5 4640 -3 4650 5 4646 10 4659 17 4677 16
4640 3 4641 2 4687 0 4677 -1
4641 3 4642 -3 4690 16 4671 -3
4642 1 4643 20
4643 3 4644 6 4691 8 4693 9
4644 4 4645 12 4646 5 4677 17 4673 20
4645 3 4646 8 4654 19 4691 1
4646 3 4647 19 4673 12 4654 -4
4647 2 4648 17 4687 14
4648 4 4649 12 4680 19 4675 12 4667 2
4649 4 4650 0 4688 5 4694 10 4673 5
4650 5 4651 2 4693 20 4660 18 4676 6 4664 13
4651 6 4652 13 4681 1 4697 0 4698 19 4701 9 4669 11
4652 3 4653 -4 4697 0 4667 2
4653 1 4654 -4
4654 2 4655 7 4658 8
4655 4 4656 16 4670 9 4661 9 4705 5
4656 3 4657 6 4673 14 4679 -3
4657 2 4658 17 4695 6
4658 1 4659 13
4659 3 4660 18 4670 7 4706 -1
4660 3 4661 15 4683 9 4685 18
4661 2 4662 2 4689 19
4662 1 4663 12
4663 3 4664 16 4675 18 4682 14
4664 4 4665 10 4709 10 4685 18 4667 8
4665 2 4666 6 4698 8
4666 4 4667 15 4683 -2 4686 15 4691 -1
4667 5 4668 1 4682 4 4670 -4 4715 15 4677 3
4668 3 4669 -2 4669 14 4703 20
4669 3 4670 7 4713 5 4680 13
4670 2 4671 18 4693 11
4671 4 4672 16 4718 1 4676 -1 4716 11
4672 1 4673 -3
4673 2 4674 19 4691 6
4674 5 4675 17 4724 7 4717 0 4690 7 4717 5
4675 1 4676 18
4676 4 4677 11 4689 0 4683 11 4684 -1
4677 4 4678 2 4714 7 4710 -1 4684 9
4678 4 4679 16 4728 8 4684 7 4728 6
4679 1 4680 12
4680 4 4681 14 4694 -2 4702 7 4729 19
4681 2 4682 16 4720 3
4682 2 4683 12 4709 -2
4683 1 4684 6
4684 3 4685 6 4730 6 4725 14
4685 4 4686 17 4715 16 4712 15 4727 3
4686 4 4687 19 4698 2 4693 -4 4716 10
4687 4 4688 6 4695 12 4714 15 4729 17
4688 3 4689 0 4707 12 4722 -2
4689 2 4690 -1 4690 19
4690 2 4691 16 4700 13
4691 3 4692 5 4718 16 4693 2
4692 2 4693 14 4701 1
4693 4 4694 2 4727 16 4700 5 4737 -1
4694 3 4695 9 4709 20 4740 -1
4695 1 4696 1
4696 1 4697 16
4697 5 4698 14 4736 15 4744 9 4719 8 4715 -1
4698 1 4699 -4
4699 1 4700 19
4700 2 4701 8 4707 19
4701 3 4702 -1 4709 15 4748 5
4702 4 4703 -1 4714 0 4712 12 4713 14
4703 2 4704 -2 4724 7
4704 4 4705 5 4736 16 4741 -2 4707 8
4705 2 4706 16 4714 10
4706 3 4707 19 4712 12 4745 7
4707 2 4708 2 4733 0
4708 2 4709 -3 4712 12
4709 1 4710 14
4710 2 4711 -4 4755 11
4711 2 4712 15 4723 15
4712 6 4713 10 4751 11 4727 14 4742 8 4750 -4 4748 1
4713 1 4714 11
4714 2 4715 14 4716 14
4715 4 4716 1 4752 1 4757 8 4736 20
4716 1 4717 16
4717 2 4718 17 4732 -1
4718 3 4719 -3 4728 1 4756 18
4719 2 4720 -3 4752 4
4720 4 4721 1 4739 -1 4728 19 4737 -1
4721 4 4722 6 4748 17 4745 16 4771 2
4722 2 4723 -3 4756 5
4723 2 4724 15 4726 -4
4724 3 4725 14 4755 18 4761 1
4725 4 4726 5 4757 19 4758 0 4769 5
4726 3 4727 -3 4748 20 4732 13
4727 1 4728 -3
4728 5 4729 11 4731 -3 4768 13 4750 6 4729 12
4729 3 4730 -3 4746 10 4745 19
4730 3 4731 4 4775 -3 4769 3
4731 5 4732 12 4757 11 4759 15 4745 12 4768 14
4732 3 4733 11 4763 8 4739 7
4733 1 4734 16
4734 3 4735 15 4777 19 4762 12
4735 1 4736 10
4736 2 4737 15 4756 13
4737 1 4738 -2
4738 1 4739 -2
4739 2 4740 17 4777 0
4740 3 4741 17 4764 0 4764 4
4741 2 4742 -1 4747 -4
4742 1 4743 1
4743 2 4744 16 4757 1
4744 2 4745 8 4791 -2
4745 3 4746 9 4787 8 4756 12
4746 2 4747 12 4774 13
4747 4 4748 -2 4752 13 4789 8 4790 6
4748 3 4749 7 4775 17 4786 15
4749 2 4750 2 4789 1
4750 3 4751 18 4799 9 4792 -4
4751 3 4752 7 4785 7 4752 20
4752 1 4753 -3
4753 5 4754 15 4778 11 4778 14 4777 -2 4761 4
4754 3 4755 11 4761 16 4785 -2
4755 5 4756 17 4796 7 4769 16 4804 -4 4805 14
4756 2 4757 12 4790 7
4757 3 4758 7 4806 1 4798 3
4758 1 4759 -2
4759 1 4760 10
4760 4 4761 -4 4787 16 4791 12 4767 19
4761 4 4762 4 4777 15 4775 18 4801 11
4762 3 4763 6 4792 7 4810 -4
4763 4 4764 13 4792 20 4783 -1 4800 17
4764 2 4765 14 4772 -1
4765 2 4766 14 4794 3
4766 2 4767 -4 4774 -1
4767 1 4768 20
4768 1 4769 20
4769 1 4770 1
4770 5 4771 17 4816 10 4799 8 4785 10 4774 6
4771 4 4772 10 4781 -2 4788 3 4799 13
4772 2 4773 5 4774 -4
4773 4 4774 3 4804 7 4785 5 4811 3
4774 3 4775 7 4775 1 4803 0
4775 4 4776 20 4802 2 4817 20 4781 6
4776 1 4777 9
4777 2 4778 3 4819 7
4778 6 4779 18 4812 2 4811 20 4781 7 4779 18 4828 19
4779 3 4780 -2 4814 0 4797 -3
4780 3 4781 -4 4804 2 4814 13
4781 2 4782 19 4802 8
4782 2 4783 8 4814 -1
4783 2 4784 12 4831 10
4784 3 4785 11 4824 2 4799 5
4785 5 4786 19 4829 20 4828 -1 4825 14 4814 7
4786 3 4787 2 4799 4 4833 -2
4787 3 4788 0 4807 14 4799 -1
4788 1 4789 10
4789 3 4790 4 4801 13 4806 19
4790 4 4791 14 4822 14 4801 -1 4831 3
4791 2 4792 20 4833 7
4792 3 4793 14 4839 14 4810 8
4793 1 4794 -4
4794 5 4795 4 4805 15 4839 16 4811 0 4814 3
4795 2 4796 -1 4829 6
4796 2 4797 3 4844 1
4797 4 4798 -1 4806 -2 4818 7 4830 5
4798 1 4799 3
4799 2 4800 13 4806 -4
4800 4 4801 1 4821 15 4810 13 4828 2
4801 1 4802 9
4802 1 4803 3
4803 2 4804 2 4833 3
4804 5 4805 15 4818 5 4817 17 4821 4 4844 12
4805 1 4806 11
4806 4 4807 18 4843 10 4813 9 4811 12
4807 3 4808 15 4850 20 4820 17
4808 2 4809 10 4842 9
4809 4 4810 5 4855 11 4853 -1 4828 6
4810 4 4811 -2 4815 4 4826 4 4835 7
4811 3 4812 8 4832 2 4817 1
4812 2 4813 -1 4828 2
4813 1 4814 18
4814 2 4815 13 4843 10
4815 2 4816 3 4865 -2
4816 1 4817 1
4817 3 4818 19 4829 16 4830 4
4818 4 4819 15 4839 16 4857 16 4849 2
4819 2 4820 5 4823 10
4820 2 4821 -3 4858 1
4821 2 4822 13 4869 10
4822 1 4823 17
4823 3 4824 14 4839 3 4872 -1
4824 3 4825 14 4838 15 4844 -2
4825 1 4826 17
4826 3 4827 15 4875 18 4844 11
4827 6 4828 -1 4861 12 4848 9 4868 8 4867 -1 4858 8
4828 1 4829 8
4829 2 4830 1 4862 7
4830 3 4831 14 4862 5 4842 10
4831 2 4832 12 4865 16
4832 2 4833 11 4834 19
4833 1 4834 -3
4834 5 4835 12 4867 -3 4880 15 4848 7 4881 19
4835 5 4836 18 4876 4 4880 5 4868 2 4882 15
4836 3 4837 10 4870 -4 4842 9
4837 3 4838 10 4871 9 4887 2
4838 4 4839 15 4843 -4 4878 5 4855 9
4839 3 4840 10 4860 20 4861 0
4840 3 4841 17 4875 14 4869 12
4841 4 4842 -1 4887 -3 4885 -1 4852 13
4842 2 4843 0 4890 15
4843 2 4844 16 4845 3
4844 4 4845 1 4851 14 4878 1 4857 -2
4845 7 4846 -1 4869 6 4851 3 4864 14 4885 11 4878 -2 4846 8
4846 2 4847 -4 4873 10
4847 2 4848 20 4886 -4
4848 4 4849 15 4859 20 4892 3 4861 -3
4849 2 4850 4 4890 5
4850 4 4851 3 4877 13 4891 19 4875 8
4851 2 4852 -3 4852 7
4852 6 4853 20 4879 -1 4873 11 4890 10 4866 1 4878 -2
4853 2 4854 4 4864 12
4854 2 4855 3 4865 -2
4855 2 4856 19 4871 5
4856 6 4857 -1 4865 8 4883 2 4868 2 4866 15 4906 -1
4857 3 4858 -1 4889 3 4873 -4
4858 2 4859 -4 4871 5
4859 1 4860 20
4860 6 4861 -3 4910 2 4881 0 4890 20 4882 2 4890 15
4861 1 4862 11
4862 3 4863 -2 4903 9 4865 12
4863 3 4864 -2 4877 20 4910 -4
4864 2 4865 14 4885 7
4865 2 4866 5 4911 9
4866 5 4867 3 4916 11 4890 9 4904 1 4894 10
4867 6 4868 11 4911 3 4915 5 4901 17 4911 4 4909 2
4868 3 4869 8 4903 19 4901 12
4869 4 4870 -3 4893 10 4896 9 4894 17
4870 4 4871 9 4904 20 4919 16 4888 17
4871 1 4872 18
4872 1 4873 18
4873 4 4874 20 4881 9 4908 -3 4917 7
4874 3 4875 -3 4877 5 4889 6
4875 3 4876 12 4903 0 4888 14
4876 3 4877 17 4893 17 4897 -3
4877 4 4878 15 4882 9 4892 2 4919 17
4878 2 4879 16 4894 9
4879 3 4880 10 4891 -1 4918 19
4880 5 4881 18 4912 10 4918 13 4929 10 4914 1
4881 5 4882 9 4901 14 4925 13 4899 20 4892 14
4882 2 4883 12 4927 3
4883 3 4884 -4 4915 18 4919 18
4884 4 4885 3 4893 9 4910 3 4925 12
4885 4 4886 17 4892 9 4930 2 4895 11
4886 3 4887 -4 4936 11 4924 1
4887 3 4888 19 4932 12 4927 19
4888 2 4889 19 4889 13
4889 5 4890 13 4903 3 4903 4 4932 16 4909 16
4890 4 4891 2 4902 19 4909 -1 4931 -4
4891 5 4892 6 4911 14 4922 3 4908 7 4940 -1
4892 3 4893 15 4926 14 4939 -4
4893 4 4894 19 4936 1 4899 0 4942 20
4894 1 4895 20
4895 4 4896 10 4942 16 4940 3 4944 20
4896 2 4897 2 4927 18
4897 3 4898 13 4929 17 4914 18
4898 5 4899 8 4903 6 4900 7 4935 -3 4917 5
4899 1 4900 14
4900 4 4901 14 4913 3 4950 9 4938 20
4901 5 4902 19 4915 5 4919 7 4923 3 4944 8
4902 2 4903 -1 4917 17
4903 5 4904 5 4942 3 4938 -4 4913 5 4921 10
4904 3 4905 8 4946 9 4935 17
4905 2 4906 0 4923 8
4906 1 4907 6
4907 4 4908 16 4946 12 4946 17 4935 0
4908 4 4909 -1 4934 -2 4936 6 4932 2
4909 2 4910 10 4946 5
4910 2 4911 2 4936 6
4911 6 4912 -3 4933 -4 4936 2 4943 9 4933 -1 4913 1
4912 1 4913 3
4913 3 4914 1 4956 6 4947 13
4914 3 4915 13 4938 8 4920 20
4915 1 4916 -2
4916 2 4917 14 4924 16
4917 3 4918 9 4929 -3 4953 16
4918 2 4919 14 4936 20
4919 5 4920 -2 4940 12 4920 4 4967 10 4930 3
4920 4 4921 9 4931 11 4923 17 4948 8
4921 4 4922 20 4934 15 4958 6 4935 11
4922 3 4923 7 4929 17 4940 15
4923 2 4924 -4 4925 -4
4924 4 4925 1 4956 18 4937 -4 4950 8
4925 2 4926 14 4966 14
4926 6 4927 -2 4965 0 4966 8 4952 12 4945 18 4949 15
4927 3 4928 19 4968 3 4976 0
4928 3 4929 5 4973 15 4953 20
4929 1 4930 20
4930 3 4931 14 4951 -1 4969 13
4931 5 4932 -1 4980 6 4938 -3 4936 19 4934 17
4932 2 4933 10 4965 3
4933 3 4934 19 4948 17 4975 19
4934 4 4935 15 4960 -1 4983 13 4961 -2
4935 4 4936 12 4974 9 4954 11 4956 13
4936 2 4937 7 4974 5
4937 2 4938 -3 4986 -4
4938 2 4939 -1 4956 20
4939 5 4940 -4 4964 18 4957 3 4982 5 4975 -3
4940 2 4941 -2 4979 7
4941 4 4942 16 4960 9 4965 4 4961 14
4942 4 4943 20 4946 -2 4950 -1 4985 12
4943 2 4944 -3 4982 5
4944 2 4945 2 4984 5
4945 1 4946 -1
4946 3 4947 3 4978 17 4947 11
4947 3 4948 5 4977 8 4963 -4
4948 2 4949 5 4977 14
4949 2 4950 -3 4999 -3
4950 1 4951 0
4951 2 4952 15 4971 1
4952 1 4953 6
4953 2 4954 -3 4974 -2
4954 3 4955 -4 4998 -3 4999 16
4955 2 4956 16 4992 2
4956 2 4957 16 4992 -4
4957 5 4958 -2 5005 -4 5006 -1 4984 19 4995 0
4958 3 4959 2 5008 6 4989 7
4959 4 4960 -3 5000 0 5004 -1 4970 16
4960 2 4961 13 4973 -3
4961 3 4962 12 4991 13 5007 0
4962 2 4963 15 5000 -3
4963 2 4964 -1 4975 14
4964 3 4965 15 5014 -1 4982 13
4965 2 4966 7 5003 4
4966 3 4967 -2 4969 -3 5012 0
4967 2 4968 -2 4996 11
4968 5 4969 9 4973 1 4976 15 5006 16 4997 11
4969 3 4970 -1 4987 0 5006 3
4970 3 4971 17 5003 9 5007 7
4971 3 4972 -3 5014 2 4993 5
4972 2 4973 1 5011 20
4973 3 4974 18 5015 -4 4992 0
4974 2 4975 13 5006 18
4975 2 4976 8 5018 5
4976 4 4977 7 4995 10 4985 5 4981 7
4977 2 4978 2 5014 4
4978 4 4979 20 5022 4 4987 -2 5007 6
4979 1 4980 18
4980 3 4981 15 5021 1 5019 15
4981 1 4982 18
4982 2 4983 17 4988 2
4983 5 4984 1 5026 2 5014 7 4995 -4 5008 -2
4984 2 4985 11 5000 13
4985 2 4986 4 5030 10
4986 1 4987 7
4987 4 4988 8 5029 0 5016 13 5018 18
4988 3 4989 -3 5012 -4 5032 11
4989 2 4990 1 5015 11
4990 1 4991 7
4991 2 4992 9 5032 13
4992 4 4993 2 5026 16 5014 6 5002 18
4993 2 4994 16 5029 7
4994 2 4995 13 5032 6
4995 2 4996 9 5044 7
4996 2 4997 9 5036 -1
4997 3 4998 -1 5029 4 5041 -2
4998 3 4999 15 5037 3 5003 20
4999 1 5000 18
5000 6 5001 12 5016 0 5008 -4 5024 -4 5027 -2 5028 -4
5001 4 5002 3 5027 1 5024 17 5050 16
5002 1 5003 19
5003 1 5004 19
5004 2 5005 -4 5030 8
5005 3 5006 -3 5023 8 5047 3
5006 5 5007 20 5036 18 5044 6 5045 -4 5014 7
5007 4 5008 14 5050 -4 5017 2 5013 1
5008 4 5009 -4 5029 14 5053 -4 5009 4
5009 3 5010 6 5056 8 5028 10
5010 3 5011 9 5047 13 5012 14
5011 4 5012 15 5037 3 5040 9 5052 17
5012 4 5013 -2 5049 9 5054 13 5056 7
5013 2 5014 20 5014 1
5014 1 5015 12
5015 2 5016 19 5034 0
5016 5 5017 18 5049 15 5059 14 5031 19 5033 9
5017 3 5018 -1 5022 -2 5061 14
5018 3 5019 7 5068 9 5044 -3
5019 1 5020 16
5020 3 5021 19 5059 4 5029 -4
5021 4 5022 16 5049 15 5040 18 5071 13
5022 4 5023 1 5053 10 5033 19 5044 -1
5023 2 5024 16 5051 0
5024 2 5025 13 5059 14
5025 2 5026 9 5057 1
5026 2 5027 18 5058 2
5027 3 5028 12 5076 -2 5049 17
5028 4 5029 2 5071 14 5054 12 5031 18
5029 2 5030 7 5074 5
5030 2 5031 14 5066 4
5031 3 5032 10 5058 -3 5047 18
5032 3 5033 11 5068 9 5065 -4
5033 4 5034 3 5035 -4 5038 -2 5052 11
5034 1 5035 14
5035 2 5036 -4 5058 -3
5036 2 5037 2 5057 19
5037 3 5038 16 5056 -1 5078 8
5038 2 5039 15 5056 -4
5039 4 5040 13 5054 5 5073 6 5061 8
5040 2 5041 7 5084 19
5041 2 5042 1 5053 14
5042 3 5043 -3 5046 9 5048 2
5043 3 5044 18 5092 13 5087 9
5044 1 5045 17
5045 7 5046 11 5072 10 5062 -2 5064 16 5053 10 5072 -1 5073 19
5046 2 5047 9 5087 18
5047 4 5048 -1 5082 6 5059 2 5071 -2
5048 2 5049 6 5051 6
5049 2 5050 5 5061 1
5050 4 5051 0 5052 14 5081 19 5087 2
5051 2 5052 -3 5089 -1
5052 3 5053 9 5059 14 5063 14
5053 2 5054 17 5076 9
5054 2 5055 3 5101 20
5055 4 5056 10 5097 19 5070 12 5087 -1
5056 2 5057 0 5098 16
5057 1 5058 18
5058 3 5059 19 5090 14 5106 -1
5059 4 5060 -3 5073 15 5085 2 5072 0
5060 5 5061 20 5066 9 5065 11 5084 6 5091 15
5061 1 5062 9
5062 1 5063 6
5063 4 5064 20 5089 10 5108 6 5069 12
5064 2 5065 0 5074 16
5065 3 5066 19 5110 8 5113 6
5066 3 5067 0 5104 0 5107 18
5067 3 5068 18 5112 20 5072 11
5068 2 5069 -4 5103 -3
5069 2 5070 -2 5089 8
5070 2 5071 10 5094 -4
5071 6 5072 10 5093 7 5093 -2 5087 11 5120 5 5093 17
5072 3 5073 3 5075 17 5076 6
5073 2 5074 17 5075 -3
5074 4 5075 11 5093 6 5094 11 5090 1
5075 2 5076 1 5099 20
5076 5 5077 15 5086 12 5085 14 5087 14 5095 15
5077 3 5078 12 5094 10 5101 -4
5078 2 5079 10 5091 16
5079 3 5080 11 5103 18 5090 11
5080 4 5081 4 5097 16 5107 4 5130 -4
5081 6 5082 6 5126 13 5096 8 5108 5 5098 19 5119 1
5082 5 5083 16 5115 14 5132 10 5094 12 5117 17
5083 4 5084 7 5107 19 5110 8 5109 15
5084 1 5085 6
5085 2 5086 -1 5104 11
5086 4 5087 6 5128 16 5116 -4 5132 -3
5087 2 5088 16 5094 4
5088 2 5089 2 5127 13
5089 2 5090 0 5125 0
5090 5 5091 8 5116 12 5100 -4 5136 7 5095 -4
5091 2 5092 -2 5140 12
5092 4 5093 13 5137 1 5136 12 5132 -2
5093 2 5094 4 5135 -1
5094 2 5095 5 5109 3
5095 6 5096 18 5104 12 5137 14 5115 -1 5099 12 5106 10
5096 5 5097 4 5134 3 5146 -4 5128 1 5142 20
5097 2 5098 4 5124 11
5098 3 5099 -2 5110 20 5125 12
5099 5 5100 6 5143 16 5109 2 5104 6 5114 8
5100 4 5101 -4 5101 3 5120 -1 5120 15
5101 2 5102 11 5126 12
5102 1 5103 19
5103 3 5104 -1 5114 14 5147 1
5104 3 5105 11 5149 4 5133 2
5105 3 5106 0 5133 1 5129 7
5106 4 5107 8 5135 0 5151 8 5115 16
5107 3 5108 11 5148 5 5153 9
5108 3 5109 12 5109 16 5148 4
5109 2 5110 18 5146 4
5110 1 5111 2
5111 4 5112 8 5126 1 5139 14 5139 -1
5112 4 5113 -1 5143 14 5141 16 5155 11
5113 3 5114 12 5149 -2 5146 11
5114 1 5115 7
5115 1 5116 17
5116 6 5117 11 5143 18 5128 13 5142 5 5125 1 5155 12
5117 2 5118 10 5126 19
5118 2 5119 -2 5168 13
5119 3 5120 13 5152 18 5127 1
5120 4 5121 8 5141 14 5168 14 5137 15
5121 4 5122 -4 5133 13 5143 8 5162 -3
5122 4 5123 6 5128 -4 5125 19 5124 10
5123 3 5124 1 5160 17 5135 -1
5124 2 5125 -3 5132 15
5125 2 5126 -3 5148 16
5126 4 5127 16 5166 6 5139 18 5173 -1
5127 1 5128 6
5128 2 5129 2 5150 -3
5129 1 5130 15
5130 1 5131 15
5131 3 5132 0 5136 11 5137 18
5132 3 5133 11 5155 -1 5165 14
5133 3 5134 1 5156 9 5137 19
5134 5 5135 1 5145 -4 5169 14 5173 0 5170 3
5135 4 5136 4 5177 5 5140 3 5176 17
5136 5 5137 15 5154 -3 5170 8 5137 0 5183 19
5137 1 5138 8
5138 4 5139 7 5155 -1 5171 10 5160 6
5139 5 5140 11 5189 7 5143 18 5167 15 5151 20
5140 2 5141 0 5182 1
5141 2 5142 16 5189 11
5142 1 5143 17
5143 3 5144 7 5179 16 5191 -4
5144 6 5145 9 5148 19 5160 -3 5149 -1 5150 18 5180 20
5145 4 5146 14 5152 14 5147 -1 5161 12
5146 1 5147 17
5147 1 5148 0
5148 3 5149 2 5160 11 5185 14
5149 3 5150 12 5163 -1 5159 10
5150 2 5151 9 5186 8
5151 1 5152 9
5152 4 5153 18 5197 9 5162 6 5195 14
5153 3 5154 5 5188 -2 5188 0
5154 4 5155 -4 5194 6 5162 17 5204 0
5155 2 5156 20 5198 -3
5156 2 5157 10 5191 15
5157 1 5158 17
5158 3 5159 18 5198 6 5180 4
5159 1 5160 1
5160 2 5161 -2 5161 14
5161 2 5162 3 5162 19
5162 3 5163 19 5191 10 5190 8
5163 6 5164 20 5193 10 5208 -4 5184 -2 5186 2 5194 3
5164 4 5165 12 5166 11 5172 2 5178 19
5165 5 5166 3 5212 19 5212 6 5200 2 5185 2
5166 3 5167 10 5180 14 5211 15
5167 4 5168 13 5179 19 5170 8 5180 1
5168 2 5169 15 5173 -2
5169 3 5170 10 5214 1 5214 -1
5170 2 5171 10 5196 5
5171 2 5172 -2 5189 16
5172 3 5173 2 5222 12 5207 16
5173 3 5174 11 5180 16 5177 7
5174 1 5175 10
5175 1 5176 18
5176 4 5177 2 5193 -1 5196 1 5223 -2
5177 5 5178 -4 5180 -3 5218 19 5180 16 5196 2
5178 3 5179 6 5208 -2 5220 8
5179 6 5180 17 5193 8 5196 12 5181 14 5200 -4 5211 7
5180 4 5181 19 5227 10 5220 -4 5190 1
5181 1 5182 6
5182 6 5183 0 5229 10 5207 -3 5192 1 5213 0 5200 6
5183 3 5184 -3 5207 12 5230 20
5184 5 5185 2 5223 -2 5208 0 5191 8 5199 6
5185 3 5186 12 5212 -4 5212 3
5186 3 5187 4 5188 17 5190 20
5187 1 5188 -2
5188 2 5189 19 5205 8
5189 6 5190 0 5239 3 5220 15 5229 10 5205 7 5194 14
5190 6 5191 0 5227 0 5217 2 5225 9 5216 1 5226 20
5191 1 5192 20
5192 3 5193 2 5229 6 5236 17
5193 2 5194 -1 5236 15
5194 3 5195 15 5221 5 5227 7
5195 3 5196 3 5200 14 5219 10
5196 2 5197 18 5222 16
5197 2 5198 -2 5236 -4
5198 4 5199 3 5230 -2 5241 19 5246 8
5199 1 5200 14
5200 4 5201 12 5213 7 5215 2 5202 10
5201 2 5202 0 5207 11
5202 2 5203 9 5236 -4
5203 2 5204 7 5214 11
5204 1 5205 10
5205 3 5206 -4 5243 16 5217 13
5206 3 5207 2 5209 9 5246 5
5207 3 5208 15 5244 14 5254 18
5208 3 5209 -4 5217 19 5218 2
5209 1 5210 18
5210 1 5211 13
5211 2 5212 20 5257 -4
5212 3 5213 20 5249 1 5217 19
5213 4 5214 16 5218 20 5245 12 5240 19
5214 3 5215 16 5234 -2 5224 3
5215 2 5216 17 5240 8
5216 3 5217 20 5260 10 5219 11
5217 2 5218 0 5220 1
5218 3 5219 10 5261 15 5229 -2
5219 2 5220 4 5252 6
5220 4 5221 0 5226 15 5253 9 5228 5
5221 4 5222 14 5266 11 5224 19 5271 6
5222 4 5223 3 5236 0 5247 16 5223 16
5223 3 5224 2 5235 -2 5228 10
5224 1 5225 17
5225 3 5226 0 5236 -3 5241 0
5226 2 5227 8 5242 5
5227 1 5228 16
5228 2 5229 -4 5247 -2
5229 3 5230 12 5254 4 5271 17
5230 3 5231 0 5274 4 5278 12
5231 3 5232 17 5256 20 5277 3
5232 2 5233 10 5269 0
5233 3 5234 16 5276 12 5252 -4
5234 1 5235 6
5235 5 5236 4 5284 0 5238 13 5240 15 5248 14
5236 2 5237 -4 5262 12
5237 1 5238 3
5238 3 5239 10 5271 9 5261 7
5239 1 5240 11
5240 4 5241 12 5245 19 5288 9 5245 13
5241 2 5242 9 5274 8
5242 1 5243 -1
5243 2 5244 10 5272 20
5244 2 5245 -3 5279 4
5245 2 5246 16 5246 20
5246 2 5247 -2 5253 15
5247 6 5248 2 5290 10 5282 -2 5275 10 5260 4 5278 12
5248 2 5249 3 5275 4
5249 3 5250 10 5281 18 5256 8
5250 2 5251 13 5268 -4
5251 4 5252 17 5300 20 5290 10 5297 -1
5252 4 5253 3 5264 18 5271 1 5267 1
5253 3 5254 1 5294 14 5283 19
5254 3 5255 6 5274 10 5288 11
5255 3 5256 4 5292 13 5291 -2
5256 3 5257 0 5270 3 5287 -4
5257 5 5258 10 5269 15 5267 10 5294 4 5258 15
5258 2 5259 -3 5306 15
5259 2 5260 11 5273 -2
5260 4 5261 11 5310 14 5301 2 5294 5
5261 1 5262 19
5262 4 5263 5 5292 4 5305 0 5294 13
5263 2 5264 15 5294 5
5264 3 5265 16 5297 -2 5279 5
5265 4 5266 16 5307 14 5271 5 5284 2
5266 1 5267 7
5267 1 5268 18
5268 3 5269 -2 5293 0 5285 1
5269 1 5270 12
5270 3 5271 -3 5315 19 5286 -3
5271 4 5272 -1 5284 11 5284 8 5316 1
5272 4 5273 16 5305 8 5298 11 5299 20
5273 4 5274 16 5275 9 5309 12 5311 8
5274 3 5275 10 5287 12 5300 -1
5275 4 5276 4 5279 12 5307 1 5288 17
5276 2 5277 4 5297 8
5277 2 5278 -4 5299 6
5278 2 5279 7 5297 5
5279 2 5280 4 5313 20
5280 2 5281 10 5320 12
5281 2 5282 -4 5308 1
5282 4 5283 -2 5306 12 5331 9 5327 10
5283 4 5284 0 5326 12 5326 7 5312 -4
5284 2 5285 15 5313 -3
5285 4 5286 20 5327 -4 5304 -1 5328 9
5286 4 5287 2 5324 2 5314 10 5306 5
5287 2 5288 7 5307 -1
5288 2 5289 3 5308 9
5289 7 5290 2 5298 3 5322 -2 5294 17 5328 11 5300 13 5338 3
5290 3 5291 17 5302 7 5323 7
5291 4 5292 20 5324 20 5294 18 5311 -1
5292 1 5293 14
5293 1 5294 0
5294 4 5295 -1 5342 2 5306 -1 5317 5
5295 6 5296 18 5329 19 5306 5 5314 3 5323 3 5343 12
5296 2 5297 1 5318 14
5297 4 5298 -2 5301 3 5311 12 5300 12
5298 2 5299 12 5324 18
5299 1 5300 4
5300 2 5301 2 5326 13
5301 3 5302 17 5307 2 5302 -3
5302 2 5303 3 5334 17
5303 4 5304 4 5336 20 5352 -2 5316 15
5304 2 5305 6 5336 19
5305 5 5306 16 5308 18 5336 16 5341 9 5350 7
5306 3 5307 8 5326 17 5309 10
5307 4 5308 20 5308 -3 5308 -4 5333 13
5308 1 5309 12
5309 1 5310 10
5310 4 5311 -1 5355 18 5339 3 5346 10
5311 3 5312 13 5319 -4 5327 -4
5312 2 5313 20 5325 20
5313 2 5314 15 5316 2
5314 3 5315 8 5320 20 5355 10
5315 1 5316 4
5316 3 5317 0 5335 9 5331 12
5317 2 5318 18 5362 3
5318 4 5319 3 5320 16 5368 -3 5342 -1
5319 2 5320 14 5339 12
5320 2 5321 13 5362 5
5321 2 5322 18 5323 20
5322 2 5323 4 5342 0
5323 4 5324 8 5357 7 5371 11 5347 6
5324 3 5325 11 5330 2 5364 10
5325 3 5326 0 5341 9 5338 -2
5326 4 5327 5 5350 18 5350 17 5357 5
5327 2 5328 0 5340 17
5328 4 5329 1 5361 7 5336 -4 5378 5
5329 6 5330 15 5360 19 5357 9 5370 -2 5340 18 5379 16
5330 1 5331 7
5331 3 5332 12 5373 17 5352 9
5332 3 5333 6 5347 11 5360 4
5333 2 5334 5 5360 11
5334 5 5335 12 5366 7 5354 7 5373 5 5345 0
5335 3 5336 15 5385 10 5367 1
5336 3 5337 1 5353 5 5384 -2
5337 6 5338 5 5379 13 5356 4 5363 19 5362 6 5353 17
5338 4 5339 17 5356 9 5359 8 5363 2
5339 4 5340 3 5357 5 5384 20 5346 17
5340 6 5341 1 5354 18 5343 14 5369 8 5383 12 5369 20
5341 3 5342 8 5377 0 5342 9
5342 2 5343 7 5346 -1
5343 5 5344 -3 5348 2 5362 2 5346 4 5346 15
5344 3 5345 6 5348 12 5366 14
5345 2 5346 4 5357 13
5346 1 5347 8
5347 3 5348 17 5354 14 5394 -2
5348 5 5349 -3 5386 4 5386 18 5380 -2 5375 14
5349 4 5350 -4 5383 20 5353 16 5384 -2
5350 2 5351 9 5400 4
5351 1 5352 4
5352 2 5353 7 5391 4
5353 5 5354 12 5402 -1 5399 19 5403 -4 5401 17
5354 5 5355 19 5404 0 5401 -3 5392 -3 5401 -4
5355 2 5356 0 5390 6
5356 2 5357 6 5376 20
5357 3 5358 6 5396 6 5358 5
5358 1 5359 2
5359 2 5360 18 5391 -4
5360 3 5361 11 5407 -1 5369 20
5361 2 5362 3 5375 6
5362 2 5363 0 5398 8
5363 5 5364 -3 5400 17 5372 0 5406 10 5397 18
5364 1 5365 -2
5365 7 5366 1 5391 -4 5397 0 5384 -2 5396 -4 5391 8 5399 9
5366 2 5367 -3 5400 12
5367 1 5368 10
5368 6 5369 13 5408 19 5381 -4 5412 -4 5370 -4 5414 15
5369 4 5370 20 5409 7 5400 -2 5406 3
5370 2 5371 4 5390 0
5371 2 5372 1 5405 -4
5372 2 5373 12 5388 12
5373 3 5374 11 5383 3 5411 -2
5374 5 5375 20 5375 12 5378 5 5397 12 5375 7
5375 3 5376 3 5415 17 5423 1
5376 3 5377 -3 5384 12 5422 17
5377 1 5378 15
5378 3 5379 10 5413 9 5405 1
5379 1 5380 4
5380 2 5381 18 5384 4
5381 3 5382 4 5421 6 5425 16
5382 1 5383 -2
5383 2 5384 2 5409 13
5384 4 5385 0 5410 1 5429 14 5425 14
5385 2 5386 6 5398 0
5386 3 5387 9 5410 1 5431 -1
5387 2 5388 -2 5417 16
5388 4 5389 20 5420 2 5421 9 5399 3
5389 2 5390 5 5410 16
5390 4 5391 0 5425 7 5424 -3 5408 -3
5391 2 5392 10 5400 16
5392 3 5393 15 5406 10 5411 4
5393 1 5394 9
5394 2 5395 7 5443 5
5395 4 5396 5 5441 20 5413 20 5425 -2
5396 2 5397 18 5401 2
5397 3 5398 -3 5426 3 5428 14
5398 3 5399 5 5414 2 5420 6
5399 2 5400 14 5439 11
5400 3 5401 -4 5422 18 5449 17
5401 5 5402 10 5444 15 5424 18 5407 10 5450 12
5402 7 5403 15 5449 17 5414 14 5450 9 5422 5 5428 2 5419 -2
5403 2 5404 3 5412 19
5404 5 5405 1 5425 10 5428 14 5423 19 5426 0
5405 2 5406 11 5427 3
5406 2 5407 15 5417 11
5407 3 5408 4 5436 19 5411 17
5408 2 5409 4 5425 1
5409 2 5410 16 5424 0
5410 2 5411 12 5455 9
5411 3 5412 11 5454 12 5432 12
5412 5 5413 5 5413 2 5433 -1 5431 1 5433 8
5413 3 5414 16 5421 12 5439 9
5414 3 5415 -3 5427 8 5425 8
5415 2 5416 19 5426 9
5416 4 5417 17 5466 -1 5462 18 5462 19
5417 2 5418 2 5451 3
5418 1 5419 4
5419 2 5420 17 5442 6
5420 3 5421 7 5432 11 5456 12
5421 2 5422 5 5434 7
5422 3 5423 11 5445 -1 5453 6
5423 3 5424 7 5464 17 5446 2
5424 2 5425 -3 5438 19
5425 2 5426 -1 5470 8
5426 1 5427 16
5427 2 5428 17 5472 9
5428 2 5429 18 5446 16
5429 3 5430 9 5477 12 5457 -3
5430 2 5431 17 5457 -3
5431 3 5432 13 5470 15 5432 3
5432 1 5433 8
5433 2 5434 10 5482 -3
5434 2 5435 -4 5460 17
5435 7 5436 3 5455 -3 5483 -4 5452 11 5478 9 5446 -4 5477 18
5436 4 5437 -3 5437 17 5486 9 5474 -3
5437 2 5438 20 5465 5
5438 3 5439 -3 5479 17 5467 15
5439 3 5440 12 5454 2 5484 5
5440 5 5441 20 5454 11 5472 16 5488 -2 5454 2
5441 6 5442 18 5442 6 5470 8 5462 18 5458 17 5461 -2
5442 2 5443 10 5468 -2
5443 2 5444 -3 5464 7
5444 2 5445 2 5476 -2
5445 2 5446 0 5472 13
5446 1 5447 18
5447 1 5448 12
5448 5 5449 1 5464 4 5493 19 5479 8 5457 -4
5449 2 5450 7 5492 15
5450 5 5451 13 5452 6 5478 4 5465 14 5456 16
5451 4 5452 -2 5468 0 5457 -4 5479 14
5452 3 5453 1 5472 0 5468 15
5453 3 5454 -2 5463 2 5499 13
5454 4 5455 18 5493 19 5470 1 5491 13
5455 2 5456 6 5457 5
5456 1 5457 6
5457 2 5458 -2 5463 20
5458 3 5459 18 5489 11 5499 18
5459 3 5460 -2 5467 1 5490 0
5460 3 5461 9 5501 -4 5484 3
5461 2 5462 9 5494 19
5462 7 5463 20 5505 6 5472 13 5503 17 5503 20 5503 16 5473 6
5463 3 5464 11 5471 -4 5482 19
5464 2 5465 6 5500 16
5465 2 5466 6 5483 3
5466 4 5467 5 5488 13 5501 18 5476 18
5467 2 5468 11 5475 5
5468 3 5469 3 5477 19 5503 20
5469 3 5470 17 5495 14 5519 4
5470 2 5471 19 5517 7
5471 3 5472 -3 5497 4 5492 -2
5472 3 5473 20 5522 -3 5503 7
5473 6 5474 12 5510 9 5510 10 5506 19 5493 5 5484 18
5474 3 5475 14 5512 -3 5480 6
5475 2 5476 16 5511 20
5476 5 5477 18 5490 1 5505 9 5479 17 5494 1
5477 3 5478 17 5492 13 5494 10
5478 3 5479 20 5519 19 5520 12
5479 1 5480 6
5480 3 5481 -4 5483 15 5483 -1
5481 6 5482 1 5493 20 5522 17 5515 14 5493 6 5513 20
5482 3 5483 14 5493 3 5523 9
5483 2 5484 13 5498 14
5484 3 5485 13 5489 16 5514 15
5485 2 5486 10 5516 -4
5486 3 5487 20 5532 18 5515 -4
5487 3 5488 14 5521 -1 5512 20
5488 4 5489 15 5535 20 5531 15 5502 14
5489 2 5490 14 5538 2
5490 2 5491 8 5501 7
5491 1 5492 11
5492 5 5493 3 5497 3 5497 19 5514 10 5539 14
5493 1 5494 4
5494 2 5495 15 5517 11
5495 3 5496 9 5535 2 5503 16
5496 3 5497 15 5499 5 5507 9
5497 4 5498 6 5524 8 5546 13 5532 16
5498 1 5499 0
5499 3 5500 -4 5535 19 5505 12
5500 7 5501 6 5532 20 5501 15 5530 20 5526 16 5537 7 5524 17
5501 4 5502 -2 5537 2 5544 1 5540 20
5502 3 5503 15 5506 1 5546 9
5503 5 5504 1 5513 18 5507 0 5524 5 5533 13
5504 3 5505 14 5544 15 5545 5
5505 6 5506 -3 5542 9 5508 18 5538 14 5546 10 5523 1
5506 4 5507 10 5555 19 5511 1 5515 15
5507 4 5508 19 5548 2 5552 18 5532 15
5508 3 5509 0 5551 14 5557 -4
5509 2 5510 17 5543 9
5510 1 5511 18
5511 1 5512 -2
5512 4 5513 16 5550 19 5550 15 5515 11
5513 1 5514 4
5514 4 5515 6 5547 3 5515 10 5558 4
5515 4 5516 10 5519 -2 5552 -2 5519 3
5516 1 5517 -2
5517 1 5518 6
5518 2 5519 1 5558 19
5519 1 5520 2
5520 3 5521 3 5551 15 5554 8
5521 1 5522 20
5522 2 5523 7 5567 18
5523 2 5524 5 5562 12
5524 5 5525 6 5556 -4 5555 14 5534 -2 5570 11
5525 2 5526 15 5545 7
5526 3 5527 -3 5552 9 5567 12
5527 5 5528 3 5533 -1 5551 0 5547 14 5537 -2
5528 3 5529 17 5535 -4 5529 15
5529 4 5530 12 5573 4 5577 2 5574 6
5530 4 5531 1 5555 19 5535 2 5549 10
5531 2 5532 0 5576 18
5532 3 5533 15 5549 14 5556 -3
5533 2 5534 -3 5571 4
5534 1 5535 3
5535 1 5536 19
5536 3 5537 16 5569 11 5574 0
5537 3 5538 16 5551 12 5546 1
5538 3 5539 -2 5539 -3 5575 10
5539 3 5540 -3 5544 19 5544 18
5540 2 5541 8 5557 17
5541 4 5542 -1 5584 17 5549 14 5560 3
5542 4 5543 -2 5591 4 5582 10 5583 -1
5543 3 5544 0 5544 1 5588 -3
5544 1 5545 -1
5545 7 5546 4 5559 15 5560 11 5558 7 5558 14 5576 18 5595 16
5546 4 5547 14 5573 5 5572 -4 5577 3
5547 3 5548 8 5577 12 5595 14
5548 2 5549 16 5589 -2
5549 3 5550 8 5559 5 5595 -2
5550 4 5551 8 5586 -1 5553 7 5571 9
5551 3 5552 13 5572 -2 5553 14
5552 3 5553 20 5575 -1 5596 10
5553 4 5554 -3 5590 -2 5572 14 5586 -2
5554 3 5555 9 5595 9 5585 10
5555 1 5556 14
5556 3 5557 -3 5564 10 5574 8
5557 2 5558 2 5585 19
5558 7 5559 6 5559 2 5560 1 5591 -1 5559 15 5593 20 5582 15
5559 3 5560 15 5571 10 5584 10
5560 2 5561 8 5582 0
5561 3 5562 5 5565 -2 5596 5
5562 2 5563 17 5600 1
5563 6 5564 14 5574 20 5575 15 5607 10 5582 10 5599 0
5564 2 5565 14 5587 14
5565 2 5566 9 5569 -4
5566 5 5567 4 5594 2 5589 14 5574 7 5605 0
5567 2 5568 17 5580 0
5568 3 5569 0 5613 19 5608 5
5569 4 5570 17 5609 16 5590 20 5601 14
5570 4 5571 4 5608 15 5575 8 5617 5
5571 3 5572 15 5574 19 5575 10
5572 2 5573 17 5592 9
5573 2 5574 4 5605 -3
5574 1 5575 5
5575 2 5576 9 5585 4
5576 1 5577 4
5577 5 5578 15 5623 -4 5600 17 5627 -2 5626 -3
5578 2 5579 13 5579 17
5579 5 5580 3 5617 8 5592 6 5628 -1 5595 12
5580 4 5581 -4 5587 8 5614 4 5607 16
5581 5 5582 19 5630 16 5616 7 5600 14 5590 16
5582 2 5583 12 5606 15
5583 3 5584 19 5597 13 5589 18
5584 2 5585 16 5588 3
5585 1 5586 16
5586 3 5587 5 5632 -1 5595 16
5587 5 5588 4 5590 5 5597 -4 5601 12 5619 12
5588 4 5589 3 5631 2 5603 12 5592 10
5589 2 5590 9 5634 -2
5590 6 5591 3 5605 17 5630 -1 5615 15 5639 8 5621 0
5591 3 5592 7 5617 14 5602 15
5592 3 5593 1 5603 -2 5632 12
5593 4 5594 -1 5617 20 5643 4 5610 9
5594 5 5595 -3 5615 13 5595 3 5610 2 5624 13
5595 7 5596 17 5627 7 5597 14 5615 1 5607 12 5624 3 5615 20
5596 2 5597 19 5599 17
5597 4 5598 14 5617 14 5632 19 5645 10
5598 2 5599 14 5640 15
5599 2 5600 19 5640 8
5600 1 5601 10
5601 1 5602 9
5602 2 5603 8 5620 3
5603 3 5604 -1 5640 14 5647 4
5604 3 5605 3 5640 7 5619 9
5605 5 5606 -3 5643 7 5644 11 5616 20 5606 6
5606 5 5607 4 5634 3 5641 4 5646 3 5646 20
5607 2 5608 4 5618 16
5608 2 5609 2 5629 4
5609 3 5610 16 5615 9 5628 7
5610 4 5611 15 5651 19 5659 6 5624 7
5611 3 5612 10 5661 1 5621 9
5612 4 5613 4 5637 11 5636 6 5625 -1
5613 2 5614 2 5663 -2
5614 3 5615 17 5638 15 5653 4
5615 4 5616 -4 5641 10 5632 20 5625 -2
5616 4 5617 20 5646 11 5642 18 5642 10
5617 3 5618 13 5658 6 5647 1
5618 1 5619 5
5619 2 5620 11 5643 5
5620 1 5621 17
5621 2 5622 15 5639 -4
5622 2 5623 2 5640 2
5623 1 5624 5
5624 3 5625 6 5633 4 5674 -3
5625 2 5626 10 5666 5
5626 2 5627 8 5639 17
5627 4 5628 0 5654 14 5668 20 5659 6
5628 2 5629 12 5629 -2
5629 5 5630 19 5671 8 5663 15 5654 10 5645 16
5630 2 5631 -2 5656 -2
5631 3 5632 -2 5648 17 5669 16
5632 1 5633 11
5633 2 5634 13 5661 -4
5634 4 5635 9 5649 -3 5645 17 5666 16
5635 3 5636 16 5660 1 5668 20
5636 2 5637 0 5639 20
5637 2 5638 7 5680 6
5638 1 5639 6
5639 3 5640 11 5654 15 5646 -3
5640 7 5641 -1 5658 10 5661 2 5668 1 5688 15 5642 6 5650 11
5641 2 5642 13 5676 0
5642 2 5643 1 5685 17
5643 1 5644 3
5644 2 5645 8 5675 18
5645 3 5646 19 5662 14 5681 13
5646 5 5647 1 5666 -1 5669 2 5679 19 5683 -2
5647 1 5648 -2
5648 1 5649 14
5649 5 5650 0 5660 0 5662 7 5650 0 5658 10
5650 2 5651 7 5659 17
5651 1 5652 15
5652 4 5653 8 5666 -1 5667 14 5659 16
5653 3 5654 9 5669 0 5700 6
5654 4 5655 8 5672 -1 5687 15 5694 14
5655 4 5656 -4 5669 19 5699 14 5674 -1
5656 1 5657 18
5657 3 5658 16 5689 16 5681 11
5658 3 5659 -3 5660 7 5687 11
5659 2 5660 2 5672 20
5660 4 5661 -3 5690 -3 5665 7 5674 2
5661 2 5662 8 5697 10
5662 2 5663 16 5683 12
5663 1 5664 2
5664 2 5665 -3 5708 9
5665 4 5666 0 5680 7 5694 4 5681 16
5666 2 5667 20 5696 16
5667 2 5668 -1 5675 11
5668 5 5669 12 5706 1 5692 9 5675 16 5718 -4
5669 2 5670 20 5687 16
5670 2 5671 17 5713 17
5671 5 5672 6 5708 15 5705 -4 5698 16 5717 -1
5672 3 5673 5 5721 0 5694 18
5673 2 5674 20 5689 19
5674 2 5675 13 5715 -2
5675 3 5676 15 5719 20 5679 -4
5676 3 5677 6 5698 5 5710 9
5677 1 5678 20
5678 2 5679 9 5696 7
5679 2 5680 -3 5683 5
5680 1 5681 12
5681 3 5682 19 5730 1 5688 2
5682 3 5683 10 5702 19 5690 10
5683 3 5684 -3 5721 4 5726 1
5684 2 5685 15 5726 13
5685 1 5686 8
5686 4 5687 -1 5709 12 5710 17 5736 10
5687 2 5688 2 5722 2
5688 3 5689 13 5724 2 5703 4
5689 3 5690 10 5705 12 5701 14
5690 3 5691 4 5702 11 5738 -2
5691 4 5692 7 5723 14 5724 6 5700 16
5692 1 5693 15
5693 1 5694 11
5694 1 5695 2
5695 2 5696 9 5715 17
5696 5 5697 19 5708 19 5713 17 5746 -2 5741 9
5697 4 5698 1 5724 13 5716 12 5741 3
5698 1 5699 1
5699 3 5700 -1 5727 -1 5703 7
5700 2 5701 20 5731 15
5701 2 5702 7 5737 12
5702 3 5703 2 5726 16 5713 19
5703 3 5704 4 5721 10 5708 14
5704 1 5705 17
5705 3 5706 9 5706 18 5722 10
5706 2 5707 7 5724 8
5707 2 5708 3 5712 3
5708 3 5709 4 5723 2 5755 -3
5709 4 5710 -3 5759 2 5735 17 5732 3
5710 3 5711 7 5734 20 5725 19
5711 4 5712 -3 5726 14 5742 12 5733 1
5712 2 5713 -1 5747 19
5713 3 5714 -4 5739 6 5743 -3
5714 1 5715 -4
5715 3 5716 0 5764 19 5729 -2
5716 2 5717 -4 5756 19
5717 4 5718 18 5726 9 5755 9 5746 15
5718 5 5719 9 5747 12 5722 3 5736 4 5753 14
5719 4 5720 17 5760 6 5757 -4 5748 0
5720 2 5721 9 5767 4
5721 2 5722 -3 5747 0
5722 2 5723 5 5750 3
5723 3 5724 19 5762 20 5772 13
5724 3 5725 16 5767 -3 5774 5
5725 2 5726 -3 5746 15
5726 2 5727 18 5772 11
5727 3 5728 -3 5756 9 5750 7
5728 2 5729 11 5731 20
5729 3 5730 9 5737 18 5751 -3
5730 4 5731 2 5737 -3 5756 16 5754 14
5731 1 5732 20
5732 3 5733 3 5763 2 5749 20
5733 2 5734 20 5756 16
5734 2 5735 8 5772 -4
5735 1 5736 6
5736 1 5737 7
5737 1 5738 13
5738 2 5739 1 5761 9
5739 3 5740 7 5779 2 5783 2
5740 3 5741 6 5762 20 5755 13
5741 2 5742 17 5764 4
5742 5 5743 -4 5767 14 5786 -3 5773 12 5747 5
5743 2 5744 9 5779 12
5744 1 5745 10
5745 4 5746 -3 5746 14 5756 -1 5783 -2
5746 1 5747 15
5747 4 5748 9 5768 20 5760 4 5758 8
5748 1 5749 0
5749 4 5750 1 5798 10 5756 10 5762 19
5750 5 5751 10 5785 9 5762 8 5776 3 5754 15
5751 4 5752 13 5755 4 5793 16 5791 9
5752 7 5753 10 5783 3 5799 14 5765 0 5786 11 5774 19 5767 13
5753 3 5754 18 5785 -3 5792 5
5754 3 5755 -1 5755 18 5803 4
5755 4 5756 4 5768 17 5788 5 5766 11
5756 2 5757 12 5784 0
5757 1 5758 2
5758 3 5759 13 5800 4 5765 2
5759 3 5760 11 5774 8 5807 17
5760 2 5761 6 5789 7
5761 1 5762 3
5762 2 5763 9 5784 12
5763 2 5764 11 5790 20
5764 4 5765 8 5789 18 5773 4 5793 10
5765 3 5766 16 5794 11 5813 1
5766 3 5767 -2 5767 7 5792 -4
5767 3 5768 17 5787 20 5790 10
5768 4 5769 15 5785 -1 5778 16 5781 10
5769 2 5770 20 5816 12
5770 1 5771 10
5771 4 5772 -2 5805 3 5805 2 5805 17
5772 2 5773 10 5792 8
5773 7 5774 11 5818 16 5807 -2 5810 19 5783 -2 5787 20 5782 20
5774 1 5775 15
5775 4 5776 19 5800 5 5813 18 5795 8
5776 1 5777 15
5777 1 5778 10
5778 4 5779 0 5814 10 5821 10 5817 4
5779 4 5780 15 5792 18 5787 6 5782 0
5780 1 5781 20
5781 2 5782 7 5829 8
5782 3 5783 -1 5789 -2 5814 8
5783 5 5784 13 5825 12 5804 -3 5817 -1 5826 12
5784 3 5785 17 5809 16 5803 8
5785 3 5786 -3 5788 18 5833 15
5786 4 5787 -1 5824 13 5824 -4 5793 20
5787 1 5788 -2
5788 2 5789 6 5837 18
5789 3 5790 5 5793 9 5828 1
5790 2 5791 -1 5820 4
5791 2 5792 18 5800 6
5792 2 5793 11 5838 4
5793 3 5794 1 5800 -4 5808 6
5794 1 5795 20
5795 3 5796 -2 5798 5 5817 12
5796 1 5797 8
5797 3 5798 -2 5827 13 5837 3
5798 3 5799 16 5834 1 5806 20
5799 2 5800 0 5815 7
5800 4 5801 9 5834 13 5838 14 5819 19
5801 3 5802 -2 5806 14 5810 17
5802 2 5803 10 5838 1
5803 1 5804 13
5804 2 5805 9 5847 5
5805 2 5806 2 5844 16
5806 2 5807 11 5817 6
5807 3 5808 10 5833 5 5855 -3
5808 3 5809 19 5856 2 5847 14
5809 4 5810 10 5855 -4 5827 -3 5857 8
5810 3 5811 17 5846 11 5839 5
5811 2 5812 11 5824 6
5812 3 5813 5 5841 13 5825 17
5813 1 5814 3
5814 1 5815 0
5815 6 5816 12 5821 17 5830 1 5832 11 5827 11 5827 17
5816 2 5817 16 5854 15
5817 4 5818 2 5847 2 5838 -2 5842 13
5818 6 5819 12 5820 2 5834 8 5855 6 5865 -4 5852 12
5819 2 5820 7 5840 16
5820 6 5821 13 5831 4 5827 0 5861 8 5825 13 5842 -1
5821 1 5822 6
5822 2 5823 16 5839 6
5823 4 5824 18 5848 19 5834 -2 5841 11
5824 2 5825 18 5839 13
5825 3 5826 -2 5843 8 5840 11
5826 4 5827 8 5868 2 5846 10 5849 17
5827 2 5828 12 5873 14
5828 3 5829 18 5878 18 5863 15
5829 5 5830 19 5843 11 5871 12 5832 0 5850 14
5830 1 5831 -2
5831 2 5832 17 5865 11
5832 3 5833 3 5844 4 5880 7
5833 4 5834 2 5849 4 5838 12 5846 1
5834 2 5835 16 5856 -3
5835 2 5836 -4 5840 20
5836 1 5837 -3
5837 5 5838 1 5879 -2 5863 -1 5844 5 5862 10
5838 4 5839 9 5856 11 5861 11 5870 4
5839 1 5840 5
5840 2 5841 2 5867 2
5841 3 5842 15 5876 15 5884 12
5842 4 5843 18 5863 8 5866 -2 5863 0
5843 3 5844 2 5871 9 5862 17
5844 1 5845 -3
5845 3 5846 -1 5852 9 5868 1
5846 3 5847 13 5847 10 5854 14
5847 4 5848 -3 5889 10 5895 19 5882 0
5848 1 5849 14
5849 5 5850 6 5868 -3 5879 19 5856 -1 5864 18
5850 3 5851 10 5857 17 5884 20
5851 4 5852 4 5857 -1 5862 0 5900 7
5852 2 5853 0 5900 20
5853 4 5854 3 5885 6 5901 15 5902 1
5854 2 5855 3 5880 12
5855 3 5856 10 5880 8 5867 1
5856 4 5857 19 5893 20 5900 15 5860 2
5857 2 5858 8 5897 11
5858 2 5859 -3 5861 6
5859 4 5860 11 5900 8 5863 -4 5899 6
5860 1 5861 8
5861 4 5862 -4 5877 4 5881 12 5891 4
5862 3 5863 18 5886 -4 5904 9
5863 3 5864 15 5901 -3 5876 3
5864 3 5865 11 5874 -1 5879 3
5865 3 5866 16 5904 -3 5875 5
5866 2 5867 16 5891 1
5867 1 5868 10
5868 2 5869 9 5912 14
5869 4 5870 -3 5890 2 5911 12 5878 6
5870 4 5871 18 5902 14 5873 16 5913 6
5871 1 5872 13
5872 2 5873 8 5907 19
5873 2 5874 -2 5885 8
5874 1 5875 20
5875 2 5876 13 5907 1
5876 1 5877 -3
5877 3 5878 8 5879 1 5919 10
5878 2 5879 20 5913 5
5879 3 5880 -2 5908 20 5907 15
5880 4 5881 4 5883 3 5913 10 5892 5
5881 3 5882 12 5910 15 5930 17
5882 2 5883 8 5927 3
5883 2 5884 -4 5884 19
5884 3 5885 -1 5898 0 5895 11
5885 4 5886 14 5895 0 5934 -1 5904 10
5886 1 5887 -2
5887 2 5888 10 5930 -1
5888 1 5889 13
5889 4 5890 14 5933 0 5898 -1 5930 20
5890 5 5891 8 5936 20 5926 5 5932 -2 5894 8
5891 2 5892 8 5905 6
5892 4 5893 14 5902 -4 5938 -3 5900 -2
5893 2 5894 15 5909 1
5894 4 5895 5 5944 15 5926 -2 5907 0
5895 6 5896 2 5909 -4 5934 16 5925 -4 5920 7 5901 7
5896 6 5897 4 5905 7 5931 20 5936 13 5922 -2 5919 16
5897 4 5898 7 5932 2 5922 -3 5908 13
5898 5 5899 17 5911 13 5940 -3 5900 -1 5926 -1
5899 3 5900 8 5916 11 5937 0
5900 4 5901 3 5916 19 5936 11 5950 -4
5901 1 5902 17
5902 6 5903 0 5937 -2 5907 11 5921 -4 5941 5 5948 19
5903 1 5904 14
5904 2 5905 2 5929 0
5905 3 5906 19 5917 -4 5912 14
5906 2 5907 -2 5939 -4
5907 3 5908 3 5953 16 5921 2
5908 3 5909 11 5933 1 5943 3
5909 4 5910 9 5957 3 5926 8 5958 6
5910 2 5911 9 5949 13
5911 4 5912 20 5921 7 5952 8 5960 6
5912 3 5913 -4 5914 17 5954 -3
5913 1 5914 10
5914 3 5915 3 5934 -1 5952 14
5915 2 5916 2 5958 18
5916 1 5917 -3
5917 3 5918 3 5955 4 5957 7
5918 3 5919 8 5957 17 5951 20
5919 2 5920 13 5928 19
5920 4 5921 2 5952 6 5965 -3 5961 4
5921 2 5922 14 5960 2
5922 3 5923 -2 5965 18 5941 9
5923 5 5924 14 5935 16 5965 16 5963 20 5941 4
5924 1 5925 16
5925 2 5926 16 5974 14
5926 4 5927 -3 5961 18 5949 1 5964 14
5927 4 5928 12 5958 12 5943 7 5962 -3
5928 4 5929 13 5930 -1 5961 0 5938 19
5929 6 5930 1 5949 7 5939 -3 5954 5 5935 5 5965 13
5930 4 5931 19 5938 7 5977 9 5956 18
5931 2 5932 -2 5938 13
5932 5 5933 17 5949 5 5957 20 5942 17 5973 16
5933 1 5934 12
5934 4 5935 1 5973 16 5973 14 5977 9
5935 2 5936 13 5955 4
5936 3 5937 19 5973 17 5983 9
5937 2 5938 11 5957 16
5938 4 5939 6 5981 19 5941 1 5975 13
5939 3 5940 12 5945 9 5951 17
5940 2 5941 14 5979 -4
5941 6 5942 13 5986 11 5945 10 5975 7 5970 6 5984 14
5942 3 5943 2 5945 2 5963 19
5943 2 5944 1 5991 11
5944 3 5945 0 5953 4 5970 16
5945 4 5946 8 5991 0 5947 -4 5955 7
5946 4 5947 -4 5987 2 5979 17 5994 14
5947 2 5948 18 5974 10
5948 3 5949 18 5987 -4 5976 4
5949 3 5950 16 5992 12 5961 10
5950 2 5951 17 5977 -2
5951 3 5952 9 5956 5 6001 -1
5952 4 5953 20 5986 12 5982 19 5963 -3
5953 4 5954 3 5963 12 5993 6 5960 8
5954 4 5955 18 5974 5 5985 -2 5974 -1
5955 2 5956 18 6005 7
5956 3 5957 3 5995 18 5984 8
5957 3 5958 -1 5965 -1 5978 -4
5958 4 5959 10 5985 16 5991 12 5980 7
5959 4 5960 -3 5970 3 5998 4 6008 9
5960 5 5961 12 5988 -2 5967 19 5989 20 5991 -3
5961 1 5962 11
5962 4 5963 18 5970 9 5998 4 6002 0
5963 4 5964 4 5975 3 5977 -3 5981 -2
5964 3 5965 12 5978 12 5991 4
5965 3 5966 8 6007 13 6008 -3
5966 4 5967 2 5970 10 5997 12 5974 7
5967 1 5968 4
5968 1 5969 1
5969 2 5970 1 6015 14
5970 3 5971 20 6008 2 6000 7
5971 3 5972 16 6004 10 5994 13
5972 3 5973 12 5977 0 6001 9
5973 3 5974 8 6008 6 5991 8
5974 4 5975 6 5982 19 5985 0 5987 1
5975 3 5976 3 5982 20 5991 -3
5976 3 5977 7 5989 -1 6022 7
5977 3 5978 12 5992 5 5984 17
5978 4 5979 3 6003 10 6016 10 5980 14
5979 1 5980 13
5980 3 5981 13 5986 3 5989 16
5981 3 5982 9 5999 11 6013 12
5982 3 5983 5 6024 8 6006 12
5983 3 5984 -1 6020 6 6006 10
5984 2 5985 19 5990 -2
5985 1 5986 2
5986 2 5987 16 5992 9
5987 3 5988 4 6005 19 6013 -1
5988 2 5989 19 6013 16
5989 2 5990 9 6010 -4
5990 2 5991 6 6011 -3
5991 3 5992 6 6034 -3 6032 4
5992 4 5993 14 5993 18 6009 2 6002 7
5993 2 5994 18 6016 17
5994 4 5995 7 6038 14 6029 16 6015 5
5995 1 5996 -3
5996 5 5997 -3 6024 0 6002 0 6040 10 6024 -3
5997 4 5998 20 6015 6 6019 4 6028 -4
5998 1 5999 4
5999 3 6000 10 6026 7 6022 -2
6000 6 6001 -2 6006 -2 6016 1 6018 1 6012 8 6036 -3
6001 1 6002 20
6002 2 6003 6 6043 16
6003 1 6004 19
6004 1 6005 -3
6005 3 6006 -1 6043 7 6032 3
6006 3 6007 16 6019 -3 6042 5
6007 2 6008 -4 6032 14
6008 4 6009 1 6023 -1 6050 6 6014 4
6009 1 6010 -4
6010 5 6011 6 6022 17 6053 0 6058 6 6027 20
6011 2 6012 -3 6014 3
6012 2 6013 20 6058 6
6013 2 6014 15 6030 15
6014 1 6015 -2
6015 1 6016 19
6016 3 6017 0 6026 20 6026 6
6017 1 6018 8
6018 2 6019 8 6059 8
6019 3 6020 -3 6035 2 6065 4
6020 3 6021 13 6068 3 6023 18
6021 4 6022 -3 6034 6 6044 -4 6058 17
6022 5 6023 -1 6047 13 6032 9 6039 2 6042 6
6023 1 6024 -1
6024 1 6025 10
6025 4 6026 -4 6031 -2 6075 6 6057 3
6026 2 6027 5 6073 15
6027 1 6028 18
6028 1 6029 11
6029 1 6030 5
6030 3 6031 7 6046 10 6041 12
6031 4 6032 4 6036 14 6043 1 6069 9
6032 4 6033 10 6040 12 6081 19 6044 20
6033 4 6034 18 6053 12 6048 8 6055 19
6034 3 6035 13 6053 -4 6082 15
6035 2 6036 9 6048 18
6036 3 6037 9 6081 5 6072 -4
6037 2 6038 9 6071 18
6038 2 6039 8 6084 4
6039 3 6040 14 6089 -1 6076 11
6040 3 6041 12 6078 7 6063 14
6041 4 6042 10 6068 -2 6080 12 6049 -3
6042 3 6043 13 6068 5 6043 -1
6043 3 6044 10 6054 -4 6073 16
6044 4 6045 14 6062 0 6059 14 6081 17
6045 1 6046 6
6046 4 6047 3 6092 14 6049 -4 6076 -1
6047 4 6048 4 6061 1 6086 19 6078 3
6048 2 6049 -1 6051 14
6049 4 6050 12 6089 10 6058 3 6098 15
6050 1 6051 3
6051 3 6052 6 6085 6 6064 2
6052 1 6053 6
6053 7 6054 11 6088 15 6061 -3 6077 14 6076 2 6072 11 6054 10
6054 1 6055 16
6055 2 6056 18 6081 6
6056 4 6057 15 6096 6 6100 8 6102 2
6057 2 6058 20 6071 9
6058 2 6059 0 6096 19
6059 3 6060 16 6085 3 6092 6
6060 2 6061 15 6089 -3
6061 3 6062 19 6098 15 6094 9
6062 4 6063 -1 6085 -3 6085 6 6096 9
6063 3 6064 20 6075 5 6075 2
6064 4 6065 4 6091 17 6069 18 6065 9
6065 3 6066 -1 6092 16 6092 -4
6066 2 6067 7 6090 5
6067 4 6068 -2 6104 -1 6068 7 6083 20
6068 3 6069 4 6105 9 6073 15
6069 4 6070 7 6101 2 6101 16 6100 17
6070 4 6071 20 6080 17 6098 4 6112 -2
6071 4 6072 7 6107 15 6082 6 6093 1
6072 1 6073 20
6073 2 6074 12 6090 11
6074 3 6075 0 6093 -4 6096 15
6075 3 6076 12 6087 20 6113 10
6076 3 6077 3 6091 4 6121 14
6077 4 6078 14 6113 14 6117 16 6102 3
6078 6 6079 19 6094 -2 6088 5 6126 10 6091 15 6126 3
6079 5 6080 4 6111 9 6087 -2 6087 15 6090 20
6080 3 6081 2 6106 12 6107 14
6081 3 6082 0 6107 3 6124 3
6082 4 6083 18 6118 17 6120 -3 6090 -1
6083 2 6084 6 6098 12
6084 1 6085 6
6085 2 6086 9 6096 19
6086 4 6087 19 6094 5 6121 1 6120 14
6087 2 6088 1 6109 1
6088 1 6089 12
6089 3 6090 3 6090 4 6122 20
6090 3 6091 9 6122 -2 6135 7
6091 2 6092 16 6102 5
6092 2 6093 3 6121 17
6093 4 6094 17 6139 13 6102 14 6142 0
6094 3 6095 17 6121 19 6136 3
6095 4 6096 2 6125 3 6144 -2 6129 13
6096 2 6097 14 6114 17
6097 2 6098 11 6115 6
6098 3 6099 1 6140 14 6110 8
6099 5 6100 6 6122 13 6148 2 6146 12 6128 14
6100 1 6101 7
6101 2 6102 10 6119 12
6102 3 6103 4 6128 20 6131 -2
6103 4 6104 17 6148 -3 6136 -2 6106 14
6104 5 6105 -3 6151 0 6116 15 6138 16 6135 15
6105 2 6106 0 6115 14
6106 4 6107 0 6120 17 6125 5 6111 -4
6107 2 6108 1 6143 11
6108 1 6109 -3
6109 1 6110 7
6110 5 6111 14 6128 11 6113 20 6124 8 6124 12
6111 4 6112 9 6134 11 6118 8 6127 12
6112 2 6113 2 6135 18
6113 1 6114 19
6114 4 6115 3 6161 14 6134 6 6162 16
6115 4 6116 2 6139 6 6138 5 6140 -2
6116 1 6117 1
6117 2 6118 4 6132 5
6118 2 6119 8 6125 1
6119 2 6120 15 6147 17
6120 2 6121 -2 6156 10
6121 2 6122 5 6131 6
6122 3 6123 2 6163 -3 6151 19
6123 6 6124 17 6131 5 6161 8 6159 14 6144 -1 6136 0
6124 2 6125 0 6170 15
6125 4 6126 10 6139 14 6162 9 6158 15
6126 2 6127 17 6156 3
6127 1 6128 5
6128 3 6129 2 6154 20 6152 18
6129 1 6130 13
6130 2 6131 9 6141 -1
6131 1 6132 16
6132 3 6133 2 6146 4 6137 20
6133 2 6134 6 6160 14
6134 4 6135 -3 6157 17 6161 -1 6178 -3
6135 1 6136 15
6136 3 6137 11 6162 5 6181 17
6137 2 6138 13 6156 16
6138 2 6139 14 6176 15
6139 2 6140 13 6171 9
6140 2 6141 0 6147 14
6141 3 6142 15 6175 2 6162 15
6142 2 6143 15 6173 -2
6143 3 6144 1 6149 4 6160 13
6144 2 6145 6 6166 11
6145 3 6146 3 6153 17 6156 3
6146 3 6147 19 6172 -3 6191 3
6147 2 6148 8 6148 -1
6148 2 6149 0 6165 2
6149 5 6150 19 6174 14 6181 5 6178 19 6163 5
6150 4 6151 17 6196 0 6191 18 6179 5
6151 2 6152 5 6197 16
6152 4 6153 20 6156 -1 6170 12 6177 7
6153 2 6154 1 6164 17
6154 6 6155 -3 6199 8 6157 -3 6167 14 6183 8 6156 17
6155 2 6156 13 6194 20
6156 2 6157 1 6164 9
6157 3 6158 1 6204 1 6169 17
6158 2 6159 18 6206 7
6159 1 6160 3
6160 4 6161 12 6208 14 6184 -1 6174 10
6161 2 6162 1 6165 16
6162 2 6163 7 6185 13
6163 2 6164 -1 6183 10
6164 1 6165 3
6165 4 6166 0 6214 7 6186 7 6185 -3
6166 4 6167 17 6167 -2 6209 15 6215 6
6167 4 6168 18 6177 16 6170 15 6186 5
6168 1 6169 8
6169 1 6170 20
6170 4 6171 5 6218 -2 6209 11 6208 3
6171 2 6172 -3 6192 17
6172 3 6173 11 6195 20 6219 7
6173 2 6174 14 6222 1
6174 1 6175 13
6175 1 6176 19
6176 1 6177 13
6177 3 6178 1 6227 6 6221 2
6178 2 6179 -1 6183 3
6179 2 6180 11 6206 20
6180 3 6181 5 6230 -2 6216 7
6181 1 6182 8
6182 3 6183 18 6195 6 6226 19
6183 6 6184 5 6195 -2 6189 15 6209 -3 6202 5 6220 8
6184 2 6185 6 6208 14
6185 3 6186 -1 6190 13 6197 16
6186 4 6187 16 6207 18 6234 0 6190 3
6187 3 6188 0 6203 6 6198 -4
6188 3 6189 17 6221 12 6217 13
6189 1 6190 17
6190 3 6191 6 6199 3 6236 0
6191 3 6192 -2 6224 8 6192 9
6192 3 6193 2 6212 5 6200 1
6193 3 6194 19 6236 9 6195 19
6194 3 6195 7 6235 13 6242 1
6195 4 6196 7 6203 16 6236 1 6242 13
6196 2 6197 4 6209 9
6197 1 6198 11
6198 3 6199 -3 6203 15 6248 17
6199 4 6200 11 6223 18 6236 7 6204 -2
6200 3 6201 20 6212 20 6239 8
6201 1 6202 9
6202 3 6203 11 6251 1 6209 5
6203 2 6204 14 6252 17
6204 2 6205 19 6209 -2
6205 2 6206 15 6235 15
6206 3 6207 8 6219 -3 6207 -1
6207 1 6208 0
6208 3 6209 12 6246 6 6237 10
6209 4 6210 -2 6215 18 6244 18 6237 8
6210 2 6211 12 6237 9
6211 2 6212 14 6213 11
6212 1 6213 12
6213 1 6214 14
6214 3 6215 3 6263 14 6216 8
6215 3 6216 15 6229 11 6228 0
6216 3 6217 16 6240 1 6255 18
6217 2 6218 16 6233 7
6218 2 6219 -1 6258 16
6219 5 6220 -3 6227 -2 6231 -4 6220 6 6266 -1
6220 3 6221 13 6254 1 6224 13
6221 2 6222 -2 6244 17
6222 5 6223 6 6264 10 6269 7 6249 2 6254 13
6223 3 6224 -3 6224 20 6248 16
6224 1 6225 12
6225 1 6226 5
6226 5 6227 10 6245 6 6231 18 6268 19 6252 19
6227 1 6228 11
6228 2 6229 15 6241 7
6229 4 6230 18 6252 17 6259 20 6236 19
6230 2 6231 5 6263 13
6231 3 6232 0 6239 3 6256 15
6232 3 6233 7 6282 -3 6254 2
6233 3 6234 -3 6255 3 6274 9
6234 4 6235 3 6257 19 6237 20 6268 12
6235 1 6236 -2
6236 3 6237 8 6244 0 6270 -2
6237 4 6238 7 6244 20 6277 15 6254 10
6238 1 6239 6
6239 3 6240 13 6288 9 6274 4
6240 1 6241 9
6241 3 6242 16 6266 6 6243 9
6242 2 6243 20 6272 20
6243 2 6244 5 6259 8
6244 4 6245 12 6270 20 6274 3 6276 0
6245 1 6246 -2
6246 3 6247 10 6273 20 6249 14
6247 5 6248 17 6279 12 6274 20 6274 20 6279 -2
6248 4 6249 13 6267 -3 6250 16 6289 6
6249 4 6250 20 6282 11 6299 8 6286 -2
6250 1 6251 -2
6251 3 6252 0 6286 20 6273 18
6252 4 6253 5 6296 7 6286 4 6271 10
6253 3 6254 13 6264 5 6287 -1
6254 4 6255 9 6275 9 6279 20 6296 12
6255 3 6256 0 6270 7 6289 4
6256 4 6257 -1 6272 12 6295 12 6282 -1
6257 3 6258 13 6269 2 6296 -1
6258 3 6259 18 6299 6 6290 6
6259 5 6260 11 6286 13 6287 20 6299 15 6291 1
6260 3 6261 8 6286 -2 6310 2
6261 5 6262 10 6276 0 6300 20 6284 19 6271 16
6262 2 6263 -3 6280 5
6263 5 6264 2 6293 -2 6294 -3 6312 7 6281 17
6264 2 6265 0 6295 4
6265 5 6266 13 6268 19 6286 10 6290 11 6285 18
6266 2 6267 3 6286 -2
6267 1 6268 10
6268 4 6269 0 6279 6 6277 -4 6286 6
6269 2 6270 0 6300 1
6270 3 6271 4 6274 10 6287 10
6271 5 6272 12 6296 8 6293 8 6275 1 6276 19
6272 4 6273 -1 6320 17 6286 0 6319 5
6273 6 6274 17 6281 19 6322 19 6307 15 6322 10 6321 4
6274 4 6275 15 6277 9 6316 5 6308 15
6275 3 6276 6 6295 12 6307 -4
6276 2 6277 9 6300 -2
6277 5 6278 20 6320 13 6279 13 6307 3 6285 13
6278 2 6279 18 6309 6
6279 2 6280 17 6294 5
6280 2 6281 10 6304 7
6281 2 6282 20 6330 4
6282 3 6283 19 6287 14 6322 2
6283 2 6284 0 6310 20
6284 3 6285 -4 6292 9 6291 8
6285 4 6286 9 6293 9 6304 8 6303 18
6286 2 6287 -2 6322 11
6287 3 6288 10 6289 0 6300 18
6288 1 6289 10
6289 1 6290 4
6290 4 6291 10 6295 -1 6308 14 6332 20
6291 4 6292 17 6327 11 6331 2 6308 4
6292 2 6293 -4 6305 -3
6293 4 6294 17 6308 8 6320 0 6310 20
6294 1 6295 4
6295 2 6296 12 6305 19
6296 2 6297 -2 6303 0
6297 2 6298 -3 6327 0
6298 2 6299 8 6336 -2
6299 1 6300 9
6300 5 6301 18 6313 7 6316 16 6344 -4 6329 -2
6301 1 6302 14
6302 5 6303 16 6328 6 6340 -4 6336 -3 6316 3
6303 4 6304 -2 6319 -2 6338 4 6307 7
6304 3 6305 9 6343 -1 6344 6
6305 4 6306 3 6354 16 6314 12 6315 14
6306 2 6307 7 6307 9
6307 4 6308 2 6311 7 6320 -3 6328 3
6308 1 6309 -3
6309 3 6310 10 6332 10 6315 10
6310 2 6311 4 6324 6
6311 4 6312 4 6313 15 6325 8 6351 1
6312 2 6313 2 6318 9
6313 3 6314 0 6332 20 6322 -3
6314 5 6315 4 6355 11 6345 10 6347 17 6336 19
6315 1 6316 4
6316 2 6317 13 6321 2
6317 4 6318 7 6366 5 6343 7 6331 11
6318 1 6319 12
6319 2 6320 18 6367 18
6320 4 6321 17 6359 3 6339 5 6348 18
6321 2 6322 19 6332 17
6322 4 6323 19 6339 7 6367 -3 6330 8
6323 3 6324 20 6333 9 6342 17
6324 3 6325 15 6334 3 6351 12
6325 2 6326 1 6361 8
6326 4 6327 5 6354 4 6337 8 6348 -3
6327 5 6328 19 6339 1 6374 2 6349 16 6346 8
6328 1 6329 14
6329 4 6330 -3 6353 13 6338 -2 6337 14
6330 1 6331 8
6331 2 6332 10 6362 2
6332 2 6333 7 6368 19
6333 3 6334 6 6356 0 6334 -1
6334 3 6335 19 6383 -2 6354 -4
6335 2 6336 12 6368 9
6336 1 6337 9
6337 2 6338 -1 6344 16
6338 4 6339 3 6368 16 6375 -4 6345 12
6339 1 6340 1
6340 1 6341 3
6341 4 6342 19 6349 13 6383 2 6371 13
6342 5 6343 15 6370 15 6345 -4 6369 -4 6352 12
6343 2 6344 14 6389 15
6344 1 6345 1
6345 3 6346 5 6386 2 6383 14
6346 1 6347 2
6347 6 6348 20 6360 13 6382 -1 6391 11 6384 11 6356 15
6348 3 6349 17 6358 20 6391 7
6349 2 6350 13 6384 17
6350 2 6351 7 6353 14
6351 4 6352 9 6354 14 6399 12 6386 -3
6352 5 6353 13 6385 -4 6359 16 6359 14 6354 12
6353 5 6354 -4 6377 7 6393 13 6374 18 6384 17
6354 1 6355 17
6355 3 6356 2 6403 5 6379 9
6356 2 6357 13 6393 1
6357 4 6358 6 6406 1 6394 -4 6383 4
6358 4 6359 14 6399 8 6381 10 6362 1
6359 5 6360 2 6367 9 6373 14 6394 10 6388 7
6360 2 6361 2 6373 6
6361 3 6362 13 6381 18 6368 13
6362 4 6363 7 6397 1 6371 -4 6373 -4
6363 3 6364 20 6374 14 6379 5
6364 3 6365 6 6389 12 6399 -3
6365 2 6366 11 6403 10
6366 3 6367 0 6380 18 6387 -3
6367 4 6368 1 6405 14 6386 2 6414 -4
6368 3 6369 7 6389 2 6395 15
6369 4 6370 -4 6402 4 6401 8 6372 18
6370 3 6371 4 6381 3 6375 14
6371 5 6372 9 6378 12 6405 3 6374 14 6419 6
6372 2 6373 9 6415 10
6373 2 6374 19 6407 0
6374 1 6375 8
6375 2 6376 1 6379 3
6376 5 6377 16 6411 13 6414 1 6391 2 6391 1
6377 2 6378 6 6404 17
6378 2 6379 3 6398 1
6379 4 6380 12 6421 7 6409 1 6394 20
6380 1 6381 17
6381 2 6382 -4 6394 16
6382 6 6383 19 6402 1 6387 2 6417 19 6393 18 6388 13
6383 4 6384 -3 6400 19 6394 2 6394 -1
6384 1 6385 11
6385 4 6386 20 6392 5 6404 20 6408 7
6386 1 6387 0
6387 4 6388 1 6395 9 6432 9 6433 7
6388 1 6389 3
6389 4 6390 7 6412 -2 6393 6 6390 -1
6390 2 6391 -3 6410 11
6391 5 6392 3 6414 -4 6421 -4 6423 18 6423 9
6392 5 6393 16 6437 4 6440 -1 6424 0 6431 6
6393 4 6394 0 6415 19 6426 -1 6414 14
6394 3 6395 8 6433 18 6399 16
6395 3 6396 19 6440 -3 6438 19
6396 3 6397 6 6411 7 6433 15
6397 2 6398 -4 6435 -3
6398 2 6399 19 6435 10
6399 1 6400 8
6400 2 6401 18 6401 5
6401 3 6402 11 6451 2 6418 5
6402 2 6403 -3 6452 4
6403 2 6404 12 6405 5
6404 2 6405 16 6438 14
6405 2 6406 7 6413 9
6406 2 6407 0 6450 9
6407 3 6408 8 6428 -2 6442 0
6408 3 6409 -2 6442 3 6423 5
6409 2 6410 8 6446 -4
6410 3 6411 19 6440 12 6445 2
6411 4 6412 18 6427 1 6424 17 6427 0
6412 1 6413 -3
6413 3 6414 10 6429 17 6425 20
6414 2 6415 8 6439 -3
6415 3 6416 -4 6427 11 6419 -1
6416 5 6417 2 6421 14 6450 5 6449 1 6440 8
6417 2 6418 3 6430 10
6418 2 6419 -3 6456 -1
6419 3 6420 14 6447 18 6424 3
6420 2 6421 7 6430 -1
6421 3 6422 -4 6466 -4 6452 7
6422 5 6423 16 6427 1 6425 7 6431 12 6448 13
6423 2 6424 18 6440 9
6424 2 6425 -1 6428 17
6425 2 6426 10 6474 20
6426 3 6427 11 6448 6 6427 7
6427 5 6428 10 6447 -1 6461 8 6440 16 6432 0
6428 1 6429 -4
6429 2 6430 13 6459 17
6430 2 6431 0 6455 9
6431 2 6432 12 6477 8
6432 2 6433 -4 6471 10
6433 2 6434 -3 6450 4
6434 3 6435 5 6442 -2 6455 2
6435 2 6436 9 6456 11
6436 4 6437 20 6473 10 6440 12 6469 -2
6437 4 6438 10 6487 18 6464 -1 6481 8
6438 4 6439 15 6459 5 6456 -2 6453 12
6439 2 6440 3 6461 17
6440 2 6441 12 6455 17
6441 3 6442 -4 6455 6 6453 13
6442 1 6443 9
6443 2 6444 17 6483 -4
6444 3 6445 -4 6453 9 6494 -1
6445 3 6446 15 6451 18 6456 8
6446 5 6447 4 6455 15 6459 14 6460 7 6454 15
6447 3 6448 2 6457 -4 6488 16
6448 3 6449 13 6494 -4 6492 0
6449 4 6450 5 6489 11 6453 15 6485 1
6450 3 6451 3 6497 -4 6459 -1
6451 3 6452 10 6459 4 6463 15
6452 4 6453 13 6474 9 6475 0 6455 6
6453 2 6454 14 6482 15
6454 5 6455 6 6480 4 6484 12 6500 -1 6478 13
6455 2 6456 5 6492 5
6456 3 6457 2 6462 -4 6466 11
6457 4 6458 7 6481 1 6481 17 6483 6
6458 4 6459 20 6483 -4 6482 12 6495 16
6459 3 6460 16 6495 -1 6482 12
6460 2 6461 -2 6481 10
6461 3 6462 20 6506 9 6485 11
6462 2 6463 9 6477 -2
6463 4 6464 19 6512 -1 6493 10 6482 -3
6464 2 6465 -2 6493 -1
6465 2 6466 5 6490 9
6466 4 6467 13 6496 -4 6491 18 6504 19
6467 3 6468 19 6483 8 6480 6
6468 2 6469 11 6507 20
6469 1 6470 7
6470 2 6471 11 6508 -4
6471 4 6472 11 6478 2 6501 5 6489 8
6472 4 6473 9 6477 8 6475 8 6516 0
6473 5 6474 1 6496 -3 6522 19 6511 12 6507 10
6474 3 6475 15 6511 14 6511 17
6475 6 6476 -3 6498 3 6489 12 6500 18 6485 8 6520 9
6476 5 6477 5 6477 18 6518 19 6496 1 6511 20
6477 1 6478 10
6478 3 6479 -3 6503 13 6483 -4
6479 1 6480 4
6480 4 6481 -1 6503 16 6498 4 6503 9
6481 4 6482 7 6523 0 6498 10 6528 19
6482 5 6483 7 6519 14 6493 8 6530 7 6495 4
6483 2 6484 11 6525 12
6484 2 6485 -4 6505 1
6485 3 6486 1 6505 14 6508 -1
6486 4 6487 -3 6487 9 6524 5 6508 1
6487 3 6488 18 6529 7 6494 4
6488 3 6489 19 6506 -1 6493 17
6489 4 6490 16 6512 20 6501 10 6494 0
6490 2 6491 17 6518 16
6491 5 6492 4 6502 1 6496 6 6521 11 6516 20
6492 1 6493 4
6493 6 6494 13 6512 0 6499 1 6525 8 6518 2 6516 -4
6494 3 6495 11 6521 14 6512 9
6495 2 6496 -4 6541 9
6496 4 6497 10 6498 3 6544 15 6542 0
6497 2 6498 19 6535 19
6498 2 6499 10 6516 10
6499 3 6500 3 6541 0 6526 20
6500 4 6501 9 6530 19 6541 -3 6520 13
6501 4 6502 9 6540 20 6517 10 6521 -4
6502 3 6503 -3 6548 3 6508 17
6503 3 6504 -4 6508 5 6518 6
6504 3 6505 7 6537 7 6519 0
6505 4 6506 6 6537 4 6530 -2 6544 6
6506 4 6507 7 6554 -1 6517 17 6526 18
6507 3 6508 15 6541 0 6547 6
6508 4 6509 2 6550 1 6536 18 6551 12
6509 1 6510 12
6510 2 6511 -3 6560 9
6511 2 6512 19 6544 10
6512 3 6513 4 6523 0 6517 5
6513 5 6514 13 6523 14 6563 18 6549 8 6523 1
6514 3 6515 12 6528 10 6515 15
6515 3 6516 16 6565 10 6530 18
6516 2 6517 4 6547 7
6517 4 6518 -4 6537 20 6559 19 6548 6
6518 1 6519 6
6519 1 6520 11
6520 2 6521 18 6553 17
6521 3 6522 6 6555 17 6550 16
6522 2 6523 -1 6551 16
6523 2 6524 0 6563 1
6524 1 6525 4
6525 2 6526 3 6526 8
6526 3 6527 4 6528 15 6540 10
6527 3 6528 13 6543 14 6556 16
6528 1 6529 -1
6529 3 6530 18 6572 19 6565 17
6530 2 6531 -4 6534 9
6531 1 6532 9
6532 2 6533 11 6571 -3
6533 3 6534 -2 6547 13 6572 7
6534 5 6535 17 6535 -3 6561 11 6544 3 6582 17
6535 1 6536 8
6536 2 6537 -1 6561 20
6537 2 6538 20 6574 -4
6538 3 6539 -2 6540 11 6585 -2
6539 1 6540 -2
6540 2 6541 20 6579 7
6541 3 6542 0 6543 -2 6554 7
6542 1 6543 1
6543 1 6544 0
6544 1 6545 11
6545 3 6546 -1 6561 17 6565 13
6546 3 6547 0 6555 8 6576 -3
6547 2 6548 19 6548 18
6548 5 6549 7 6564 19 6568 11 6579 9 6597 3
6549 2 6550 20 6569 10
6550 2 6551 6 6588 -1
6551 3 6552 2 6596 6 6556 15
6552 3 6553 20 6579 4 6592 10
6553 1 6554 11
6554 2 6555 17 6569 4
6555 4 6556 14 6595 19 6594 1 6605 5
6556 3 6557 14 6579 16 6576 19
6557 3 6558 15 6595 4 6558 18
6558 3 6559 17 6570 0 6603 20
6559 2 6560 3 6572 3
6560 2 6561 3 6586 20
6561 3 6562 20 6578 14 6606 15
6562 2 6563 -4 6608 3
6563 2 6564 -2 6583 -4
6564 3 6565 9 6577 -1 6604 -4
6565 4 6566 16 6601 20 6577 19 6585 3
6566 2 6567 10 6597 6
6567 3 6568 0 6602 18 6596 -2
6568 3 6569 9 6573 -4 6589 17
6569 3 6570 0 6576 3 6587 10
6570 4 6571 20 6580 20 6575 -1 6577 12
6571 1 6572 -4
6572 4 6573 15 6582 6 6584 5 6619 15
6573 3 6574 9 6579 -4 6587 12
6574 3 6575 1 6594 13 6613 1
6575 3 6576 -3 6622 7 6587 5
6576 1 6577 14
6577 3 6578 0 6586 12 6602 -2
6578 7 6579 4 6585 14 6608 4 6588 -3 6624 3 6618 2 6581 11
6579 1 6580 1
6580 2 6581 2 6622 5
6581 2 6582 8 6603 -3
6582 2 6583 2 6604 7
6583 4 6584 14 6633 6 6615 1 6595 1
6584 2 6585 2 6590 5
6585 6 6586 12 6631 18 6593 18 6629 13 6609 -1 6614 8
6586 5 6587 16 6616 -1 6625 2 6610 -3 6587 6
6587 3 6588 11 6593 5 6600 18
6588 2 6589 2 6637 -2
6589 3 6590 19 6624 12 6611 2
6590 2 6591 -4 6607 0
6591 2 6592 4 6639 8
6592 6 6593 -1 6613 16 6616 2 6631 15 6597 11 6612 13
6593 1 6594 0
6594 4 6595 11 6609 14 6615 12 6626 7
6595 5 6596 18 6614 1 6638 3 6633 1 6640 1
6596 4 6597 3 6610 20 6630 11 6601 -3
6597 2 6598 4 6635 1
6598 1 6599 8
6599 1 6600 19
6600 3 6601 4 6620 14 6642 7
6601 2 6602 -4 6639 11
6602 3 6603 -4 6619 12 6611 9
6603 2 6604 1 6612 9
6604 3 6605 10 6622 7 6641 4
6605 1 6606 16
6606 2 6607 7 6630 19
6607 1 6608 11
6608 3 6609 20 6646 6 6650 2
6609 2 6610 2 6639 -4
6610 3 6611 1 6612 12 6617 7
6611 5 6612 2 6645 0 6635 6 6651 -4 6614 0
6612 3 6613 9 6654 6 6614 19
6613 4 6614 -3 6662 13 6648 7 6638 7
6614 2 6615 2 6634 10
6615 2 6616 15 6622 2
6616 4 6617 2 6647 18 6621 11 6638 -2
6617 1 6618 -1
6618 2 6619 10 6644 8
6619 3 6620 -2 6651 -2 6632 18
6620 3 6621 5 6624 19 6624 7
6621 4 6622 -3 6671 17 6654 -4 6649 14
6622 5 6623 7 6647 20 6658 3 6634 9 6661 20
6623 3 6624 18 6626 8 6633 10
6624 3 6625 3 6660 -4 6657 5
6625 3 6626 3 6638 11 6634 -3
6626 2 6627 7 6650 0
6627 3 6628 1 6634 4 6676 13
6628 3 6629 12 6663 12 6648 -4
6629 3 6630 2 6671 14 6674 -1
6630 3 6631 16 6661 3 6672 -4
6631 2 6632 9 6669 1
6632 2 6633 11 6675 4
6633 2 6634 13 6638 -2
6634 2 6635 -4 6637 17
6635 1 6636 7
6636 2 6637 11 6639 3
6637 2 6638 10 6681 20
6638 3 6639 0 6660 1 6662 10
6639 3 6640 14 6669 8 6642 9
6640 4 6641 19 6686 -3 6651 4 6673 8
6641 5 6642 -1 6664 -1 6661 5 6656 1 6687 -1
6642 1 6643 15
6643 1 6644 -4
6644 7 6645 10 6678 11 6666 20 6649 7 6665 17 6658 5 6664 10
6645 5 6646 -3 6665 3 6668 15 6677 -1 6664 6
6646 6 6647 -2 6667 -1 6649 3 6694 15 6682 8 6675 -4
6647 2 6648 1 6659 4
6648 3 6649 -2 6658 7 6659 -4
6649 6 6650 10 6666 11 6675 14 6696 15 6692 6 6682 4
6650 2 6651 -1 6687 14
6651 2 6652 13 6673 -1
6652 3 6653 11 6661 3 6675 -4
6653 4 6654 -1 6669 9 6663 14 6666 19
6654 3 6655 15 6684 0 6657 -2
6655 3 6656 4 6697 15 6658 7
6656 2 6657 6 6661 11
6657 3 6658 7 6696 8 6675 -4
6658 3 6659 4 6663 13 6663 13
6659 3 6660 9 6682 -4 6669 6
6660 1 6661 2
6661 1 6662 -4
6662 3 6663 12 6704 3 6694 4
6663 2 6664 14 6681 4
6664 5 6665 4 6675 7 6665 -1 6711 17 6688 17
6665 4 6666 6 6691 8 6668 17 6701 -4
6666 2 6667 4 6713 4
6667 1 6668 -4
6668 2 6669 -4 6714 11
6669 3 6670 14 6708 20 6691 7
6670 3 6671 16 6702 8 6676 -3
6671 1 6672 -4
6672 3 6673 7 6696 8 6679 -3
6673 2 6674 3 6685 8
6674 2 6675 5 6713 12
6675 1 6676 19
6676 5 6677 17 6703 19 6684 2 6687 2 6700 12
6677 2 6678 7 6720 7
6678 3 6679 12 6680 20 6698 6
6679 2 6680 8 6694 3
6680 3 6681 10 6698 5 6719 16
6681 4 6682 1 6720 2 6724 11 6691 13
6682 1 6683 -3
6683 2 6684 3 6712 7
6684 4 6685 13 6693 7 6734 1 6712 6
6685 3 6686 -4 6687 2 6692 20
6686 4 6687 -2 6715 10 6730 3 6721 8
6687 2 6688 17 6699 -4
6688 2 6689 9 6690 11
6689 2 6690 20 6690 3
6690 6 6691 1 6722 19 6722 -1 6715 11 6707 10 6736 -2
6691 2 6692 6 6718 16
6692 3 6693 20 6736 16 6739 17
6693 2 6694 8 6740 5
6694 1 6695 20
6695 3 6696 10 6725 19 6736 -3
6696 3 6697 20 6736 -3 6716 -2
6697 2 6698 10 6706 -2
6698 2 6699 4 6719 13
6699 1 6700 5
6700 2 6701 12 6711 3
6701 2 6702 18 6751 10
6702 4 6703 7 6730 10 6722 1 6708 12
6703 2 6704 11 6725 4
6704 2 6705 5 6748 17
6705 4 6706 -1 6754 -3 6749 1 6747 19
6706 4 6707 2 6713 -4 6725 -3 6722 1
6707 2 6708 2 6714 14
6708 3 6709 19 6738 11 6720 17
6709 3 6710 2 6712 -2 6734 5
6710 3 6711 5 6760 5 6714 12
6711 4 6712 1 6744 17 6759 19 6719 18
6712 3 6713 4 6760 1 6756 1
6713 3 6714 7 6758 -3 6734 -4
6714 1 6715 19
6715 4 6716 20 6746 -3 6745 2 6752 4
6716 1 6717 -1
6717 4 6718 19 6723 14 6739 16 6725 18
6718 6 6719 1 6744 19 6735 2 6757 0 6757 5 6722 0
6719 5 6720 -4 6750 19 6731 9 6732 10 6730 0
6720 5 6721 17 6751 7 6759 11 6767 19 6750 8
6721 1 6722 4
6722 1 6723 1
6723 5 6724 12 6747 5 6724 5 6748 1 6738 18
6724 2 6725 4 6734 18
6725 1 6726 -3
6726 4 6727 20 6742 16 6755 6 6732 9
6727 3 6728 12 6759 -1 6771 2
6728 4 6729 17 6759 17 6741 9 6757 5
6729 2 6730 7 6779 20
6730 4 6731 -1 6745 -2 6733 4 6773 10
6731 2 6732 12 6763 5
6732 3 6733 15 6737 6 6776 -4
6733 3 6734 11 6757 -4 6768 9
6734 2 6735 6 6746 5
6735 2 6736 20 6741 1
6736 4 6737 2 6771 19 6786 13 6748 11
6737 5 6738 20 6771 10 6754 -3 6769 18 6761 10
6738 2 6739 20 6785 13
6739 5 6740 14 6771 2 6773 15 6785 14 6745 -4
6740 3 6741 -1 6763 6 6787 11
6741 1 6742 -4
6742 3 6743 8 6772 -1 6754 2
6743 3 6744 14 6775 9 6784 -3
6744 2 6745 14 6793 -3
6745 2 6746 4 6772 -4
6746 2 6747 6 6774 18
6747 3 6748 18 6781 16 6759 6
6748 2 6749 15 6752 8
6749 6 6750 -2 6757 12 6786 0 6750 14 6770 20 6756 8
6750 2 6751 3 6755 10
6751 2 6752 15 6759 6
6752 2 6753 9 6796 3
6753 2 6754 15 6758 9
6754 3 6755 7 6765 5 6794 2
6755 3 6756 10 6781 20 6781 18
6756 3 6757 1 6769 7 6798 12
6757 2 6758 18 6763 10
6758 2 6759 8 6772 5
6759 4 6760 4 6806 0 6760 18 6782 -2
6760 4 6761 10 6771 7 6808 13 6783 8
6761 3 6762 20 6770 16 6766 1
6762 1 6763 7
6763 3 6764 18 6768 7 6778 13
6764 3 6765 10 6784 2 6788 15
6765 3 6766 18 6774 1 6808 5
6766 4 6767 -2 6801 19 6807 18 6793 -4
6767 1 6768 20
6768 4 6769 -3 6814 16 6815 9 6794 19
6769 2 6770 7 6771 11
6770 3 6771 20 6797 -2 6813 -2
6771 2 6772 12 6772 3
6772 3 6773 13 6802 7 6817 6
6773 6 6774 12 6800 0 6782 -1 6805 19 6780 -1 6789 9
6774 4 6775 7 6803 8 6785 -3 6807 1
6775 5 6776 10 6810 8 6776 2 6806 15 6801 3
6776 2 6777 12 6810 7
6777 2 6778 5 6806 2
6778 2 6779 10 6793 1
6779 3 6780 20 6785 -2 6804 18
6780 3 6781 16 6827 7 6796 11
6781 1 6782 1
6782 4 6783 11 6817 19 6812 18 6824 1
6783 2 6784 -2 6796 13
6784 2 6785 14 6823 4
6785 4 6786 -4 6803 10 6792 4 6805 -4
6786 1 6787 2
6787 4 6788 2 6823 -1 6825 5 6797 7
6788 2 6789 -3 6818 6
6789 3 6790 18 6837 3 6833 13
6790 5 6791 0 6813 2 6814 -4 6801 5 6840 -3
6791 2 6792 16 6834 -3
6792 2 6793 3 6830 11
6793 3 6794 9 6806 5 6808 4
6794 4 6795 14 6807 1 6820 15 6839 19
6795 2 6796 1 6830 11
6796 1 6797 10
6797 2 6798 20 6809 18
6798 2 6799 -4 6838 17
6799 4 6800 4 6810 8 6827 3 6800 14
6800 3 6801 2 6806 3 6826 8
6801 1 6802 16
6802 4 6803 -1 6805 6 6816 16 6817 -1
6803 3 6804 16 6826 14 6829 6
6804 3 6805 8 6820 6 6813 -2
6805 4 6806 3 6827 20 6848 3 6814 -4
6806 4 6807 19 6846 2 6821 16 6834 11
6807 3 6808 12 6836 7 6842 11
6808 1 6809 1
6809 1 6810 -1
6810 2 6811 19 6826 -1
6811 1 6812 -2
6812 1 6813 -2
6813 2 6814 6 6853 17
6814 6 6815 20 6826 9 6859 11 6836 -1 6837 3 6844 13
6815 5 6816 1 6835 -1 6863 7 6818 18 6862 20
6816 1 6817 4
6817 1 6818 17
6818 3 6819 16 6841 1 6844 11
6819 3 6820 6 6843 19 6838 13
6820 1 6821 19
6821 3 6822 1 6862 15 6829 17
6822 5 6823 4 6860 16 6825 12 6867 -4 6833 3
6823 2 6824 20 6866 13
6824 3 6825 7 6830 11 6855 16
6825 4 6826 6 6835 7 6851 18 6841 -2
6826 2 6827 -1 6827 3
6827 3 6828 16 6854 11 6857 18
6828 2 6829 18 6873 9
6829 4 6830 7 6858 15 6838 20 6855 10
6830 1 6831 2
6831 2 6832 5 6851 0
6832 2 6833 0 6882 15
6833 2 6834 11 6860 20
6834 3 6835 9 6877 15 6843 -3
6835 2 6836 15 6868 18
6836 1 6837 11
6837 3 6838 15 6852 14 6847 12
6838 3 6839 12 6852 -4 6860 2
6839 3 6840 17 6858 9 6847 -4
6840 4 6841 6 6889 0 6851 18 6876 2
6841 2 6842 2 6853 1
6842 4 6843 12 6886 5 6892 10 6843 -4
6843 4 6844 -3 6857 19 6849 17 6858 14
6844 6 6845 8 6884 19 6865 10 6859 14 6861 14 6846 0
6845 3 6846 -3 6887 3 6851 6
6846 1 6847 20
6847 6 6848 10 6888 14 6893 18 6885 19 6871 13 6866 12
6848 1 6849 18
6849 2 6850 1 6868 6
6850 5 6851 11 6898 -2 6858 -4 6881 4 6889 3
6851 2 6852 3 6876 14
6852 5 6853 -4 6855 3 6859 19 6877 2 6867 -2
6853 2 6854 20 6855 11
6854 3 6855 17 6878 -4 6886 1
6855 4 6856 -4 6872 9 6868 8 6870 13
6856 2 6857 11 6870 10
6857 2 6858 4 6859 19
6858 3 6859 6 6902 17 6868 -1
6859 4 6860 13 6888 -1 6904 17 6867 9
6860 4 6861 3 6910 16 6874 12 6903 18
6861 5 6862 18 6894 0 6903 6 6868 -2 6863 3
6862 4 6863 -2 6910 18 6874 14 6906 4
6863 2 6864 -4 6866 -2
6864 4 6865 -1 6910 10 6881 15 6876 13
6865 2 6866 14 6896 12
6866 4 6867 9 6880 10 6897 16 6891 3
6867 5 6868 11 6875 20 6879 5 6892 11 6909 -3
6868 3 6869 18 6872 10 6869 9
6869 2 6870 15 6918 20
6870 4 6871 20 6888 12 6891 2 6906 2
6871 4 6872 19 6880 12 6879 -4 6886 9
6872 2 6873 17 6917 16
6873 5 6874 19 6908 17 6922 5 6914 11 6896 7
6874 5 6875 3 6884 -1 6922 4 6900 8 6891 7
6875 2 6876 8 6882 2
6876 5 6877 1 6908 0 6907 -4 6904 9 6878 20
6877 2 6878 8 6896 2
6878 2 6879 -1 6916 -4
6879 3 6880 -4 6891 12 6890 8
6880 4 6881 20 6929 18 6927 4 6903 1
6881 2 6882 1 6931 7
6882 1 6883 -3
6883 3 6884 1 6921 6 6896 15
6884 1 6885 16
6885 2 6886 -1 6902 11
6886 2 6887 20 6924 8
6887 2 6888 3 6894 -1
6888 4 6889 4 6926 19 6923 7 6923 17
6889 6 6890 12 6926 2 6914 2 6891 -2 6932 2 6925 0
6890 2 6891 19 6926 6
6891 1 6892 14
6892 2 6893 -3 6913 11
6893 4 6894 20 6932 10 6910 17 6932 1
6894 3 6895 18 6902 20 6905 11
6895 3 6896 4 6922 3 6912 12
6896 3 6897 -4 6938 4 6909 18
6897 4 6898 19 6930 5 6928 6 6910 4
6898 1 6899 -2
6899 3 6900 -4 6945 9 6941 3
6900 3 6901 12 6949 -1 6936 0
6901 5 6902 15 6907 6 6906 3 6908 5 6922 2
6902 4 6903 -4 6913 -2 6903 13 6908 14
6903 4 6904 13 6915 -3 6930 -2 6941 -1
6904 4 6905 19 6921 -3 6954 -2 6936 -1
6905 3 6906 16 6944 19 6926 8
6906 3 6907 3 6908 7 6930 15
6907 5 6908 20 6929 -4 6935 -2 6910 9 6930 20
6908 3 6909 2 6937 -2 6949 2
6909 2 6910 12 6914 4
6910 5 6911 -2 6926 -2 6946 20 6917 5 6944 -1
6911 4 6912 8 6932 16 6959 16 6928 0
6912 2 6913 5 6935 0
6913 2 6914 -4 6943 -3
6914 3 6915 2 6919 0 6939 16
6915 1 6916 3
6916 2 6917 4 6960 7
6917 2 6918 10 6965 20
6918 4 6919 6 6950 9 6927 4 6930 13
6919 2 6920 4 6935 16
6920 3 6921 14 6966 16 6961 -3
6921 2 6922 15 6962 3
6922 3 6923 -2 6937 20 6944 9
6923 2 6924 1 6967 12
6924 3 6925 11 6948 8 6945 -3
6925 2 6926 1 6956 20
6926 3 6927 6 6967 15 6967 14
6927 3 6928 -2 6964 12 6933 17
6928 4 6929 -2 6962 2 6956 4 6967 20
6929 2 6930 -3 6966 -2
6930 2 6931 12 6949 1
6931 2 6932 4 6951 13
6932 4 6933 6 6963 17 6960 5 6958 7
6933 2 6934 15 6968 18
6934 4 6935 17 6983 -2 6975 9 6970 9
6935 2 6936 1 6978 14
6936 3 6937 0 6972 2 6975 12
6937 3 6938 14 6968 15 6945 15
6938 2 6939 6 6958 16
6939 4 6940 13 6981 16 6944 2 6943 4
6940 2 6941 6 6942 -3
6941 5 6942 -2 6953 6 6966 18 6954 2 6945 11
6942 4 6943 -4 6984 -4 6952 6 6991 -2
6943 3 6944 20 6956 -1 6990 2
6944 1 6945 10
6945 4 6946 20 6946 6 6985 11 6964 0
6946 1 6947 1
6947 2 6948 -4 6991 9
6948 3 6949 1 6988 5 6996 13
6949 4 6950 14 6993 17 6992 -3 6996 20
6950 3 6951 17 6952 0 6965 12
6951 4 6952 -3 6963 2 6955 11 6975 6
6952 3 6953 8 6957 5 6958 3
6953 3 6954 14 6968 -1 7001 11
6954 1 6955 10
6955 1 6956 8
6956 3 6957 1 6976 4 6960 5
6957 7 6958 13 6992 20 6983 -2 6984 9 7002 10 6974 3 6987 14
6958 3 6959 12 6969 17 6981 6
6959 4 6960 19 6998 2 6973 -1 6971 0
6960 2 6961 16 6974 6
6961 2 6962 6 6986 17
6962 3 6963 19 6976 -1 6997 13
6963 2 6964 3 6970 8
6964 4 6965 11 6987 19 7004 11 6973 4
6965 2 6966 5 7004 18
6966 2 6967 9 7011 15
6967 3 6968 6 6987 17 6977 7
6968 2 6969 9 7001 -4
6969 2 6970 -4 6988 4
6970 2 6971 11 7020 11
6971 3 6972 -3 6973 14 6989 -3
6972 1 6973 20
6973 1 6974 15
6974 3 6975 -4 7006 1 6987 17
6975 3 6976 0 6977 -4 6987 -4
6976 4 6977 4 6985 -3 7010 2 7017 9
6977 2 6978 1 6986 3
6978 3 6979 20 6990 17 6980 10
6979 2 6980 18 6997 18
6980 3 6981 3 7005 -3 7003 7
6981 1 6982 15
6982 4 6983 1 7003 4 6988 3 7000 -2
6983 2 6984 9 6990 8
6984 3 6985 -1 7002 18 7030 -4
6985 2 6986 4 6993 14
6986 3 6987 9 7023 7 7030 4
6987 2 6988 0 6997 17
6988 2 6989 7 7008 10
6989 1 6990 -4
6990 4 6991 20 7011 4 6994 9 7031 10
6991 2 6992 18 7035 19
6992 3 6993 15 7013 7 7016 19
6993 5 6994 11 7015 18 7004 15 7025 10 7024 -2
6994 4 6995 13 7044 10 7042 16 7028 12
6995 3 6996 14 7041 14 7030 13
6996 2 6997 -3 7004 16
6997 2 6998 6 7035 8
6998 4 6999 4 7047 5 7032 4 7021 2
6999 4 7000 5 7021 2 7004 6 7021 8
7000 2 7001 12 7001 4
7001 2 7002 18 7006 10
7002 4 7003 3 7038 15 7008 1 7038 7
7003 2 7004 9 7024 11
7004 3 7005 19 7016 6 7038 15
7005 5 7006 -2 7022 3 7012 -4 7055 8 7007 -2
7006 2 7007 10 7022 17
7007 3 7008 20 7013 -3 7009 10
7008 1 7009 18
7009 3 7010 18 7023 16 7058 1
7010 1 7011 14
7011 5 7012 13 7020 12 7041 18 7055 9 7054 -4
7012 4 7013 15 7030 -2 7062 -1 7060 1
7013 1 7014 -3
7014 2 7015 20 7036 18
7015 1 7016 20
7016 4 7017 0 7049 -3 7043 -2 7066 16
7017 3 7018 9 7027 18 7044 20
7018 4 7019 3 7055 5 7036 13 7048 10
7019 3 7020 0 7021 16 7056 -2
7020 3 7021 -2 7028 17 7058 2
7021 3 7022 10 7050 10 7022 10
7022 6 7023 17 7031 11 7052 -1 7058 4 7059 12 7047 11
7023 4 7024 18 7024 19 7024 14 7063 -2
7024 2 7025 9 7054 19
7025 2 7026 7 7050 19
7026 2 7027 3 7047 12
7027 2 7028 12 7040 18
7028 2 7029 -1 7030 -2
7029 2 7030 2 7064 3
7030 1 7031 10
7031 1 7032 4
7032 3 7033 11 7080 8 7046 8
7033 5 7034 4 7064 -4 7065 18 7047 1 7076 4
7034 4 7035 13 7035 4 7047 -4 7065 8
7035 2 7036 9 7077 18
7036 2 7037 19 7075 15
7037 6 7038 17 7040 2 7085 -1 7060 -1 7048 20 7042 -2
7038 2 7039 2 7053 19
7039 1 7040 15
7040 1 7041 -3
7041 1 7042 0
7042 1 7043 16
7043 2 7044 6 7058 -3
7044 1 7045 7
7045 3 7046 4 7047 -4 7074 17
7046 2 7047 14 7095 -4
7047 4 7048 14 7068 10 7050 18 7097 8
7048 2 7049 20 7064 -2
7049 2 7050 17 7078 3
7050 1 7051 4
7051 3 7052 20 7087 14 7080 6
7052 5 7053 -2 7077 4 7068 1 7067 -2 7059 8
7053 3 7054 11 7072 13 7088 0
7054 3 7055 -4 7072 13 7102 14
7055 4 7056 17 7095 18 7102 11 7058 14
7056 1 7057 12
7057 6 7058 15 7095 19 7075 15 7067 3 7067 19 7106 1
7058 5 7059 20 7060 18 7100 7 7077 19 7059 5
7059 2 7060 -2 7067 16
7060 5 7061 0 7075 -1 7088 3 7081 11 7078 4
7061 5 7062 5 7091 1 7108 19 7108 13 7087 19
7062 3 7063 -2 7102 -2 7099 -1
7063 2 7064 5 7079 9
7064 3 7065 0 7090 7 7110 20
7065 2 7066 -3 7099 -1
7066 2 7067 1 7114 -2
7067 5 7068 12 7094 15 7090 2 7087 19 7093 2
7068 1 7069 9
7069 5 7070 8 7098 15 7076 10 7098 9 7096 11
7070 4 7071 -4 7115 16 7075 3 7102 5
7071 4 7072 2 7091 -2 7096 13 7113 14
7072 2 7073 20 7076 10
7073 3 7074 6 7109 17 7084 4
7074 4 7075 20 7088 14 7091 13 7108 14
7075 3 7076 6 7076 2 7078 2
7076 1 7077 11
7077 2 7078 8 7097 12
7078 2 7079 7 7098 2
7079 3 7080 11 7103 14 7123 8
7080 2 7081 17 7118 4
7081 3 7082 0 7129 13 7097 15
7082 3 7083 7 7114 -4 7102 19
7083 2 7084 -1 7088 5
7084 4 7085 1 7125 3 7122 -3 7110 5
7085 1 7086 12
7086 3 7087 9 7113 12 7102 9
7087 3 7088 18 7112 -4 7136 7
7088 5 7089 13 7126 5 7094 15 7132 11 7122 6
7089 4 7090 7 7102 20 7131 -1 7111 3
7090 5 7091 12 7128 7 7110 2 7119 15 7124 2
7091 3 7092 4 7137 10 7112 15
7092 6 7093 2 7126 15 7141 16 7137 6 7112 8 7113 8
7093 3 7094 16 7094 -2 7110 1
7094 2 7095 0 7106 13
7095 3 7096 10 7127 8 7138 13
7096 1 7097 20
7097 2 7098 20 7147 -1
7098 4 7099 -1 7148 10 7136 8 7128 14
7099 2 7100 10 7117 10
7100 6 7101 16 7148 18 7119 -4 7125 20 7109 14 7143 14
7101 2 7102 13 7131 17
7102 3 7103 18 7127 12 7107 12
7103 3 7104 17 7130 10 7114 0
7104 3 7105 5 7136 19 7146 -1
7105 3 7106 4 7130 3 7142 2
7106 2 7107 7 7131 16
7107 2 7108 20 7150 3
7108 4 7109 17 7147 17 7130 -4 7136 12
7109 4 7110 2 7147 9 7154 2 7156 2
7110 4 7111 -4 7157 16 7152 7 7140 7
7111 3 7112 14 7142 0 7127 16
7112 2 7113 13 7139 6
7113 5 7114 17 7134 19 7152 6 7157 20 7146 1
7114 2 7115 -3 7121 4
7115 3 7116 20 7142 -3 7118 18
7116 1 7117 16
7117 3 7118 18 7157 19 7119 4
7118 2 7119 17 7139 12
7119 4 7120 19 7155 14 7155 0 7125 18
7120 2 7121 3 7161 -4
7121 5 7122 14 7141 6 7153 5 7124 19 7139 19
7122 2 7123 3 7163 15
7123 5 7124 -2 7136 5 7161 -4 7171 0 7173 18
7124 1 7125 2
7125 1 7126 13
7126 6 7127 8 7156 1 7129 19 7156 0 7139 0 7139 19
7127 3 7128 10 7161 13 7150 15
7128 3 7129 0 7169 10 7157 8
7129 2 7130 12 7139 7
7130 1 7131 1
7131 4 7132 19 7134 -2 7171 -3 7138 0
7132 1 7133 4
7133 3 7134 16 7162 20 7134 4
7134 5 7135 12 7152 3 7172 3 7138 19 7135 7
7135 4 7136 -4 7136 13 7155 1 7156 14
7136 3 7137 20 7169 5 7174 10
7137 3 7138 19 7142 3 7171 16
7138 4 7139 13 7159 13 7160 4 7167 -4
7139 1 7140 3
7140 2 7141 6 7148 7
7141 5 7142 14 7188 0 7172 0 7189 3 7171 16
7142 3 7143 -2 7167 17 7171 2
7143 1 7144 12
7144 3 7145 16 7176 10 7185 1
7145 4 7146 3 7169 11 7177 6 7155 8
7146 2 7147 20 7188 10
7147 3 7148 7 7180 4 7151 -4
7148 4 7149 4 7192 -1 7157 10 7178 9
7149 2 7150 8 7171 5
7150 3 7151 2 7152 -3 7178 8
7151 4 7152 3 7193 19 7156 -3 7164 0
7152 1 7153 8
7153 2 7154 -4 7171 19
7154 3 7155 -4 7187 4 7175 0
7155 4 7156 7 7193 7 7171 -3 7177 2
7156 2 7157 5 7199 4
7157 1 7158 15
7158 4 7159 19 7205 16 7160 15 7201 12
7159 1 7160 1
7160 2 7161 1 7164 8
7161 3 7162 12 7209 -2 7199 17
7162 4 7163 -3 7180 4 7169 19 7203 14
7163 5 7164 0 7178 2 7199 17 7180 16 7168 -1
7164 6 7165 17 7187 3 7194 7 7175 7 7210 19 7184 -3
7165 6 7166 8 7175 17 7186 12 7200 6 7172 -3 7195 8
7166 1 7167 6
7167 2 7168 8 7192 19
7168 1 7169 4
7169 4 7170 16 7205 6 7217 16 7193 9
7170 3 7171 14 7205 1 7184 13
7171 2 7172 12 7173 9
7172 3 7173 19 7186 2 7190 6
7173 4 7174 18 7201 -1 7209 19 7177 4
7174 4 7175 -3 7211 20 7185 16 7191 -1
7175 2 7176 4 7203 6
7176 1 7177 19
7177 3 7178 9 7207 -1 7214 9
7178 3 7179 15 7188 6 7226 6
7179 1 7180 4
7180 2 7181 13 7186 19
7181 2 7182 17 7188 2
7182 4 7183 13 7228 17 7220 13 7220 19
7183 3 7184 0 7207 17 7187 3
7184 4 7185 15 7233 8 7233 15 7231 14
7185 5 7186 13 7235 8 7235 9 7218 18 7210 17
7186 4 7187 3 7230 1 7204 7 7207 -4
7187 2 7188 20 7231 14
7188 3 7189 18 7231 14 7206 -4
7189 1 7190 5
7190 2 7191 0 7226 -4
7191 1 7192 0
7192 5 7193 1 7202 -3 7215 11 7197 -3 7200 5
7193 1 7194 9
7194 1 7195 0
7195 4 7196 1 7202 1 7199 19 7230 8
7196 2 7197 15 7226 -4
7197 1 7198 19
7198 3 7199 -3 7235 6 7201 5
7199 3 7200 14 7235 2 7221 11
7200 1 7201 10
7201 6 7202 1 7232 -4 7241 18 7215 8 7212 7 7204 11
7202 2 7203 1 7241 4
7203 1 7204 16
7204 4 7205 1 7234 5 7217 15 7218 1
7205 2 7206 0 7241 -1
7206 3 7207 15 7208 16 7215 19
7207 1 7208 11
7208 4 7209 4 7251 -1 7236 3 7226 18
7209 4 7210 2 7220 7 7211 9 7225 2
7210 1 7211 0
7211 3 7212 -1 7253 3 7243 19
7212 2 7213 0 7258 5
7213 1 7214 -2
7214 3 7215 5 7229 12 7259 -4
7215 1 7216 -2
7216 1 7217 19
7217 2 7218 20 7266 0
7218 2 7219 0 7252 18
7219 3 7220 9 7268 18 7240 15
7220 1 7221 10
7221 4 7222 -1 7243 8 7269 7 7266 18
7222 3 7223 -4 7253 -2 7233 3
7223 3 7224 -1 7236 18 7238 18
7224 3 7225 14 7267 11 7268 14
7225 2 7226 -3 7233 20
7226 2 7227 16 7270 18
7227 5 7228 18 7261 20 7255 5 7238 6 7229 1
7228 2 7229 13 7231 0
7229 1 7230 -4
7230 3 7231 7 7235 18 7248 3
7231 3 7232 4 7254 9 7276 3
7232 2 7233 -2 7254 14
7233 3 7234 13 7270 7 7241 0
7234 4 7235 18 7268 -3 7279 3 7243 12
7235 3 7236 5 7279 14 7274 2
7236 6 7237 5 7242 2 7281 20 7265 11 7255 10 7274 9
7237 2 7238 14 7242 -2
7238 2 7239 19 7253 8
7239 5 7240 3 7269 17 7289 6 7270 12 7241 20
7240 2 7241 -4 7282 12
7241 2 7242 20 7262 11
7242 1 7243 -2
7243 2 7244 -4 7273 16
7244 2 7245 16 7254 18
7245 4 7246 7 7291 14 7266 7 7269 10
7246 1 7247 2
7247 8 7248 11 7277 0 7265 2 7258 12 7278 5 7283 16 7251 2 7262 3
7248 7 7249 17 7253 5 7286 -3 7298 13 7276 10 7270 3 7291 20
7249 3 7250 5 7296 3 7274 15
7250 3 7251 6 7274 14 7256 -4
7251 3 7252 8 7287 11 7286 -1
7252 2 7253 16 7274 -2
7253 3 7254 19 7281 7 7287 4
7254 3 7255 18 7276 14 7303 3
7255 5 7256 15 7305 10 7256 13 7301 17 7292 4
7256 4 7257 4 7302 15 7290 -2 7299 -3
7257 2 7258 18 7286 18
7258 3 7259 9 7259 3 7265 5
7259 4 7260 18 7283 16 7290 15 7279 -4
7260 3 7261 5 7297 -1 7300 6
7261 2 7262 17 7296 18
7262 2 7263 10 7294 2
7263 2 7264 -4 7279 4
7264 1 7265 17
7265 2 7266 14 7299 14
7266 5 7267 20 7302 7 7292 18 7283 -2 7303 2
7267 2 7268 10 7284 9
7268 6 7269 -3 7316 3 7313 10 7270 1 7270 10 7282 1
7269 3 7270 10 7288 0 7315 2
7270 1 7271 4
7271 4 7272 8 7302 2 7318 12 7276 -1
7272 6 7273 16 7274 -2 7277 20 7307 9 7307 20 7298 20
7273 4 7274 12 7322 2 7288 0 7314 17
7274 3 7275 14 7319 15 7275 2
7275 2 7276 13 7299 8
7276 2 7277 -4 7286 11
7277 2 7278 20 7282 0
7278 2 7279 5 7320 2
7279 4 7280 14 7302 12 7281 18 7315 20
7280 1 7281 2
7281 3 7282 10 7314 18 7291 8
7282 1 7283 -2
7283 5 7284 11 7325 0 7331 8 7302 12 7299 12
7284 3 7285 15 7301 12 7313 -4
7285 2 7286 14 7294 15
7286 3 7287 12 7315 -1 7325 -3
7287 4 7288 5 7335 11 7317 9 7299 14
7288 2 7289 16 7316 -4
7289 3 7290 1 7332 4 7307 6
7290 3 7291 -3 7303 6 7311 3
7291 1 7292 2
7292 3 7293 11 7300 10 7315 20
7293 6 7294 13 7326 1 7315 -3 7319 15 7298 -1 7327 12
7294 2 7295 18 7328 18
7295 2 7296 1 7308 12
7296 1 7297 19
7297 2 7298 6 7307 10
7298 2 7299 6 7339 6
7299 1 7300 18
7300 1 7301 -1
7301 1 7302 -2
7302 4 7303 10 7326 2 7325 0 7313 -4
7303 3 7304 -3 7307 -1 7322 19
7304 3 7305 19 7313 -4 7342 19
7305 2 7306 7 7317 13
7306 1 7307 4
7307 4 7308 9 7320 0 7312 -1 7323 15
7308 2 7309 12 7314 9
7309 1 7310 4
7310 1 7311 11
7311 2 7312 10 7358 10
7312 3 7313 17 7314 7 7320 12
7313 2 7314 3 7347 11
7314 4 7315 -3 7341 20 7337 19 7325 8
7315 2 7316 18 7357 16
7316 2 7317 6 7346 3
7317 1 7318 4
7318 1 7319 12
7319 4 7320 5 7326 14 7355 5 7357 -1
7320 3 7321 17 7333 16 7348 -4
7321 6 7322 19 7332 16 7370 -2 7353 15 7323 13 7371 3
7322 4 7323 -1 7355 -1 7370 19 7364 17
7323 4 7324 4 7348 11 7344 -3 7373 19
7324 1 7325 7
7325 2 7326 -1 7373 2
7326 2 7327 -2 7365 0
7327 4 7328 20 7358 18 7355 14 7365 8
7328 2 7329 10 7354 -4
7329 3 7330 16 7370 1 7347 8
7330 3 7331 -3 7359 16 7372 6
7331 2 7332 10 7335 18
7332 4 7333 12 7339 13 7360 9 7374 6
7333 2 7334 1 7380 3
7334 3 7335 -4 7338 -2 7376 7
7335 3 7336 16 7377 1 7339 12
7336 3 7337 17 7337 -2 7338 14
7337 2 7338 18 7351 17
7338 4 7339 -4 7366 16 7353 1 7349 1
7339 3 7340 8 7344 3 7388 4
7340 2 7341 8 7362 1
7341 2 7342 11 7367 -1
7342 3 7343 13 7379 10 7361 5
7343 4 7344 8 7352 5 7359 8 7345 19
7344 2 7345 12 7351 16
7345 3 7346 18 7385 6 7383 4
7346 3 7347 20 7361 2 7371 7
7347 3 7348 13 7352 14 7368 -3
7348 3 7349 7 7369 -3 7359 15
7349 4 7350 16 7398 0 7387 -4 7368 10
7350 3 7351 19 7390 8 7367 0
7351 3 7352 -3 7357 2 7398 12
7352 4 7353 16 7376 15 7384 9 7362 -2
7353 5 7354 -3 7369 14 7399 20 7363 12 7366 16
7354 3 7355 16 7375 2 7383 10
7355 3 7356 0 7368 4 7390 20
7356 2 7357 3 7364 6
7357 1 7358 4
7358 6 7359 6 7380 16 7381 9 7382 -2 7380 15 7392 10
7359 2 7360 12 7384 5
7360 5 7361 6 7371 15 7378 19 7406 -2 7379 0
7361 2 7362 5 7409 10
7362 4 7363 14 7401 12 7403 10 7363 2
7363 2 7364 12 7390 20
7364 3 7365 6 7379 12 7399 4
7365 3 7366 20 7380 6 7407 8
7366 5 7367 16 7368 1 7408 5 7413 -1 7406 15
7367 4 7368 -4 7378 14 7371 3 7409 19
7368 2 7369 -3 7397 7
7369 4 7370 5 7391 -4 7389 20 7386 11
7370 2 7371 15 7381 -4
7371 4 7372 1 7412 0 7374 -1 7420 -3
7372 2 7373 4 7400 11
7373 2 7374 15 7387 10
7374 2 7375 2 7403 19
7375 2 7376 0 7403 13
7376 2 7377 -3 7416 -1
7377 3 7378 12 7381 4 7378 4
7378 1 7379 -4
7379 1 7380 10
7380 4 7381 -2 7387 6 7421 -1 7403 11
7381 2 7382 12 7403 -2
7382 3 7383 7 7392 -4 7421 7
7383 1 7384 9
7384 3 7385 8 7433 3 7396 4
7385 1 7386 6
7386 2 7387 15 7419 0
7387 3 7388 11 7400 12 7400 16
7388 2 7389 4 7405 1
7389 4 7390 10 7420 19 7427 0 7425 0
7390 2 7391 8 7393 13
7391 1 7392 0
7392 2 7393 7 7413 15
7393 4 7394 -4 7440 18 7397 -2 7426 -1
7394 3 7395 8 7418 -4 7432 1
7395 2 7396 5 7414 9
7396 2 7397 20 7399 -4
7397 2 7398 2 7405 12
7398 4 7399 -4 7424 18 7436 -4 7441 5
7399 4 7400 -3 7433 14 7432 -2 7412 18
7400 2 7401 0 7426 19
7401 5 7402 4 7405 3 7439 15 7446 7 7421 -3
7402 7 7403 0 7416 7 7411 16 7420 6 7423 10 7417 4 7416 11
7403 5 7404 10 7443 9 7434 0 7437 18 7439 3
7404 1 7405 8
7405 4 7406 10 7440 3 7424 18 7450 -1
7406 2 7407 3 7439 5
7407 6 7408 7 7420 2 7417 15 7443 11 7438 -4 7430 6
7408 3 7409 7 7448 -2 7422 0
7409 3 7410 13 7431 11 7423 2
7410 3 7411 12 7417 7 7419 5
7411 2 7412 7 7438 14
7412 5 7413 10 7445 0 7418 20 7427 7 7453 4
7413 2 7414 9 7422 8
7414 2 7415 -1 7460 19
7415 2 7416 2 7457 3
7416 5 7417 5 7448 -1 7428 -2 7445 16 7419 1
7417 3 7418 3 7454 -4 7447 -3
7418 3 7419 2 7444 9 7445 8
7419 1 7420 9
7420 2 7421 19 7448 11
7421 3 7422 -1 7433 18 7443 3
7422 1 7423 1
7423 4 7424 0 7466 6 7444 -4 7465 10
7424 3 7425 -1 7446 4 7425 -2
7425 3 7426 13 7467 10 7442 0
7426 4 7427 16 7468 -4 7456 1 7437 11
7427 5 7428 18 7465 6 7454 11 7466 17 7445 1
7428 2 7429 5 7446 15
7429 1 7430 1
7430 5 7431 0 7471 -4 7466 10 7452 1 7443 11
7431 2 7432 5 7471 18
7432 2 7433 -4 7435 8
7433 2 7434 -2 7466 19
7434 2 7435 15 7476 -4
7435 1 7436 16
7436 4 7437 5 7459 12 7481 7 7470 14
7437 3 7438 15 7475 6 7462 19
7438 2 7439 19 7467 9
7439 2 7440 -3 7489 9
7440 4 7441 2 7468 20 7476 11 7441 1
7441 1 7442 7
7442 2 7443 -2 7490 13
7443 5 7444 15 7487 17 7483 15 7451 -4 7458 19
7444 2 7445 8 7477 18
7445 4 7446 9 7446 12 7478 -2 7470 13
7446 3 7447 20 7473 17 7460 12
7447 5 7448 19 7462 12 7464 5 7475 -2 7485 6
7448 1 7449 -2
7449 1 7450 18
7450 2 7451 1 7451 -2
7451 2 7452 17 7500 6
7452 2 7453 18 7485 11
7453 2 7454 2 7483 19
7454 1 7455 15
7455 4 7456 -1 7473 14 7461 -2 7493 2
7456 2 7457 -4 7461 13
7457 2 7458 20 7472 11
7458 3 7459 4 7475 6 7468 17
7459 2 7460 15 7506 0
7460 3 7461 0 7507 6 7486 10
7461 5 7462 12 7462 -2 7503 16 7510 5 7472 6
7462 2 7463 5 7509 10
7463 4 7464 20 7507 18 7496 15 7471 5
7464 5 7465 15 7508 -1 7514 19 7509 10 7512 0
7465 4 7466 10 7482 -1 7512 6 7512 -2
7466 2 7467 11 7500 -4
7467 3 7468 -2 7486 6 7486 9
7468 3 7469 6 7487 -2 7469 6
7469 5 7470 -1 7512 -1 7506 5 7476 15 7519 20
7470 3 7471 16 7511 15 7510 1
7471 4 7472 12 7492 4 7519 2 7482 14
7472 2 7473 16 7500 6
7473 2 7474 -4 7492 14
7474 3 7475 17 7508 15 7512 3
7475 4 7476 15 7492 17 7494 17 7525 -1
7476 2 7477 19 7506 17
7477 2 7478 0 7527 5
7478 2 7479 12 7494 10
7479 3 7480 17 7514 18 7501 0
7480 4 7481 8 7519 9 7519 5 7521 8
7481 3 7482 11 7484 6 7488 -1
7482 6 7483 0 7524 6 7485 14 7523 -4 7493 2 7523 -4
7483 1 7484 3
7484 4 7485 9 7497 17 7523 17 7526 13
7485 3 7486 -1 7519 0 7518 19
7486 2 7487 11 7514 14
7487 4 7488 20 7496 13 7519 9 7534 14
7488 4 7489 20 7499 3 7507 4 7506 -3
7489 3 7490 14 7502 19 7505 11
7490 1 7491 7
7491 5 7492 -3 7530 9 7504 18 7515 7 7504 16
7492 5 7493 20 7523 2 7500 12 7532 9 7541 3
7493 4 7494 14 7500 -1 7518 3 7496 -3
7494 1 7495 0
7495 3 7496 17 7500 8 7525 16
7496 1 7497 7
7497 5 7498 0 7532 13 7513 5 7529 -1 7522 13
7498 4 7499 19 7537 15 7517 19 7545 9
7499 1 7500 15
7500 1 7501 -1
7501 2 7502 11 7530 0
7502 3 7503 5 7534 1 7545 17
7503 4 7504 9 7535 5 7504 7 7506 15
7504 3 7505 -3 7534 -4 7553 7
7505 5 7506 12 7520 14 7518 15 7540 10 7523 20
7506 1 7507 -3
7507 3 7508 17 7516 -2 7554 7
7508 5 7509 4 7552 5 7543 6 7549 -1 7548 10
7509 2 7510 -2 7530 5
7510 2 7511 9 7533 5
7511 5 7512 14 7543 7 7539 19 7543 19 7546 13
7512 4 7513 17 7562 20 7528 8 7556 4
7513 3 7514 18 7551 4 7563 0
7514 2 7515 3 7532 19
7515 5 7516 -4 7539 18 7544 10 7539 13 7533 12
7516 4 7517 9 7519 -4 7560 10 7524 5
7517 1 7518 12
7518 3 7519 10 7521 3 7519 3
7519 1 7520 14
7520 1 7521 18
7521 1 7522 7
7522 4 7523 3 7533 10 7526 15 7565 6
7523 2 7524 2 7567 10
7524 2 7525 17 7559 -2
7525 3 7526 18 7527 7 7540 2
7526 2 7527 -2 7550 12
7527 3 7528 4 7567 16 7544 7
7528 3 7529 18 7535 0 7558 2
7529 3 7530 15 7552 2 7563 -4
7530 5 7531 -4 7572 3 7535 12 7549 15 7556 20
7531 4 7532 3 7544 -3 7571 14 7578 16
7532 3 7533 16 7553 0 7569 3
7533 3 7534 2 7566 5 7570 12
7534 3 7535 2 7540 10 7559 9
7535 2 7536 6 7559 -2
7536 3 7537 14 7582 2 7537 2
7537 1 7538 12
7538 2 7539 2 7551 -1
7539 6 7540 -2 7549 5 7577 4 7578 17 7550 -3 7551 3
7540 4 7541 0 7550 4 7561 17 7582 10
7541 3 7542 10 7582 -3 7591 -2
7542 4 7543 18 7568 -4 7565 2 7562 19
7543 1 7544 0
7544 1 7545 17
7545 2 7546 15 7576 7
7546 2 7547 15 7591 16
7547 3 7548 13 7583 18 7548 16
7548 1 7549 5
7549 2 7550 1 7578 4
7550 3 7551 18 7580 1 7594 16
7551 4 7552 18 7559 -3 7564 20 7573 3
7552 1 7553 18
7553 4 7554 12 7600 0 7584 -3 7566 2
7554 2 7555 2 7566 -2
7555 2 7556 13 7568 9
7556 2 7557 13 7579 -4
7557 1 7558 13
7558 4 7559 -4 7581 -2 7595 9 7605 -4
7559 4 7560 11 7598 8 7594 8 7594 20
7560 1 7561 5
7561 3 7562 7 7597 2 7590 14
7562 3 7563 3 7583 9 7564 17
7563 4 7564 14 7607 14 7591 17 7596 6
7564 4 7565 -2 7567 5 7582 -4 7593 1
7565 1 7566 19
7566 3 7567 5 7569 14 7603 9
7567 4 7568 -4 7598 18 7576 15 7609 13
7568 2 7569 0 7604 7
7569 4 7570 -3 7608 -1 7579 19 7607 10
7570 1 7571 3
7571 2 7572 16 7616 7
7572 2 7573 13 7606 19
7573 3 7574 13 7588 10 7579 3
7574 4 7575 16 7606 7 7614 9 7588 8
7575 4 7576 4 7580 3 7598 18 7611 1
7576 2 7577 19 7591 -3
7577 4 7578 18 7578 19 7594 -4 7580 13
7578 4 7579 10 7611 8 7609 20 7598 -1
7579 3 7580 4 7594 13 7613 18
7580 4 7581 7 7624 16 7591 5 7630 20
7581 2 7582 18 7627 9
7582 4 7583 -3 7624 10 7589 10 7620 6
7583 3 7584 8 7598 6 7616 7
7584 2 7585 0 7602 0
7585 1 7586 4
7586 1 7587 0
7587 1 7588 5
7588 3 7589 0 7611 10 7622 9
7589 3 7590 2 7590 -2 7596 0
7590 3 7591 19 7610 9 7595 1
7591 2 7592 17 7602 12
7592 3 7593 4 7599 19 7626 7
7593 2 7594 15 7638 0
7594 2 7595 11 7641 4
7595 2 7596 5 7599 6
7596 3 7597 5 7604 7 7616 18
7597 3 7598 2 7643 5 7607 17
7598 1 7599 -3
7599 2 7600 14 7628 8
7600 2 7601 13 7609 -2
7601 2 7602 5 7611 12
7602 3 7603 1 7625 -1 7638 19
7603 1 7604 20
7604 2 7605 4 7616 5
7605 2 7606 20 7635 17
7606 4 7607 15 7632 0 7613 19 7618 16
7607 4 7608 15 7637 11 7631 -1 7651 4
7608 2 7609 16 7649 10
7609 1 7610 2
7610 4 7611 16 7618 0 7616 7 7657 2
7611 2 7612 9 7646 8
7612 4 7613 14 7613 -2 7648 13 7634 -3
7613 2 7614 7 7617 6
7614 3 7615 11 7632 16 7646 11
7615 3 7616 0 7643 18 7665 14
7616 3 7617 6 7639 0 7645 6
7617 3 7618 17 7639 -2 7629 19
7618 2 7619 8 7654 -1
7619 4 7620 1 7628 11 7624 12 7662 13
7620 1 7621 14
7621 5 7622 15 7645 1 7624 17 7651 5 7652 11
7622 1 7623 17
7623 4 7624 4 7637 11 7659 5 7665 0
7624 4 7625 0 7629 0 7661 4 7657 3
7625 4 7626 7 7626 6 7669 0 7639 0
7626 2 7627 6 7663 0
7627 5 7628 18 7666 14 7635 9 7636 -2 7647 -2
7628 3 7629 5 7651 17 7646 -2
7629 4 7630 -3 7649 12 7660 2 7670 7
7630 1 7631 6
7631 5 7632 10 7651 9 7670 -1 7672 17 7674 19
7632 1 7633 14
7633 1 7634 14
7634 3 7635 15 7659 16 7677 9
7635 2 7636 18 7636 18
7636 2 7637 18 7669 12
7637 3 7638 15 7671 19 7678 4
7638 4 7639 11 7688 8 7662 2 7683 19
7639 3 7640 19 7666 19 7681 -3
7640 3 7641 7 7653 8 7652 6
7641 3 7642 15 7650 8 7651 0
7642 2 7643 7 7674 19
7643 2 7644 -4 7682 11
7644 2 7645 2 7663 -1
7645 3 7646 1 7684 2 7653 -1
7646 3 7647 2 7649 4 7685 10
7647 2 7648 11 7694 19
7648 2 7649 -4 7668 14
7649 4 7650 18 7683 11 7687 10 7690 11
7650 3 7651 3 7687 16 7681 18
7651 4 7652 1 7677 8 7697 4 7687 6
7652 3 7653 13 7665 16 7693 0
7653 1 7654 -1
7654 3 7655 9 7671 17 7663 18
7655 2 7656 15 7691 19
7656 4 7657 20 7682 9 7675 -3 7685 14
7657 3 7658 20 7705 15 7683 6
7658 3 7659 7 7702 1 7678 4
7659 3 7660 15 7708 3 7664 10
7660 3 7661 18 7686 18 7669 19
7661 2 7662 6 7677 17
7662 5 7663 12 7686 17 7673 1 7671 1 7703 8
7663 2 7664 6 7698 19
7664 2 7665 14 7687 -2
7665 3 7666 11 7683 1 7690 11
7666 4 7667 11 7669 8 7706 5 7714 -3
7667 1 7668 16
7668 3 7669 -2 7705 20 7677 14
7669 1 7670 9
7670 2 7671 -4 7720 0
7671 3 7672 3 7692 9 7700 12
7672 3 7673 18 7684 9 7677 -1
7673 1 7674 19
7674 4 7675 7 7698 14 7704 8 7695 7
7675 5 7676 17 7715 11 7679 15 7718 19 7680 6
7676 1 7677 20
7677 5 7678 4 7682 3 7682 12 7727 13 7693 -4
7678 4 7679 14 7699 14 7691 20 7713 4
7679 3 7680 4 7690 -1 7723 -4
7680 2 7681 18 7685 6
7681 3 7682 14 7701 15 7728 8
7682 3 7683 6 7710 5 7688 11
7683 4 7684 -1 7688 4 7700 18 7703 6
7684 2 7685 13 7726 16
7685 3 7686 12 7704 5 7719 -1
7686 1 7687 16
7687 2 7688 1 7718 13
7688 2 7689 15 7693 2
7689 2 7690 2 7697 5
7690 2 7691 12 7696 19
7691 2 7692 9 7704 -2
7692 4 7693 8 7710 8 7736 0 7735 2
7693 2 7694 9 7713 15
7694 2 7695 9 7719 5
7695 3 7696 17 7737 0 7720 9
7696 3 7697 20 7719 15 7743 1
7697 3 7698 -1 7709 14 7731 9
7698 3 7699 6 7701 19 7706 3
7699 5 7700 1 7743 14 7714 1 7708 14 7726 14
7700 5 7701 13 7750 -2 7732 20 7718 18 7743 13
7701 2 7702 19 7746 16
7702 2 7703 17 7707 2
7703 3 7704 18 7706 -3 7707 2
7704 5 7705 5 7711 16 7707 11 7741 -1 7722 9
7705 3 7706 19 7706 15 7751 12
7706 2 7707 13 7740 20
7707 2 7708 11 7736 15
7708 3 7709 4 7744 9 7718 8
7709 1 7710 1
7710 2 7711 4 7724 7
7711 4 7712 10 7719 18 7712 2 7715 6
7712 5 7713 -2 7742 1 7740 -2 7723 4 7727 6
7713 2 7714 20 7756 15
7714 4 7715 6 7736 11 7758 15 7736 4
7715 2 7716 3 7754 -1
7716 4 7717 11 7728 7 7738 13 7739 -1
7717 2 7718 4 7737 -4
7718 8 7719 19 7741 6 7766 -2 7740 1 7733 14 7739 20 7719 14 7742 2
7719 3 7720 6 7761 2 7760 16
7720 5 7721 1 7750 19 7726 4 7722 17 7740 17
7721 2 7722 13 7769 7
7722 3 7723 -2 7762 8 7746 20
7723 4 7724 15 7766 17 7724 19 7737 10
7724 1 7725 16
7725 2 7726 13 7766 12
7726 1 7727 0
7727 1 7728 -3
7728 1 7729 20
7729 2 7730 13 7758 15
7730 6 7731 -4 7759 12 7765 -1 7761 18 7761 2 7741 5
7731 6 7732 2 7779 20 7778 13 7745 14 7765 7 7755 0
7732 4 7733 2 7760 -4 7772 11 7769 15
7733 4 7734 2 7737 17 7768 -2 7747 17
7734 4 7735 -4 7766 8 7760 -3 7749 2
7735 3 7736 -3 7774 19 7769 -2
7736 2 7737 13 7775 9
7737 6 7738 11 7738 -3 7754 -1 7773 6 7747 -1 7787 11
7738 2 7739 8 7779 -3
7739 4 7740 8 7770 11 7767 5 7764 -4
7740 3 7741 2 7774 7 7756 12
7741 2 7742 4 7756 20
7742 2 7743 -1 7756 -3
7743 2 7744 10 7767 4
7744 2 7745 -2 7751 14
7745 3 7746 -2 7751 -3 7761 15
7746 3 7747 6 7778 4 7759 3
7747 4 7748 12 7753 2 7791 9 7767 1
7748 2 7749 13 7752 -4
7749 3 7750 13 7762 -4 7753 5
7750 3 7751 9 7780 20 7775 7
7751 4 7752 13 7780 16 7772 0 7752 4
7752 3 7753 1 7778 3 7789 3
7753 2 7754 18 7800 7
7754 4 7755 4 7789 1 7802 3 7759 14
7755 4 7756 0 7762 10 7805 0 7761 14
7756 3 7757 9 7801 1 7775 17
7757 3 7758 -4 7799 8 7761 8
7758 4 7759 0 7771 14 7791 2 7799 -4
7759 2 7760 0 7767 4
7760 3 7761 1 7761 15 7777 13
7761 4 7762 3 7765 15 7807 14 7798 3
7762 2 7763 13 7785 -1
7763 3 7764 20 7781 7 7797 8
7764 1 7765 -2
7765 3 7766 -4 7774 6 7793 7
7766 2 7767 10 7800 -4
7767 3 7768 5 7801 19 7796 2
7768 4 7769 4 7791 14 7794 10 7771 1
7769 1 7770 -4
7770 3 7771 18 7809 8 7802 10
7771 3 7772 15 7799 15 7783 6
7772 3 7773 18 7779 13 7800 10
7773 2 7774 0 7817 13
7774 3 7775 20 7799 16 7786 11
7775 1 7776 20
7776 1 7777 8
7777 2 7778 11 7796 16
7778 6 7779 2 7786 14 7798 9 7796 14 7804 -3 7814 17
7779 3 7780 5 7810 0 7793 20
7780 5 7781 -2 7797 16 7781 6 7829 -1 7793 19
7781 1 7782 1
7782 2 7783 14 7790 -3
7783 2 7784 12 7807 -3
7784 3 7785 20 7795 -4 7789 -1
7785 2 7786 5 7818 8
7786 3 7787 19 7807 -4 7833 16
7787 1 7788 8
7788 2 7789 12 7808 7
7789 4 7790 0 7818 2 7819 19 7805 19
7790 7 7791 12 7798 -2 7823 5 7832 -4 7795 5 7813 7 7791 2
7791 3 7792 5 7825 10 7812 3
7792 3 7793 -3 7808 13 7818 3
7793 5 7794 17 7830 1 7816 2 7800 -2 7820 13
7794 3 7795 18 7814 0 7836 18
7795 5 7796 0 7817 1 7843 -1 7841 -3 7829 2
7796 4 7797 14 7816 11 7829 15 7806 18
7797 3 7798 2 7811 -2 7835 14
7798 2 7799 14 7835 10
7799 2 7800 18 7802 18
7800 3 7801 18 7828 -3 7850 11
7801 3 7802 1 7824 13 7817 5
7802 5 7803 6 7843 15 7849 13 7820 19 7851 7
7803 3 7804 20 7818 3 7811 15
7804 2 7805 3 7826 4
7805 2 7806 11 7843 17
7806 1 7807 15
7807 4 7808 -4 7810 6 7812 18 7852 1
7808 2 7809 6 7825 2
7809 3 7810 12 7857 -3 7845 2
7810 4 7811 2 7836 17 7840 2 7854 12
7811 2 7812 16 7818 0
7812 4 7813 20 7823 11 7862 13 7832 7
7813 2 7814 -3 7822 -1
7814 1 7815 7
7815 2 7816 1 7816 10
7816 3 7817 15 7858 15 7830 5
7817 1 7818 12
7818 2 7819 -3 7857 1
7819 1 7820 7
7820 2 7821 9 7830 -4
7821 3 7822 2 7834 17 7848 6
7822 2 7823 -1 7856 1
7823 3 7824 13 7860 10 7850 2
7824 1 7825 -4
7825 3 7826 15 7840 18 7852 5
7826 4 7827 1 7843 12 7868 5 7846 8
7827 4 7828 18 7829 16 7863 3 7830 2
7828 3 7829 8 7833 -3 7847 -4
7829 2 7830 20 7844 9
7830 4 7831 8 7848 -4 7847 -3 7835 3
7831 5 7832 16 7835 4 7850 3 7858 1 7866 17
7832 2 7833 19 7878 18
7833 1 7834 8
7834 6 7835 14 7843 8 7855 -3 7872 15 7876 16 7881 20
7835 2 7836 13 7846 12
7836 4 7837 10 7880 20 7850 17 7886 20
7837 4 7838 19 7872 6 7857 -3 7887 0
7838 3 7839 15 7874 6 7872 2
7839 2 7840 12 7866 9
7840 1 7841 13
7841 3 7842 13 7865 -2 7884 4
7842 4 7843 0 7853 -2 7860 3 7867 0
7843 2 7844 -4 7876 -2
7844 4 7845 13 7890 16 7847 14 7883 15
7845 3 7846 5 7859 -2 7864 7
7846 3 7847 7 7890 16 7877 19
7847 2 7848 18 7863 12
7848 4 7849 -3 7855 9 7856 -3 7885 15
7849 4 7850 10 7851 13 7897 17 7893 9
7850 2 7851 18 7885 6
7851 2 7852 13 7854 -1
7852 5 7853 0 7875 11 7898 16 7895 -1 7902 4
7853 3 7854 4 7863 10 7871 20
7854 3 7855 19 7892 -1 7871 10
7855 7 7856 15 7875 9 7857 16 7899 14 7860 -3 7867 4 7885 1
7856 4 7857 11 7897 15 7864 20 7875 1
7857 1 7858 14
7858 5 7859 3 7896 14 7870 6 7886 18 7906 13
7859 2 7860 13 7888 -3
7860 3 7861 -4 7888 0 7878 9
7861 4 7862 15 7881 20 7863 14 7902 5
7862 2 7863 9 7910 5
7863 4 7864 1 7868 16 7899 16 7881 8
7864 5 7865 14 7908 4 7895 6 7891 15 7907 8
7865 3 7866 8 7906 6 7889 -2
7866 1 7867 13
7867 4 7868 19 7868 0 7885 20 7871 1
7868 2 7869 -3 7869 9
7869 4 7870 10 7913 0 7906 12 7874 2
7870 5 7871 -4 7878 11 7902 17 7906 9 7890 -3
7871 1 7872 11
7872 4 7873 11 7898 5 7907 1 7904 3
7873 4 7874 2 7898 19 7898 7 7876 7
7874 3 7875 12 7876 19 7889 -1
7875 4 7876 1 7905 -2 7925 -2 7905 14
7876 1 7877 6
7877 3 7878 14 7900 11 7884 0
7878 3 7879 7 7917 2 7883 13
7879 3 7880 8 7894 7 7921 10
7880 2 7881 9 7905 8
7881 3 7882 18 7885 2 7891 4
7882 5 7883 16 7897 -1 7931 19 7901 13 7905 -3
7883 5 7884 0 7911 19 7891 2 7919 2 7922 3
7884 2 7885 -3 7924 6
7885 3 7886 -1 7917 1 7932 12
7886 3 7887 0 7908 8 7912 15
7887 1 7888 19
7888 3 7889 19 7897 8 7926 20
7889 2 7890 15 7930 2
7890 2 7891 1 7922 0
7891 2 7892 19 7925 0
7892 1 7893 10
7893 3 7894 4 7914 11 7914 3
7894 6 7895 18 7926 19 7917 19 7925 0 7918 5 7920 11
7895 2 7896 3 7906 20
7896 4 7897 6 7944 9 7912 -1 7922 15
7897 7 7898 -1 7928 10 7912 19 7905 -3 7939 17 7908 3 7920 15
7898 5 7899 6 7923 12 7922 12 7942 17 7920 12
7899 5 7900 10 7922 7 7942 10 7919 3 7918 2
7900 3 7901 13 7924 5 7909 17
7901 3 7902 0 7950 18 7947 20
7902 3 7903 11 7919 14 7949 12
7903 3 7904 0 7933 18 7940 13
7904 1 7905 13
7905 2 7906 7 7933 8
7906 1 7907 12
7907 3 7908 -4 7928 1 7927 4
7908 4 7909 5 7949 16 7913 -2 7953 15
7909 4 7910 12 7948 18 7945 -2 7913 2
7910 4 7911 17 7944 13 7925 0 7913 19
7911 3 7912 8 7947 5 7930 6
7912 3 7913 4 7939 16 7956 7
7913 3 7914 13 7933 7 7927 6
7914 3 7915 11 7945 7 7947 -2
7915 2 7916 -2 7925 8
7916 2 7917 17 7944 4
7917 4 7918 8 7931 5 7957 5 7918 -3
7918 4 7919 -2 7928 8 7967 -2 7963 9
7919 2 7920 1 7926 3
7920 3 7921 -1 7943 9 7942 -3
7921 4 7922 2 7955 12 7937 -2 7935 15
7922 1 7923 12
7923 4 7924 15 7948 3 7925 11 7929 18
7924 2 7925 -3 7953 0
7925 2 7926 20 7960 2
7926 4 7927 6 7950 5 7959 14 7961 -4
7927 2 7928 2 7968 16
7928 2 7929 5 7957 18
7929 2 7930 4 7965 -4
7930 1 7931 15
7931 1 7932 2
7932 4 7933 8 7937 10 7951 15 7957 20
7933 3 7934 -4 7965 14 7955 3
7934 4 7935 4 7942 -1 7967 14 7972 9
7935 2 7936 0 7965 10
7936 4 7937 7 7964 3 7960 6 7956 2
7937 3 7938 17 7955 15 7957 0
7938 3 7939 3 7979 17 7988 1
7939 3 7940 19 7979 13 7962 6
7940 3 7941 10 7967 14 7984 3
7941 2 7942 -4 7985 6
7942 2 7943 6 7972 6
7943 3 7944 -3 7986 -3 7964 8
7944 3 7945 -1 7950 2 7973 -4
7945 2 7946 20 7986 6
7946 2 7947 9 7951 -4
7947 3 7948 -3 7979 5 7993 5
7948 5 7949 18 7960 -2 7954 14 7959 10 7953 -1
7949 2 7950 1 7969 4
7950 3 7951 -4 7972 6 7972 19
7951 1 7952 -2
7952 4 7953 1 7963 3 7995 -2 7980 5
7953 1 7954 10
7954 5 7955 18 7991 3 7989 1 7975 9 7970 0
7955 3 7956 14 7956 0 7983 11
7956 3 7957 13 7963 3 7970 11
7957 3 7958 10 7992 13 7999 3
7958 4 7959 0 7993 8 7989 14 7981 -3
7959 1 7960 3
7960 2 7961 -1 7997 11
7961 2 7962 1 7971 20
7962 2 7963 16 7983 -3
7963 7 7964 6 8012 5 7974 2 7976 13 8005 20 7992 17 7979 6
7964 3 7965 8 8000 6 7997 -1
7965 3 7966 5 7981 13 7989 4
7966 2 7967 8 7970 -1
7967 2 7968 11 7968 13
7968 3 7969 10 7999 -4 8014 4
7969 1 7970 -2
7970 4 7971 3 8015 8 8000 -3 8015 19
7971 3 7972 0 7975 13 8001 7
7972 3 7973 19 7976 9 7980 18
7973 4 7974 6 8018 19 7977 16 8006 9
7974 1 7975 2
7975 1 7976 -2
7976 2 7977 8 8002 2
7977 2 7978 -3 8001 3
7978 4 7979 6 8016 15 7994 3 8016 20
7979 4 7980 -1 7982 13 7982 18 7983 14
7980 3 7981 6 8021 7 8029 17
7981 5 7982 -3 8015 3 8010 7 8018 11 8018 2
7982 2 7983 1 8013 10
7983 3 7984 15 8010 11 8002 5
7984 3 7985 18 8005 1 8009 -2
7985 2 7986 10 7996 2
7986 2 7987 9 8029 -2
7987 2 7988 5 7991 20
7988 6 7989 12 8012 2 8038 13 8029 9 8026 18 8036 14
7989 3 7990 10 8005 13 8006 8
7990 3 7991 8 8008 9 8032 4
7991 3 7992 1 8036 -4 8013 19
7992 3 7993 12 8036 8 8019 14
7993 1 7994 9
7994 2 7995 0 8024 -3
7995 2 7996 0 8010 19
7996 3 7997 16 8010 1 8022 9
7997 2 7998 16 8003 -4
7998 1 7999 -2
7999 1 8000 11
8000 5 8001 20 8029 14 8028 -4 8001 13 8004 18
8001 3 8002 20 8030 20 8051 0
8002 2 8003 13 8044 3
8003 5 8004 0 8020 14 8006 16 8016 14 8025 2
8004 3 8005 -4 8016 1 8018 16
8005 2 8006 -1 8028 -1
8006 3 8007 7 8018 7 8019 18
8007 3 8008 4 8049 5 8050 11
8008 4 8009 8 8051 11 8024 8 8050 14
8009 2 8010 9 8049 -2
8010 1 8011 20
8011 1 8012 15
8012 4 8013 -1 8047 7 8060 13 8054 11
8013 4 8014 11 8031 3 8022 -3 8051 -2
8014 3 8015 1 8038 14 8051 19
8015 2 8016 14 8028 10
8016 3 8017 8 8038 0 8053 10
8017 1 8018 17
8018 1 8019 18
8019 4 8020 4 8068 17 8032 8 8065 15
8020 3 8021 10 8039 17 8025 16
8021 3 8022 2 8036 13 8043 15
8022 3 8023 12 8038 17 8068 8
8023 3 8024 20 8050 1 8038 6
8024 2 8025 4 8027 6
8025 1 8026 16
8026 5 8027 19 8040 -3 8041 8 8049 -4 8032 10
8027 4 8028 -4 8055 18 8053 8 8053 3
8028 1 8029 4
8029 1 8030 6
8030 2 8031 12 8043 20
8031 2 8032 3 8065 9
8032 1 8033 9
8033 3 8034 5 8066 8 8082 11
8034 5 8035 2 8062 -1 8079 12 8044 10 8065 10
8035 4 8036 20 8045 8 8079 -4 8081 11
8036 2 8037 10 8085 11
8037 4 8038 2 8054 14 8080 0 8052 3
8038 2 8039 15 8043 20
8039 1 8040 3
8040 4 8041 11 8055 5 8077 5 8054 7
8041 4 8042 12 8073 6 8090 -2 8060 10
8042 2 8043 20 8077 3
8043 2 8044 15 8045 15
8044 5 8045 6 8081 13 8065 12 8080 3 8054 17
8045 4 8046 1 8062 -2 8052 1 8061 15
8046 2 8047 -3 8073 6
8047 1 8048 0
8048 4 8049 17 8083 20 8054 5 8056 15
8049 3 8050 5 8081 16 8078 19
8050 3 8051 10 8088 12 8076 11
8051 3 8052 16 8096 1 8069 0
8052 3 8053 14 8054 17 8092 7
8053 5 8054 2 8068 8 8054 13 8067 6 8068 3
8054 2 8055 -4 8089 15
8055 2 8056 -2 8078 5
8056 1 8057 6
8057 2 8058 -4 8073 12
8058 2 8059 5 8075 -4
8059 2 8060 12 8065 2
8060 4 8061 -4 8098 17 8061 7 8077 -3
8061 1 8062 12
8062 3 8063 0 8080 6 8112 7
8063 1 8064 -3
8064 2 8065 3 8102 4
8065 1 8066 5
8066 4 8067 14 8085 6 8106 15 8088 7
8067 5 8068 5 8072 13 8091 -2 8112 16 8109 5
8068 1 8069 17
8069 5 8070 20 8072 18 8107 19 8109 6 8105 8
8070 2 8071 8 8111 12
8071 4 8072 4 8117 8 8081 3 8112 5
8072 3 8073 -3 8120 8 8097 12
8073 5 8074 3 8106 6 8085 5 8074 11 8087 12
8074 1 8075 14
8075 4 8076 -1 8095 7 8115 16 8078 -2
8076 4 8077 9 8114 20 8120 5 8101 15
8077 3 8078 16 8081 -1 8100 6
8078 1 8079 14
8079 5 8080 -4 8107 0 8115 8 8087 12 8129 -3
8080 2 8081 1 8106 19
8081 2 8082 6 8124 2
8082 4 8083 12 8083 -1 8128 5 8094 10
8083 3 8084 -3 8133 -3 8110 6
8084 3 8085 3 8122 -3 8094 -4
8085 5 8086 -4 8118 -3 8127 8 8125 12 8115 4
8086 4 8087 -3 8087 10 8117 12 8103 4
8087 3 8088 19 8118 10 8124 -1
8088 2 8089 8 8110 13
8089 2 8090 -1 8101 -4
8090 1 8091 -3
8091 5 8092 -3 8107 10 8106 0 8133 -4 8125 19
8092 5 8093 6 8095 2 8094 1 8111 16 8124 17
8093 6 8094 13 8131 11 8130 0 8096 17 8110 7 8142 2
8094 3 8095 -4 8113 1 8107 8
8095 4 8096 3 8102 0 8117 2 8103 16
8096 3 8097 18 8101 -3 8132 13
8097 2 8098 -3 8113 16
8098 2 8099 18 8114 14
8099 6 8100 20 8121 8 8120 13 8129 20 8145 17 8118 -4
8100 1 8101 -1
8101 2 8102 14 8125 1
8102 4 8103 2 8106 8 8110 6 8104 16
8103 2 8104 12 8107 14
8104 5 8105 11 8110 -4 8105 7 8152 6 8122 13
8105 5 8106 0 8126 19 8134 3 8137 8 8106 -3
8106 2 8107 0 8112 19
8107 2 8108 2 8112 8
8108 1 8109 1
8109 3 8110 4 8122 19 8157 14
8110 2 8111 15 8123 9
8111 7 8112 5 8148 3 8134 4 8125 9 8128 10 8142 4 8153 7
8112 1 8113 1
8113 3 8114 17 8116 2 8119 18
8114 2 8115 19 8137 7
8115 2 8116 5 8117 17
8116 4 8117 -3 8137 19 8152 1 8135 15
8117 3 8118 13 8144 8 8129 -1
8118 1 8119 -3
8119 1 8120 10
8120 5 8121 14 8170 2 8124 15 8123 1 8133 9
8121 4 8122 2 8144 2 8143 8 8157 11
8122 2 8123 16 8171 1
8123 2 8124 8 8145 -4
8124 4 8125 -4 8155 16 8171 12 8139 0
8125 3 8126 16 8167 6 8132 5
8126 2 8127 16 8138 3
8127 1 8128 14
8128 4 8129 8 8152 7 8136 11 8138 -3
8129 3 8130 -3 8140 5 8155 19
8130 3 8131 20 8173 1 8180 3
8131 3 8132 -3 8140 9 8181 14
8132 2 8133 3 8182 -4
8133 3 8134 20 8182 5 8181 13
8134 1 8135 19
8135 3 8136 4 8177 0 8185 8
8136 1 8137 -3
8137 2 8138 1 8156 15
8138 2 8139 -2 8186 11
8139 3 8140 18 8163 20 8152 12
8140 3 8141 19 8157 -4 8168 20
8141 1 8142 9
8142 3 8143 5 8149 18 8184 -4
8143 5 8144 1 8192 3 8187 -3 8180 15 8172 6
8144 2 8145 15 8187 9
8145 2 8146 18 8146 5
8146 6 8147 6 8160 20 8169 11 8171 0 8160 13 8155 20
8147 4 8148 7 8187 18 8150 -1 8162 4
8148 3 8149 0 8174 -4 8173 -1
8149 2 8150 -4 8189 0
8150 2 8151 4 8154 15
8151 3 8152 17 8169 15 8185 9
8152 1 8153 7
8153 4 8154 15 8154 15 8177 15 8170 5
8154 3 8155 2 8187 15 8191 6
8155 5 8156 3 8161 3 8173 4 8190 5 8161 -4
8156 4 8157 15 8204 -2 8195 -3 8192 6
8157 4 8158 14 8206 13 8165 8 8175 1
8158 1 8159 17
8159 2 8160 20 8165 18
8160 5 8161 13 8191 20 8175 7 8210 14 8203 18
8161 3 8162 16 8165 2 8184 -2
8162 2 8163 20 8202 8
8163 2 8164 2 8200 -2
8164 2 8165 10 8212 -3
8165 1 8166 9
8166 3 8167 1 8208 -4 8190 -4
8167 3 8168 1 8173 -4 8210 9
8168 3 8169 -2 8197 -1 8213 8
8169 1 8170 12
8170 2 8171 7 8177 7
8171 3 8172 7 8220 18 8219 12
8172 3 8173 20 8196 -4 8203 18
8173 3 8174 -4 8182 5 8213 15
8174 3 8175 16 8203 10 8175 7
8175 3 8176 14 8213 11 8184 -4
8176 3 8177 10 8200 12 8212 4
8177 2 8178 5 8191 -1
8178 7 8179 1 8195 -3 8185 6 8223 -3 8186 16 8210 -2 8186 -3
8179 2 8180 7 8220 5
8180 1 8181 -4
8181 3 8182 -3 8221 4 8216 -3
8182 3 8183 18 8193 16 8228 3
8183 2 8184 0 8223 12
8184 3 8185 2 8207 4 8221 -2
8185 2 8186 20 8230 5
8186 2 8187 -4 8219 8
8187 2 8188 -4 8200 2
8188 1 8189 10
8189 1 8190 12
8190 1 8191 12
8191 1 8192 18
8192 2 8193 12 8224 3
8193 2 8194 9 8211 11
8194 3 8195 -2 8243 17 8221 4
8195 3 8196 14 8208 -1 8242 10
8196 1 8197 4
8197 1 8198 1
8198 4 8199 7 8234 20 8244 4 8221 18
8199 2 8200 13 8221 6
8200 3 8201 17 8209 14 8201 14
8201 2 8202 12 8212 4
8202 2 8203 -4 8231 7
8203 2 8204 -2 8240 8
8204 3 8205 -1 8250 5 8249 6
8205 2 8206 15 8248 2
8206 2 8207 3 8227 14
8207 2 8208 20 8222 -4
8208 7 8209 5 8226 13 8212 19 8209 15 8223 2 8258 17 8214 12
8209 2 8210 11 8243 18
8210 2 8211 15 8238 11
8211 3 8212 18 8235 0 8217 0
8212 2 8213 20 8260 4
8213 4 8214 -1 8235 0 8237 -3 8218 6
8214 2 8215 2 8240 16
8215 2 8216 12 8262 18
8216 6 8217 -4 8230 7 8233 -3 8236 10 8260 7 8242 5
8217 2 8218 7 8254 20
8218 4 8219 3 8238 16 8255 -4 8238 -2
8219 2 8220 14 8254 6
8220 2 8221 19 8248 19
8221 1 8222 18
8222 3 8223 -1 8245 14 8264 20
8223 2 8224 5 8252 6
8224 2 8225 -2 8225 5
8225 2 8226 0 8267 5
8226 3 8227 9 8258 2 8253 -1
8227 4 8228 4 8266 20 8255 5 8269 6
8228 2 8229 12 8248 16
8229 3 8230 18 8252 -3 8252 17
8230 1 8231 16
8231 3 8232 7 8234 -1 8280 1
8232 2 8233 18 8256 19
8233 2 8234 6 8259 15
8234 1 8235 5
8235 2 8236 19 8238 18
8236 1 8237 17
8237 3 8238 1 8285 18 8278 16
8238 2 8239 16 8243 20
8239 3 8240 14 8268 2 8250 2
8240 2 8241 16 8287 17
8241 3 8242 5 8285 9 8250 -4
8242 1 8243 20
8243 1 8244 12
8244 1 8245 20
8245 2 8246 18 8264 11
8246 5 8247 12 8274 1 8291 9 8262 1 8265 11
8247 4 8248 9 8293 5 8270 -4 8250 6
8248 1 8249 20
8249 2 8250 17 8260 -2
8250 4 8251 15 8259 7 8270 1 8283 6
8251 1 8252 -3
8252 2 8253 17 8289 15
8253 1 8254 4
8254 3 8255 -4 8275 0 8282 16
8255 3 8256 3 8276 6 8299 0
8256 2 8257 16 8295 4
8257 2 8258 10 8262 0
8258 2 8259 -3 8280 2
8259 6 8260 8 8282 8 8267 12 8296 9 8305 2 8270 4
8260 2 8261 5 8306 1
8261 1 8262 14
8262 2 8263 -1 8292 -2
8263 1 8264 0
8264 1 8265 8
8265 6 8266 11 8296 -3 8315 1 8304 10 8280 2 8289 2
8266 5 8267 17 8270 19 8309 17 8293 19 8281 10
8267 3 8268 7 8273 0 8316 16
8268 1 8269 7
8269 1 8270 5
8270 3 8271 18 8305 4 8275 17
8271 2 8272 7 8320 1
8272 2 8273 12 8319 6
8273 1 8274 6
8274 2 8275 -4 8317 -3
8275 5 8276 -1 8294 9 8307 14 8283 8 8300 15
8276 3 8277 20 8309 5 8277 12
8277 2 8278 19 8306 5
8278 3 8279 17 8319 15 8328 -3
8279 2 8280 1 8325 11
8280 2 8281 12 8312 4
8281 2 8282 14 8328 11
8282 4 8283 7 8289 9 8301 5 8299 14
8283 2 8284 11 8325 13
8284 2 8285 20 8333 -2
8285 4 8286 -2 8330 20 8290 -4 8291 5
8286 8 8287 -2 8306 12 8299 -2 8298 20 8310 7 8323 15 8295 5 8318 -2
8287 1 8288 5
8288 2 8289 0 8323 19
8289 5 8290 0 8302 2 8315 -1 8338 -3 8310 9
8290 4 8291 10 8300 9 8332 17 8332 12
8291 3 8292 20 8312 -3 8335 -2
8292 2 8293 6 8318 14
8293 3 8294 -4 8317 5 8338 -2
8294 7 8295 4 8311 19 8330 11 8316 1 8330 10 8334 4 8310 6
8295 4 8296 16 8303 6 8301 16 8321 3
8296 3 8297 8 8346 -4 8325 10
8297 5 8298 15 8338 19 8341 1 8332 14 8317 17
8298 1 8299 11
8299 2 8300 4 8300 11
8300 2 8301 17 8302 6
8301 2 8302 3 8324 12
8302 2 8303 12 8346 12
8303 1 8304 2
8304 1 8305 1
8305 2 8306 2 8355 6
8306 3 8307 7 8324 17 8353 12
8307 2 8308 13 8327 19
8308 3 8309 10 8356 7 8337 5
8309 1 8310 15
8310 3 8311 3 8333 20 8319 15
8311 1 8312 19
8312 3 8313 10 8313 -1 8351 15
8313 4 8314 5 8360 14 8347 14 8343 17
8314 1 8315 0
8315 4 8316 17 8326 9 8335 4 8331 2
8316 1 8317 18
8317 3 8318 20 8340 18 8325 9
8318 3 8319 14 8350 20 8321 5
8319 3 8320 8 8346 19 8369 7
8320 3 8321 -2 8341 -1 8332 -1
8321 3 8322 1 8353 9 8354 9
8322 5 8323 -3 8359 2 8361 11 8364 15 8336 18
8323 3 8324 1 8361 15 8358 -2
8324 1 8325 5
8325 3 8326 10 8333 3 8363 12
8326 1 8327 0
8327 5 8328 18 8353 20 8354 10 8366 12 8348 12
8328 4 8329 10 8365 -1 8346 4 8331 14
8329 2 8330 8 8343 17
8330 4 8331 18 8355 6 8376 7 8346 17
8331 6 8332 4 8334 1 8343 10 8370 0 8342 0 8346 -4
8332 3 8333 19 8380 10 8373 18
8333 5 8334 -1 8351 -4 8336 7 8346 16 8354 1
8334 2 8335 3 8347 19
8335 4 8336 1 8378 15 8363 18 8379 18
8336 2 8337 4 8338 15
8337 3 8338 1 8363 13 8345 -2
8338 2 8339 20 8378 5
8339 7 8340 -3 8347 18 8364 9 8342 -2 8345 -1 8364 -3 8348 9
8340 1 8341 -4
8341 2 8342 12 8352 5
8342 1 8343 14
8343 4 8344 19 8360 11 8371 12 8365 1
8344 2 8345 20 8372 12
8345 3 8346 16 8374 20 8356 4
8346 4 8347 6 8374 -3 8355 0 8351 -2
8347 4 8348 0 8384 10 8384 2 8365 5
8348 2 8349 16 8361 16
8349 4 8350 14 8358 2 8350 11 8363 2
8350 4 8351 12 8395 2 8373 14 8383 1
8351 2 8352 20 8352 10
8352 3 8353 19 8372 18 8370 5
8353 4 8354 20 8361 1 8390 16 8386 11
8354 2 8355 18 8367 14
8355 2 8356 14 8365 0
8356 2 8357 10 8368 17
8357 3 8358 18 8380 -3 8404 11
8358 3 8359 18 8392 17 8389 4
8359 3 8360 6 8384 18 8403 17
8360 3 8361 6 8409 14 8383 12
8361 1 8362 -1
8362 2 8363 16 8391 -4
8363 4 8364 7 8367 20 8367 11 8384 2
8364 4 8365 19 8383 16 8406 2 8371 11
8365 1 8366 7
8366 1 8367 15
8367 6 8368 13 8404 18 8381 9 8401 2 8390 12 8417 10
8368 2 8369 13 8418 6
8369 3 8370 1 8374 5 8411 13
8370 3 8371 6 8389 11 8382 6
8371 3 8372 -1 8407 16 8393 19
8372 2 8373 3 8407 4
8373 4 8374 19 8384 5 8413 18 8414 19
8374 2 8375 7 8389 17
8375 3 8376 4 8387 3 8405 -2
8376 2 8377 6 8391 12
8377 2 8378 3 8416 1
8378 5 8379 16 8417 19 8419 -1 8423 8 8399 17
8379 1 8380 -3
8380 4 8381 9 8406 15 8416 12 8382 17
8381 2 8382 6 8421 2
8382 2 8383 16 8411 16
8383 2 8384 7 8401 7
8384 4 8385 10 8405 -1 8418 5 8428 14
8385 3 8386 1 8399 17 8429 12
8386 1 8387 5
8387 2 8388 -4 8437 15
8388 3 8389 16 8397 -2 8423 8
8389 4 8390 14 8397 18 8392 10 8438 -3
8390 1 8391 7
8391 4 8392 5 8395 10 8419 18 8417 9
8392 2 8393 16 8401 -3
8393 2 8394 9 8426 13
8394 3 8395 -2 8410 13 8413 9
8395 2 8396 19 8427 3
8396 2 8397 -1 8439 4
8397 4 8398 1 8413 8 8427 13 8437 12
8398 2 8399 10 8419 5
8399 4 8400 -2 8404 15 8402 17 8429 6
8400 3 8401 9 8438 3 8408 5
8401 3 8402 5 8409 2 8450 5
8402 4 8403 1 8427 -2 8432 -2 8405 0
8403 1 8404 12
8404 4 8405 4 8417 4 8441 7 8441 4
8405 2 8406 -2 8431 15
8406 2 8407 10 8433 10
8407 3 8408 -4 8424 12 8426 11
8408 2 8409 6 8453 11
8409 3 8410 -2 8446 -4 8443 -2
8410 3 8411 -4 8456 8 8430 15
8411 2 8412 18 8425 8
8412 3 8413 4 8452 6 8431 10
8413 1 8414 3
8414 2 8415 16 8449 6
8415 1 8416 10
8416 1 8417 1
8417 2 8418 10 8421 9
8418 3 8419 9 8456 -2 8434 -1
8419 4 8420 6 8425 6 8429 3 8424 0
8420 4 8421 5 8425 -4 8465 5 8421 1
8421 3 8422 19 8460 8 8448 0
8422 3 8423 -4 8467 -4 8463 13
8423 2 8424 12 8458 0
8424 4 8425 16 8462 -4 8428 19 8470 13
8425 4 8426 6 8464 10 8454 12 8453 19
8426 2 8427 18 8447 -4
8427 2 8428 5 8453 0
8428 3 8429 6 8472 -2 8445 19
8429 1 8430 7
8430 2 8431 10 8478 6
8431 1 8432 9
8432 1 8433 -1
8433 4 8434 0 8439 -2 8461 18 8465 7
8434 2 8435 10 8464 1
8435 4 8436 5 8484 19 8474 11 8452 16
8436 2 8437 -2 8469 14
8437 1 8438 16
8438 4 8439 10 8452 16 8464 9 8455 4
8439 6 8440 13 8476 20 8466 11 8478 6 8447 6 8446 5
8440 2 8441 -4 8470 4
8441 4 8442 8 8486 11 8461 8 8459 12
8442 3 8443 -2 8459 -3 8444 -1
8443 2 8444 16 8465 13
8444 2 8445 17 8485 4
8445 3 8446 -4 8469 4 8480 19
8446 3 8447 8 8483 10 8490 6
8447 3 8448 2 8470 5 8457 5
8448 2 8449 -3 8476 15
8449 2 8450 20 8493 17
8450 6 8451 -1 8480 16 8476 14 8463 1 8480 8 8464 8
8451 3 8452 13 8459 20 8453 -2
8452 4 8453 3 8464 5 8501 20 8457 -2
8453 2 8454 -4 8487 3
8454 5 8455 -2 8497 -4 8501 14 8491 19 8465 7
8455 5 8456 20 8468 -3 8478 11 8459 0 8499 5
8456 4 8457 17 8477 18 8487 11 8476 10
8457 1 8458 16
8458 3 8459 17 8471 17 8483 15
8459 2 8460 10 8483 19
8460 1 8461 10
8461 5 8462 11 8492 5 8493 15 8499 -4 8489 12
8462 3 8463 7 8503 20 8508 12
8463 1 8464 -4
8464 2 8465 15 8466 13
8465 3 8466 5 8466 3 8503 8
8466 1 8467 20
8467 5 8468 10 8500 0 8473 15 8488 -3 8487 8
8468 3 8469 -4 8474 18 8484 19
8469 2 8470 18 8491 0
8470 1 8471 7
8471 3 8472 5 8512 0 8493 10
8472 5 8473 -2 8483 8 8511 -2 8485 0 8479 6
8473 2 8474 9 8520 18
8474 1 8475 7
8475 2 8476 15 8505 9
8476 2 8477 1 8512 11
8477 3 8478 1 8496 14 8486 11
8478 4 8479 -2 8482 16 8492 17 8499 13
8479 2 8480 13 8520 13
8480 3 8481 13 8517 6 8523 14
8481 5 8482 -2 8486 4 8488 -2 8511 6 8494 8
8482 4 8483 9 8492 18 8512 18 8494 4
8483 4 8484 9 8525 0 8505 2 8503 14
8484 3 8485 6 8507 -1 8521 4
8485 2 8486 8 8493 2
8486 1 8487 17
8487 1 8488 -3
8488 3 8489 -2 8525 8 8508 10
8489 5 8490 13 8507 1 8492 14 8531 0 8491 19
8490 3 8491 18 8531 13 8538 10
8491 3 8492 6 8533 11 8512 18
8492 3 8493 7 8534 4 8530 14
8493 3 8494 -2 8526 20 8509 16
8494 4 8495 -1 8516 20 8500 15 8518 17
8495 1 8496 12
8496 2 8497 16 8514 -2
8497 3 8498 14 8542 9 8531 3
8498 3 8499 7 8514 11 8530 9
8499 2 8500 -3 8519 -2
8500 2 8501 -3 8517 0
8501 1 8502 17
8502 1 8503 4
8503 4 8504 1 8531 19 8506 7 8514 2
8504 2 8505 2 8540 13
8505 5 8506 15 8539 9 8516 1 8542 13 8552 -1
8506 3 8507 -1 8551 0 8551 0
8507 3 8508 -2 8529 13 8512 1
8508 5 8509 14 8511 13 8513 16 8512 -3 8535 10
8509 2 8510 5 8516 -1
8510 4 8511 5 8513 20 8555 19 8523 15
8511 3 8512 -2 8518 5 8525 3
8512 5 8513 -1 8517 11 8513 7 8526 4 8523 13
8513 2 8514 13 8542 3
8514 5 8515 6 8539 4 8545 8 8558 3 8561 -2
8515 2 8516 7 8538 11
8516 4 8517 4 8532 -1 8561 1 8518 -3
8517 4 8518 7 8563 -1 8546 1 8563 -4
8518 1 8519 -4
8519 1 8520 0
8520 5 8521 20 8556 -2 8549 3 8570 2 8539 15
8521 4 8522 12 8557 17 8547 16 8563 14
8522 3 8523 12 8565 -4 8540 16
8523 2 8524 20 8555 8
8524 2 8525 6 8560 10
8525 1 8526 20
8526 3 8527 8 8571 12 8573 8
8527 4 8528 -4 8555 17 8534 13 8544 11
8528 4 8529 10 8533 2 8535 14 8557 16
8529 5 8530 1 8564 2 8562 0 8562 -4 8570 17
8530 2 8531 6 8576 15
8531 1 8532 17
8532 1 8533 8
8533 3 8534 18 8561 18 8576 10
8534 2 8535 13 8552 10
8535 2 8536 -3 8578 10
8536 3 8537 1 8537 -4 8542 5
8537 3 8538 12 8560 8 8580 13
8538 2 8539 0 8570 9
8539 7 8540 4 8586 15 8541 18 8574 3 8576 16 8566 -2 8542 13
8540 1 8541 5
8541 3 8542 5 8579 1 8573 3
8542 2 8543 0 8549 16
8543 2 8544 19 8579 1
8544 1 8545 0
8545 2 8546 10 8569 15
8546 3 8547 4 8588 5 8596 12
8547 4 8548 18 8583 6 8596 -1 8559 11
8548 3 8549 -1 8554 16 8552 -2
8549 3 8550 19 8553 16 8584 6
8550 5 8551 13 8600 3 8596 11 8597 20 8577 -2
8551 4 8552 11 8599 -3 8589 3 8578 11
8552 3 8553 11 8558 10 8558 8
8553 3 8554 3 8586 13 8559 0
8554 3 8555 15 8559 0 8584 10
8555 1 8556 13
8556 2 8557 17 8589 20
8557 2 8558 0 8573 13
8558 2 8559 19 8599 12
8559 2 8560 16 8587 12
8560 4 8561 19 8603 8 8609 13 8582 -4
8561 2 8562 -1 8596 19
8562 2 8563 10 8596 8
8563 2 8564 -3 8570 1
8564 2 8565 16 8581 10
8565 3 8566 -4 8585 13 8581 0
8566 2 8567 20 8604 7
8567 3 8568 18 8590 -2 8613 11
8568 2 8569 2 8573 5
8569 4 8570 -3 8584 18 8610 13 8617 8
8570 2 8571 7 8576 12
8571 3 8572 -1 8579 9 8603 17
8572 2 8573 7 8618 12
8573 3 8574 12 8585 0 8597 8
8574 5 8575 13 8618 16 8577 5 8623 -3 8611 3
8575 2 8576 2 8605 16
8576 2 8577 12 8608 1
8577 1 8578 20
8578 3 8579 9 8627 4 8606 16
8579 5 8580 14 8604 13 8627 11 8618 3 8585 16
8580 2 8581 6 8582 -4
8581 3 8582 5 8626 20 8592 5
8582 2 8583 5 8596 -4
8583 3 8584 5 8593 7 8597 -2
8584 1 8585 10
8585 2 8586 -3 8619 15
8586 2 8587 12 8604 5
8587 1 8588 1
8588 2 8589 -2 8602 6
8589 2 8590 11 8614 6
8590 3 8591 5 8598 7 8591 20
8591 4 8592 15 8631 2 8607 13 8627 8
8592 3 8593 9 8622 4 8603 1
8593 5 8594 6 8638 9 8631 2 8600 10 8640 6
8594 3 8595 9 8606 17 8610 10
8595 4 8596 -3 8635 6 8612 4 8624 -1
8596 3 8597 13 8599 4 8631 17
8597 6 8598 3 8610 14 8624 15 8612 -1 8640 9 8625 17
8598 1 8599 -4
8599 2 8600 11 8631 12
8600 5 8601 19 8624 8 8646 5 8635 19 8605 19
8601 1 8602 8
8602 3 8603 3 8644 1 8639 16
8603 2 8604 9 8612 17
8604 1 8605 0
8605 2 8606 0 8628 17
8606 6 8607 9 8652 9 8633 -4 8642 4 8645 -4 8648 5
8607 2 8608 -2 8641 6
8608 4 8609 6 8646 -3 8646 12 8618 1
8609 2 8610 11 8657 17
8610 1 8611 10
8611 5 8612 1 8620 15 8651 4 8642 19 8652 19
8612 3 8613 17 8635 -2 8622 11
8613 4 8614 -4 8620 6 8646 16 8659 14
8614 4 8615 18 8627 12 8638 3 8622 2
8615 4 8616 11 8647 1 8616 3 8629 0
8616 4 8617 -4 8625 19 8634 6 8647 14
8617 6 8618 0 8624 -1 8667 0 8626 -3 8628 19 8641 14
8618 4 8619 0 8630 9 8645 2 8646 4
8619 2 8620 2 8647 -3
8620 6 8621 16 8624 18 8629 19 8639 2 8627 12 8629 5
8621 1 8622 17
8622 1 8623 6
8623 1 8624 -4
8624 2 8625 17 8630 16
8625 2 8626 3 8663 3
8626 3 8627 18 8671 19 8649 6
8627 3 8628 8 8629 7 8669 -3
8628 3 8629 17 8664 18 8655 -2
8629 1 8630 20
8630 4 8631 3 8637 16 8645 12 8651 -3
8631 3 8632 13 8648 14 8663 9
8632 1 8633 16
8633 1 8634 9
8634 3 8635 8 8684 0 8638 15
8635 2 8636 7 8662 5
8636 2 8637 13 8648 1
8637 2 8638 -1 8680 9
8638 3 8639 16 8683 19 8685 0
8639 2 8640 9 8658 -4
8640 4 8641 13 8684 6 8659 4 8646 18
8641 3 8642 6 8691 19 8688 18
8642 2 8643 11 8679 5
8643 4 8644 15 8678 19 8692 14 8649 -2
8644 2 8645 0 8647 -4
8645 1 8646 1
8646 3 8647 -3 8650 15 8679 12
8647 1 8648 -2
8648 2 8649 4 8674 5
8649 4 8650 5 8674 4 8659 2 8653 18
8650 4 8651 5 8675 1 8658 19 8657 8
8651 3 8652 14 8692 1 8667 20
8652 3 8653 15 8682 15 8691 10
8653 1 8654 -1
8654 1 8655 0
8655 2 8656 -2 8665 17
8656 4 8657 12 8688 3 8666 0 8677 7
8657 3 8658 11 8706 20 8687 2
8658 4 8659 -1 8695 1 8708 16 8669 12
8659 2 8660 -4 8674 -3
8660 6 8661 -2 8694 10 8699 6 8695 17 8704 2 8684 3
8661 3 8662 13 8675 7 8701 -1
8662 4 8663 12 8703 18 8696 0 8664 -3
8663 3 8664 4 8689 15 8677 15
8664 3 8665 -1 8672 3 8692 16
8665 4 8666 5 8683 3 8677 -1 8681 16
8666 3 8667 3 8681 15 8716 7
8667 3 8668 17 8678 14 8700 15
8668 3 8669 1 8717 4 8682 -1
8669 4 8670 6 8691 -3 8711 7 8684 0
8670 2 8671 19 8720 11
8671 1 8672 -2
8672 5 8673 14 8706 3 8709 4 8692 8 8713 1
8673 3 8674 14 8711 6 8693 7
8674 3 8675 14 8692 9 8677 18
8675 1 8676 7
8676 1 8677 13
8677 2 8678 -1 8703 -2
8678 2 8679 15 8723 5
8679 3 8680 20 8682 20 8683 10
8680 1 8681 18
8681 1 8682 6
8682 1 8683 13
8683 2 8684 9 8692 11
8684 1 8685 12
8685 2 8686 9 8689 10
8686 5 8687 2 8716 17 8705 16 8708 8 8704 11
8687 2 8688 4 8718 16
8688 1 8689 4
8689 2 8690 10 8692 10
8690 4 8691 17 8720 7 8726 4 8692 9
8691 1 8692 -3
8692 4 8693 -1 8735 -2 8739 15 8729 18
8693 3 8694 18 8708 6 8733 0
8694 2 8695 3 8702 0
8695 4 8696 10 8699 11 8710 10 8741 20
8696 2 8697 16 8729 0
8697 3 8698 2 8717 -2 8729 13
8698 2 8699 -2 8716 -1
8699 3 8700 12 8738 5 8728 20
8700 2 8701 5 8723 19
8701 4 8702 -3 8732 9 8747 7 8715 8
8702 6 8703 19 8713 19 8722 1 8710 -4 8715 -3 8705 10
8703 2 8704 7 8706 -3
8704 5 8705 -3 8733 0 8717 9 8708 14 8735 8
8705 4 8706 20 8721 19 8727 13 8715 19
8706 1 8707 -3
8707 2 8708 5 8752 6
8708 4 8709 15 8750 14 8752 4 8755 16
8709 5 8710 12 8711 19 8726 -3 8725 19 8747 15
8710 1 8711 0
8711 3 8712 6 8721 1 8752 13
8712 5 8713 0 8741 16 8756 -2 8748 7 8745 17
8713 4 8714 19 8732 5 8752 13 8755 11
8714 3 8715 8 8758 8 8721 12
8715 2 8716 1 8752 19
8716 2 8717 -1 8735 0
8717 2 8718 9 8721 18
8718 3 8719 -3 8725 14 8757 -2
8719 3 8720 11 8763 5 8741 13
8720 3 8721 14 8768 -4 8737 3
8721 3 8722 -1 8760 -1 8753 14
8722 2 8723 17 8746 9
8723 2 8724 16 8724 11
8724 1 8725 -4
8725 5 8726 20 8762 13 8733 18 8745 15 8732 4
8726 5 8727 16 8759 17 8772 12 8746 -4 8762 9
8727 5 8728 7 8755 18 8763 17 8775 0 8773 -1
8728 1 8729 1
8729 4 8730 14 8736 20 8735 20 8778 17
8730 3 8731 -3 8735 11 8780 5
8731 3 8732 3 8775 15 8762 3
8732 2 8733 -3 8759 1
8733 3 8734 11 8782 2 8766 18
8734 1 8735 1
8735 3 8736 6 8756 0 8764 3
8736 3 8737 3 8749 7 8751 -3
8737 1 8738 17
8738 4 8739 17 8769 15 8754 4 8784 17
8739 4 8740 13 8776 -4 8785 -4 8740 7
8740 2 8741 10 8746 6
8741 1 8742 19
8742 3 8743 8 8766 12 8774 4
8743 2 8744 3 8744 10
8744 4 8745 5 8748 13 8759 -4 8777 15
8745 1 8746 4
8746 1 8747 14
8747 1 8748 20
8748 2 8749 9 8780 18
8749 3 8750 18 8780 -4 8791 9
8750 6 8751 12 8781 16 8765 7 8778 15 8773 11 8759 7
8751 1 8752 -2
8752 4 8753 -2 8791 18 8771 11 8777 6
8753 1 8754 13
8754 4 8755 17 8769 -2 8762 -3 8802 2
8755 5 8756 9 8759 9 8803 8 8772 16 8796 -3
8756 4 8757 -4 8801 17 8805 -1 8801 -1
8757 3 8758 15 8801 4 8790 10
8758 1 8759 12
8759 2 8760 14 8767 0
8760 1 8761 16
8761 4 8762 15 8795 3 8768 19 8776 19
8762 2 8763 -3 8793 6
8763 2 8764 3 8794 12
8764 2 8765 16 8806 20
8765 1 8766 11
8766 1 8767 12
8767 3 8768 1 8768 16 8773 14
8768 1 8769 4
8769 3 8770 7 8797 -1 8771 5
8770 1 8771 9
8771 2 8772 18 8775 14
8772 4 8773 -3 8779 -3 8804 2 8778 14
8773 3 8774 -3 8817 4 8784 7
8774 1 8775 12
8775 2 8776 -2 8791 14
8776 2 8777 17 8816 18
8777 3 8778 8 8804 13 8810 1
8778 2 8779 12 8781 -3
8779 3 8780 8 8803 12 8809 19
8780 3 8781 -2 8814 16 8791 13
8781 4 8782 8 8788 11 8807 -3 8816 18
8782 2 8783 6 8806 4
8783 1 8784 12
8784 2 8785 5 8796 -3
8785 2 8786 5 8792 12
8786 1 8787 0
8787 1 8788 19
8788 3 8789 0 8834 17 8837 2
8789 2 8790 2 8828 -1
8790 5 8791 5 8819 4 8797 -3 8806 10 8791 6
8791 1 8792 3
8792 2 8793 -2 8816 14
8793 6 8794 13 8829 19 8834 5 8824 5 8824 13 8809 20
8794 5 8795 3 8825 16 8840 -4 8826 7 8826 -1
8795 7 8796 12 8796 -4 8831 11 8828 15 8816 0 8818 18 8831 3
8796 3 8797 5 8827 3 8837 14
8797 4 8798 16 8834 19 8827 8 8823 -2
8798 5 8799 3 8848 17 8803 -1 8801 7 8817 17
8799 3 8800 19 8834 -4 8818 6
8800 5 8801 0 8803 17 8833 7 8848 20 8836 7
8801 4 8802 14 8814 11 8848 18 8851 8
8802 3 8803 12 8849 16 8828 1
8803 3 8804 6 8841 8 8835 1
8804 3 8805 12 8843 -3 8854 5
8805 7 8806 1 8820 8 8806 -1 8834 2 8817 12 8832 15 8842 3
8806 2 8807 8 8856 10
8807 2 8808 3 8830 7
8808 3 8809 12 8838 20 8833 12
8809 2 8810 19 8840 10
8810 2 8811 2 8831 16
8811 2 8812 2 8844 11
8812 1 8813 3
8813 2 8814 -4 8839 9
8814 2 8815 5 8834 17
8815 2 8816 -4 8822 19
8816 3 8817 12 8844 12 8838 18
8817 4 8818 15 8849 16 8830 1 8827 8
8818 1 8819 2
8819 2 8820 -1 8862 19
8820 1 8821 3
8821 3 8822 14 8830 3 8838 5
8822 3 8823 4 8852 20 8829 4
8823 2 8824 7 8865 9
8824 5 8825 1 8864 19 8845 6 8873 7 8865 3
8825 4 8826 14 8857 0 8860 2 8829 -4
8826 1 8827 17
8827 1 8828 11
8828 4 8829 11 8873 -1 8868 5 8836 14
8829 2 8830 16 8850 8
8830 2 8831 20 8879 11
8831 3 8832 5 8835 -2 8854 -4
8832 2 8833 -2 8852 2
8833 3 8834 10 8836 19 8872 7
8834 1 8835 16
8835 2 8836 19 8852 6
8836 2 8837 9 8840 7
8837 1 8838 10
8838 2 8839 20 8888 2
8839 4 8840 9 8846 0 8878 20 8873 19
8840 2 8841 2 8866 13
8841 3 8842 19 8842 9 8877 1
8842 3 8843 17 8877 17 8889 -3
8843 3 8844 2 8884 10 8858 8
8844 2 8845 5 8880 12
8845 2 8846 9 8849 3
8846 5 8847 5 8880 11 8861 3 8849 18 8893 -2
8847 5 8848 19 8863 15 8863 -3 8864 1 8882 8
8848 3 8849 3 8854 10 8869 -3
8849 2 8850 6 8879 19
8850 4 8851 13 8899 -2 8878 17 8897 1
8851 3 8852 4 8874 10 8861 15
8852 5 8853 20 8887 -2 8892 4 8858 20 8882 10
8853 2 8854 1 8890 18
8854 1 8855 5
8855 2 8856 -2 8894 4
8856 3 8857 1 8871 8 8880 1
8857 4 8858 0 8904 1 8897 -1 8905 1
8858 2 8859 17 8892 -3
8859 5 8860 4 8885 7 8904 19 8861 5 8862 -2
8860 4 8861 15 8876 20 8909 16 8900 -3
8861 7 8862 10 8874 11 8881 8 8903 17 8904 -2 8886 7 8902 15
8862 3 8863 8 8883 16 8906 12
8863 1 8864 1
8864 3 8865 5 8911 15 8913 -3
8865 2 8866 6 8899 19
8866 2 8867 8 8892 -3
8867 2 8868 7 8914 7
8868 3 8869 8 8878 16 8918 6
8869 2 8870 10 8883 19
8870 3 8871 14 8877 7 8897 10
8871 4 8872 6 8884 3 8885 -1 8880 -2
8872 2 8873 9 8888 -4
8873 2 8874 1 8899 6
8874 3 8875 15 8922 17 8892 16
8875 1 8876 6
8876 6 8877 -3 8879 11 8921 4 8919 14 8919 -2 8894 3
8877 2 8878 -2 8916 8
8878 4 8879 7 8916 0 8888 -4 8911 14
8879 5 8880 15 8903 -1 8903 13 8905 18 8915 -3
8880 2 8881 1 8918 2
8881 4 8882 3 8910 8 8908 12 8901 18
8882 1 8883 -1
8883 2 8884 13 8899 6
8884 2 8885 10 8907 9
8885 5 8886 -4 8911 17 8915 19 8909 -3 8902 18
8886 3 8887 6 8918 -2 8917 -2
8887 1 8888 -1
8888 7 8889 9 8924 13 8905 -2 8929 0 8901 1 8897 18 8935 -1
8889 2 8890 14 8921 14
8890 3 8891 13 8902 -4 8902 18
8891 1 8892 8
8892 2 8893 -4 8922 4
8893 2 8894 0 8894 12
8894 3 8895 14 8936 10 8908 13
8895 1 8896 7
8896 3 8897 13 8942 -4 8928 -2
8897 3 8898 0 8917 6 8941 8
8898 5 8899 11 8937 4 8918 18 8923 3 8921 19
8899 3 8900 4 8912 -3 8946 5
8900 1 8901 9
8901 4 8902 8 8949 4 8909 20 8940 16
8902 4 8903 4 8936 2 8911 -4 8941 16
8903 3 8904 20 8935 8 8931 18
8904 2 8905 16 8938 9
8905 4 8906 20 8952 6 8938 6 8915 19
8906 3 8907 4 8945 1 8910 14
8907 2 8908 -1 8950 11
8908 3 8909 -1 8956 12 8924 -3
8909 3 8910 -4 8952 -2 8921 -1
8910 3 8911 14 8937 2 8929 9
8911 5 8912 -1 8938 10 8912 8 8929 3 8949 0
8912 3 8913 18 8925 11 8941 7
8913 4 8914 17 8937 14 8937 6 8932 4
8914 4 8915 12 8960 -1 8922 0 8937 6
8915 3 8916 20 8951 -1 8917 3
8916 3 8917 5 8927 -3 8940 5
8917 2 8918 5 8959 18
8918 2 8919 1 8961 -3
8919 2 8920 1 8960 -3
8920 4 8921 7 8957 0 8931 4 8959 -2
8921 1 8922 -4
8922 6 8923 2 8972 2 8950 16 8966 15 8963 -3 8963 7
8923 3 8924 5 8948 19 8941 17
8924 1 8925 9
8925 2 8926 20 8961 -4
8926 2 8927 6 8931 0
8927 3 8928 -2 8956 2 8955 14
8928 5 8929 7 8970 20 8969 11 8947 -1 8972 0
8929 2 8930 3 8942 12
8930 2 8931 -1 8962 11
8931 3 8932 -3 8974 -2 8953 20
8932 6 8933 11 8934 -4 8964 -4 8935 8 8957 18 8961 3
8933 3 8934 17 8950 9 8982 5
8934 8 8935 13 8954 7 8972 3 8984 10 8937 0 8941 15 8954 13 8956 20
8935 1 8936 7
8936 5 8937 18 8948 1 8974 11 8940 -3 8937 -2
8937 1 8938 17
8938 4 8939 15 8987 20 8970 19 8965 -4
8939 2 8940 11 8978 12
8940 4 8941 17 8970 12 8968 14 8952 -4
8941 3 8942 20 8947 0 8973 6
8942 3 8943 14 8990 -2 8985 6
8943 1 8944 -3
8944 3 8945 -2 8973 -4 8993 2
8945 1 8946 10
8946 2 8947 19 8960 18
8947 6 8948 18 8981 -1 8948 19 8984 6 8958 -2 8950 -3
8948 2 8949 20 8951 7
8949 3 8950 -3 8953 4 8950 -2
8950 2 8951 18 8988 1
8951 6 8952 2 8968 -2 8967 18 8994 12 8962 15 8974 17
8952 2 8953 2 8990 5
8953 3 8954 16 8958 11 8998 7
8954 1 8955 10
8955 3 8956 1 8980 4 8958 12
8956 3 8957 -3 8973 9 8967 18
8957 4 8958 0 8979 19 8964 2 8972 8
8958 5 8959 11 8965 13 9003 2 8991 15 8969 17
8959 3 8960 20 8962 6 8968 6
8960 3 8961 1 8994 10 8976 -3
8961 5 8962 12 8968 -2 8992 17 8973 2 8984 9
8962 5 8963 11 8991 -4 8979 15 8998 9 8977 5
8963 4 8964 0 8970 4 9006 14 9004 6
8964 3 8965 0 8994 13 8981 15
8965 4 8966 9 8996 7 9005 14 9009 -1
8966 2 8967 10 8995 -4
8967 2 8968 8 8982 14
8968 1 8969 7
8969 2 8970 20 9000 6
8970 1 8971 1
8971 3 8972 -4 8980 2 8973 18
8972 5 8973 -3 8996 -1 8977 -2 9012 7 9022 -2
8973 4 8974 1 8993 0 8981 -2 8984 -4
8974 3 8975 8 8975 6 8990 5
8975 3 8976 -4 9024 16 9008 5
8976 3 8977 17 9006 5 8997 20
8977 2 8978 17 9023 16
8978 2 8979 20 9010 8
8979 2 8980 2 9028 12
8980 2 8981 0 9009 7
8981 3 8982 1 8986 15 9013 6
8982 2 8983 9 9025 16
8983 5 8984 10 9029 19 9011 16 9003 2 9020 5
8984 2 8985 1 9009 13
8985 1 8986 -4
8986 4 8987 10 9033 7 8997 10 9011 5
8987 5 8988 8 9025 19 9012 17 9034 3 9000 5
8988 1 8989 5
8989 2 8990 15 9013 13
8990 2 8991 11 9019 7
8991 1 8992 5
8992 5 8993 12 9039 7 9032 -1 8995 7 9031 5
8993 2 8994 0 9034 1
8994 2 8995 4 9039 12
8995 2 8996 17 9035 12
8996 2 8997 20 9035 8
8997 3 8998 6 9040 6 9024 2
8998 1 8999 17
8999 5 9000 7 9032 2 9001 10 9048 19 9021 13
9000 3 9001 17 9017 11 9014 6
9001 3 9002 18 9046 -3 9028 17
9002 3 9003 -2 9028 9 9028 -4
9003 3 9004 17 9048 -1 9023 5
9004 2 9005 2 9016 1
9005 5 9006 12 9039 -1 9039 7 9024 11 9013 4
9006 2 9007 10 9015 13
9007 3 9008 19 9033 -1 9048 11
9008 3 9009 0 9056 3 9052 3
9009 1 9010 0
9010 1 9011 19
9011 2 9012 15 9043 12
9012 4 9013 -1 9055 17 9025 10 9042 12
9013 2 9014 3 9027 -2
9014 5 9015 7 9021 13 9064 14 9043 -4 9046 16
9015 4 9016 17 9032 1 9052 3 9043 18
9016 2 9017 2 9049 -3
9017 4 9018 -3 9063 5 9065 -4 9055 3
9018 3 9019 14 9054 11 9051 18
9019 5 9020 4 9045 16 9048 -2 9040 4 9044 11
9020 1 9021 4
9021 1 9022 3
9022 5 9023 8 9026 20 9027 10 9057 -1 9045 14
9023 3 9024 -1 9059 8 9048 2
9024 1 9025 13
9025 2 9026 5 9027 7
9026 3 9027 10 9052 13 9072 -4
9027 3 9028 12 9072 17 9070 11
9028 6 9029 -4 9068 16 9074 9 9049 -3 9074 -2 9074 16
9029 6 9030 8 9035 12 9054 13 9078 12 9040 16 9032 -4
9030 2 9031 1 9074 13
9031 6 9032 6 9077 2 9074 10 9073 15 9074 6 9073 11
9032 2 9033 1 9073 20
9033 1 9034 1
9034 3 9035 20 9036 15 9042 -4
9035 1 9036 10
9036 3 9037 -3 9085 14 9037 5
9037 4 9038 15 9072 -2 9084 8 9081 6
9038 3 9039 1 9045 -1 9082 20
9039 1 9040 17
9040 2 9041 4 9075 19
9041 1 9042 7
9042 1 9043 -2
9043 4 9044 12 9064 11 9055 11 9093 7
9044 6 9045 12 9094 9 9062 14 9062 -2 9081 0 9088 12
9045 3 9046 3 9077 10 9094 13
9046 7 9047 12 9061 0 9095 12 9093 17 9057 2 9066 1 9079 6
9047 4 9048 -3 9068 16 9069 7 9081 3
9048 3 9049 -1 9080 -3 9063 16
9049 3 9050 13 9089 -2 9076 -1
9050 5 9051 2 9067 8 9080 14 9083 5 9097 16
9051 6 9052 8 9076 -2 9066 5 9096 7 9081 5 9065 12
9052 1 9053 5
9053 2 9054 9 9100 19
9054 2 9055 14 9083 -4
9055 2 9056 12 9056 0
9056 2 9057 1 9069 6
9057 2 9058 -2 9067 0
9058 4 9059 -2 9107 0 9093 -2 9104 9
9059 2 9060 1 9090 0
9060 4 9061 4 9102 16 9081 -3 9093 1
9061 6 9062 17 9090 6 9087 17 9072 -1 9086 9 9093 -3
9062 3 9063 -2 9109 17 9097 11
9063 3 9064 3 9094 7 9109 -2
9064 4 9065 12 9084 2 9065 20 9111 7
9065 4 9066 11 9114 1 9087 16 9089 0
9066 4 9067 -1 9075 13 9105 0 9078 10
9067 2 9068 9 9072 -1
9068 1 9069 19
9069 2 9070 -2 9089 8
9070 2 9071 7 9102 -3
9071 3 9072 13 9107 15 9107 19
9072 2 9073 14 9088 14
9073 2 9074 12 9101 20
9074 3 9075 11 9102 17 9085 0
9075 1 9076 11
9076 3 9077 -1 9085 -3 9100 9
9077 2 9078 -1 9123 0
9078 6 9079 8 9090 11 9127 11 9084 5 9086 12 9121 7
9079 1 9080 16
9080 3 9081 4 9111 -4 9109 -3
9081 2 9082 5 9105 -2
9082 2 9083 5 9114 20
9083 3 9084 -2 9116 11 9108 2
9084 5 9085 6 9111 8 9120 14 9085 2 9090 19
9085 7 9086 20 9088 7 9115 11 9093 -1 9099 12 9088 15 9090 8
9086 2 9087 12 9117 1
9087 2 9088 15 9116 15
9088 1 9089 2
9089 2 9090 8 9133 16
9090 2 9091 19 9095 8
9091 3 9092 2 9094 10 9117 2
9092 3 9093 18 9131 9 9106 4
9093 1 9094 20
9094 3 9095 7 9115 6 9103 -1
9095 4 9096 4 9142 -3 9126 0 9114 17
9096 3 9097 5 9123 19 9137 -2
9097 2 9098 16 9114 16
9098 5 9099 4 9113 -3 9138 7 9143 19 9145 11
9099 3 9100 0 9147 16 9136 11
9100 3 9101 17 9106 16 9147 13
9101 3 9102 -4 9147 -1 9106 -2
9102 3 9103 10 9129 14 9127 14
9103 3 9104 -2 9124 19 9151 -4
9104 6 9105 -3 9117 16 9139 2 9125 -2 9143 18 9149 11
9105 3 9106 8 9121 0 9147 3
9106 3 9107 13 9129 -2 9150 0
9107 2 9108 4 9114 6
9108 5 9109 18 9151 11 9157 12 9112 -1 9152 14
9109 3 9110 9 9137 11 9157 5
9110 2 9111 14 9118 20
9111 5 9112 12 9159 3 9144 0 9119 17 9159 -2
9112 4 9113 19 9159 13 9153 16 9161 0
9113 3 9114 3 9125 14 9163 7
9114 2 9115 20 9118 10
9115 3 9116 -3 9156 -3 9160 11
9116 2 9117 14 9130 -1
9117 3 9118 5 9154 -2 9132 11
9118 6 9119 12 9153 0 9137 10 9141 2 9159 -1 9167 17
9119 7 9120 7 9160 -3 9134 7 9148 20 9154 13 9155 3 9134 6
9120 2 9121 7 9159 -3
9121 5 9122 19 9134 9 9123 17 9155 11 9169 16
9122 4 9123 15 9128 15 9143 7 9165 13
9123 1 9124 6
9124 1 9125 20
9125 1 9126 14
9126 4 9127 19 9147 6 9149 17 9135 8
9127 1 9128 5
9128 3 9129 2 9153 11 9170 -4
9129 3 9130 14 9166 19 9179 8
9130 3 9131 9 9141 -4 9144 2
9131 2 9132 0 9156 11
9132 3 9133 -1 9163 8 9177 7
9133 2 9134 11 9163 -3
9134 3 9135 8 9170 -3 9141 11
9135 2 9136 7 9141 13
9136 2 9137 20 9183 2
9137 3 9138 13 9174 19 9159 8
9138 4 9139 -4 9157 10 9151 7 9150 7
9139 4 9140 6 9172 10 9167 7 9169 10
9140 2 9141 -4 9171 2
9141 3 9142 16 9145 5 9155 2
9142 4 9143 19 9157 3 9147 6 9154 2
9143 5 9144 -2 9166 7 9189 10 9171 6 9191 18
9144 1 9145 -4
9145 2 9146 16 9147 8
9146 4 9147 9 9177 20 9160 17 9178 19
9147 3 9148 13 9158 15 9197 12
9148 3 9149 13 9196 2 9196 9
9149 3 9150 -4 9183 20 9178 1
9150 4 9151 4 9159 -4 9198 19 9155 -1
9151 3 9152 -1 9154 -1 9179 9
9152 4 9153 13 9202 5 9155 13 9196 3
9153 2 9154 6 9163 19
9154 2 9155 6 9190 9
9155 3 9156 6 9171 8 9183 13
9156 2 9157 -4 9174 -3
9157 4 9158 -1 9187 20 9180 16 9194 5
9158 3 9159 6 9174 -4 9168 5
9159 2 9160 19 9170 15
9160 2 9161 -4 9165 20
9161 5 9162 14 9188 18 9184 13 9210 3 9206 20
9162 1 9163 3
9163 3 9164 -4 9210 14 9202 8
9164 4 9165 10 9168 16 9195 -2 9203 18
9165 1 9166 9
9166 2 9167 5 9179 14
9167 4 9168 14 9189 7 9195 3 9200 13
9168 2 9169 -1 9184 5
9169 2 9170 18 9190 5
9170 4 9171 3 9179 5 9205 11 9218 12
9171 3 9172 9 9186 12 9180 0
9172 1 9173 19
9173 3 9174 9 9211 5 9206 -4
9174 2 9175 10 9198 17
9175 2 9176 11 9224 5
9176 1 9177 7
9177 1 9178 17
9178 4 9179 19 9213 18 9204 -3 9206 0
9179 1 9180 12
9180 4 9181 10 9205 20 9223 6 9189 8
9181 3 9182 13 9229 3 9189 1
9182 2 9183 6 9218 -4
9183 6 9184 20 9204 2 9191 7 9209 17 9211 13 9214 5
9184 5 9185 -2 9193 7 9205 9 9187 15 9213 19
9185 6 9186 13 9206 13 9197 -1 9228 14 9186 1 9192 16
9186 8 9187 10 9229 12 9193 -2 9200 20 9223 16 9227 2 9216 6 9235 9
9187 4 9188 7 9211 7 9214 0 9228 -1
9188 4 9189 6 9191 -1 9238 9 9212 -4
9189 2 9190 -4 9204 4
9190 1 9191 10
9191 4 9192 16 9204 13 9235 18 9212 13
9192 4 9193 6 9233 -2 9229 13 9221 20
9193 5 9194 19 9226 -4 9213 9 9208 18 9206 8
9194 2 9195 1 9205 4
9195 3 9196 12 9225 -1 9233 18
9196 4 9197 18 9230 -2 9225 11 9241 18
9197 3 9198 8 9209 9 9218 18
9198 1 9199 15
9199 3 9200 0 9231 11 9247 7
9200 1 9201 8
9201 1 9202 7
9202 1 9203 10
9203 4 9204 17 9206 6 9211 6 9231 17
9204 2 9205 7 9245 0
9205 1 9206 8
9206 3 9207 1 9255 12 9226 8
9207 4 9208 -4 9220 4 9213 16 9224 2
9208 2 9209 5 9257 11
9209 3 9210 13 9212 15 9226 11
9210 2 9211 5 9237 -2
9211 3 9212 15 9252 9 9246 19
9212 1 9213 13
9213 2 9214 11 9254 1
9214 2 9215 11 9223 16
9215 4 9216 -4 9227 20 9257 13 9259 12
9216 3 9217 5 9217 8 9244 15
9217 3 9218 2 9237 17 9255 6
9218 2 9219 20 9242 6
9219 3 9220 12 9221 17 9254 17
9220 3 9221 5 9234 -1 9257 3
9221 3 9222 18 9232 9 9246 4
9222 4 9223 -3 9236 -4 9243 13 9227 3
9223 1 9224 13
9224 3 9225 15 9256 12 9239 -3
9225 2 9226 11 9233 0
9226 4 9227 -1 9265 6 9240 0 9250 12
9227 3 9228 13 9252 13 9276 4
9228 2 9229 14 9230 6
9229 5 9230 11 9240 9 9249 11 9271 16 9266 -1
9230 2 9231 -3 9263 6
9231 1 9232 14
9232 3 9233 2 9248 18 9271 12
9233 4 9234 1 9283 2 9283 10 9260 10
9234 3 9235 -1 9259 17 9243 -3
9235 2 9236 19 9275 -2
9236 2 9237 9 9267 4
9237 3 9238 14 9279 9 9284 19
9238 3 9239 -2 9253 -3 9249 -3
9239 1 9240 2
9240 3 9241 11 9256 0 9254 13
9241 2 9242 5 9289 11
9242 2 9243 8 9247 19
9243 3 9244 10 9286 -3 9245 1
9244 2 9245 18 9292 13
9245 4 9246 20 9262 2 9247 -1 9280 -4
9246 3 9247 0 9272 3 9284 8
9247 3 9248 6 9254 11 9282 12
9248 4 9249 12 9252 20 9263 16 9257 10
9249 2 9250 15 9252 -4
9250 2 9251 -2 9289 15
9251 3 9252 12 9276 16 9300 18
9252 3 9253 -1 9296 6 9260 17
9253 2 9254 12 9263 18
9254 2 9255 7 9265 9
9255 1 9256 13
9256 2 9257 12 9302 5
9257 2 9258 16 9299 1
9258 5 9259 8 9286 5 9308 18 9276 14 9273 5
9259 4 9260 9 9290 14 9299 -1 9288 14
9260 2 9261 12 9284 0
9261 7 9262 -4 9281 5 9303 12 9277 4 9267 -3 9307 12 9262 5
9262 1 9263 5
9263 3 9264 19 9306 1 9269 -2
9264 3 9265 17 9276 11 9277 10
9265 4 9266 19 9314 15 9312 3 9306 2
9266 1 9267 17
9267 4 9268 10 9270 6 9296 14 9297 19
9268 3 9269 16 9298 20 9280 13
9269 3 9270 17 9290 16 9285 12
9270 3 9271 3 9295 13 9318 3
9271 4 9272 7 9278 10 9296 7 9297 11
9272 1 9273 14
9273 4 9274 6 9299 1 9296 7 9323 -4
9274 1 9275 13
9275 3 9276 8 9291 -1 9284 2
9276 2 9277 15 9311 -3
9277 3 9278 -2 9287 1 9325 15
9278 4 9279 9 9286 2 9287 -1 9305 0
9279 2 9280 4 9288 -4
9280 2 9281 11 9288 11
9281 2 9282 5 9313 3
9282 2 9283 -1 9294 9
9283 3 9284 17 9326 4 9298 7
9284 5 9285 5 9294 7 9315 14 9296 4 9302 6
9285 2 9286 7 9317 13
9286 5 9287 0 9307 -4 9314 10 9294 12 9322 -4
9287 2 9288 -3 9293 9
9288 2 9289 10 9338 1
9289 5 9290 7 9317 7 9300 16 9332 18 9308 -4
9290 2 9291 15 9298 7
9291 3 9292 12 9328 9 9315 11
9292 1 9293 6
9293 2 9294 12 9321 15
9294 3 9295 14 9311 11 9316 13
9295 2 9296 17 9302 0
9296 3 9297 18 9305 -3 9342 6
9297 1 9298 17
9298 4 9299 5 9333 16 9339 17 9342 1
9299 2 9300 7 9341 11
9300 2 9301 20 9307 15
9301 3 9302 6 9342 11 9303 2
9302 2 9303 0 9334 14
9303 2 9304 18 9333 13
9304 4 9305 0 9333 -2 9322 -4 9335 9
9305 4 9306 1 9353 12 9332 20 9312 -4
9306 1 9307 5
9307 4 9308 4 9314 18 9339 11 9355 10
9308 5 9309 13 9334 6 9344 -2 9313 4 9354 19
9309 1 9310 -2
9310 2 9311 18 9354 19
9311 4 9312 1 9357 -2 9357 5 9344 9
9312 4 9313 8 9328 19 9327 20 9317 4
9313 2 9314 19 9346 -3
9314 5 9315 15 9327 8 9343 -2 9331 16 9343 15
9315 3 9316 4 9353 15 9330 7
9316 3 9317 7 9363 16 9325 -1
9317 4 9318 10 9363 19 9363 5 9338 13
9318 1 9319 10
9319 2 9320 7 9348 -3
9320 4 9321 1 9353 -1 9348 -1 9328 19
9321 3 9322 16 9329 2 9335 -1
9322 7 9323 4 9371 1 9328 20 9345 5 9356 -2 9372 3 9323 6
9323 2 9324 7 9363 1
9324 2 9325 20 9354 0
9325 1 9326 -1
9326 1 9327 15
9327 2 9328 -4 9364 13
9328 1 9329 14
9329 1 9330 13
9330 3 9331 9 9354 7 9373 7
9331 3 9332 7 9375 17 9362 -3
9332 5 9333 18 9359 16 9376 8 9358 11 9344 11
9333 1 9334 13
9334 1 9335 10
9335 4 9336 7 9350 -2 9377 10 9365 15
9336 3 9337 15 9361 1 9365 5
9337 3 9338 1 9348 2 9344 1
9338 5 9339 13 9376 7 9382 -4 9347 -3 9367 9
9339 3 9340 16 9377 0 9361 -1
9340 3 9341 8 9346 13 9367 7
9341 1 9342 -3
9342 3 9343 9 9389 9 9387 20
9343 5 9344 19 9371 10 9392 -3 9360 14 9393 4
9344 2 9345 13 9374 11
9345 1 9346 2
9346 1 9347 2
9347 3 9348 6 9379 3 9393 -2
9348 1 9349 2
9349 2 9350 6 9368 -1
9350 5 9351 2 9387 -2 9393 17 9361 13 9361 16
9351 2 9352 0 9354 17
9352 3 9353 17 9358 20 9362 6
9353 3 9354 12 9371 13 9394 14
9354 3 9355 19 9396 -4 9387 9
9355 5 9356 13 9398 16 9364 15 9359 18 9359 14
9356 4 9357 5 9381 9 9371 16 9363 3
9357 4 9358 17 9377 12 9383 15 9402 0
9358 1 9359 -3
9359 4 9360 15 9403 5 9376 10 9385 6
9360 3 9361 5 9375 19 9364 5
9361 5 9362 4 9387 6 9378 20 9384 -1 9404 1
9362 4 9363 -4 9389 8 9398 3 9411 7
9363 2 9364 9 9367 8
9364 1 9365 5
9365 3 9366 16 9380 15 9401 12
9366 3 9367 -1 9378 8 9404 4
9367 5 9368 13 9395 19 9401 14 9410 -1 9401 9
9368 4 9369 18 9406 -2 9394 18 9384 14
9369 2 9370 3 9418 14
9370 4 9371 13 9392 -3 9401 18 9411 14
9371 5 9372 18 9389 7 9384 -2 9391 9 9389 15
9372 2 9373 0 9410 9
9373 2 9374 14 9421 13
9374 1 9375 18
9375 1 9376 5
9376 3 9377 13 9389 -3 9405 6
9377 3 9378 4 9415 3 9417 13
9378 2 9379 20 9406 -2
9379 3 9380 1 9420 5 9403 13
9380 3 9381 16 9388 19 9415 -1
9381 2 9382 4 9382 -1
9382 3 9383 4 9385 10 9399 -2
9383 1 9384 12
9384 5 9385 17 9399 -3 9427 0 9421 3 9390 5
9385 5 9386 0 9431 -3 9429 1 9410 16 9386 16
9386 1 9387 15
9387 3 9388 19 9434 10 9419 0
9388 3 9389 1 9419 10 9413 -4
9389 3 9390 18 9428 11 9406 15
9390 5 9391 13 9432 11 9429 2 9401 10 9437 17
9391 3 9392 1 9400 10 9396 6
9392 4 9393 1 9425 2 9396 16 9398 5
9393 1 9394 20
9394 2 9395 12 9405 10
9395 2 9396 11 9423 16
9396 2 9397 10 9422 20
9397 2 9398 9 9436 1
9398 2 9399 6 9425 3
9399 4 9400 -1 9409 19 9438 10 9408 6
9400 5 9401 14 9430 1 9411 3 9421 5 9436 4
9401 4 9402 9 9436 -4 9423 18 9415 13
9402 3 9403 17 9428 10 9421 3
9403 3 9404 18 9414 -2 9406 7
9404 2 9405 9 9408 -4
9405 5 9406 17 9423 9 9422 2 9421 10 9419 18
9406 4 9407 9 9407 4 9414 8 9434 6
9407 4 9408 4 9453 1 9413 16 9438 13
9408 2 9409 9 9425 12
9409 4 9410 18 9446 6 9447 -2 9453 16
9410 4 9411 12 9418 15 9444 17 9454 17
9411 4 9412 18 9413 4 9421 19 9439 10
9412 2 9413 19 9417 17
9413 1 9414 1
9414 5 9415 18 9449 -3 9430 15 9456 2 9443 -2
9415 3 9416 -4 9430 4 9436 16
9416 6 9417 17 9458 19 9442 6 9421 10 9444 16 9461 8
9417 2 9418 0 9431 -3
9418 4 9419 3 9432 12 9441 20 9458 4
9419 4 9420 -1 9427 7 9462 0 9448 19
9420 6 9421 14 9470 11 9464 10 9454 1 9455 -1 9452 8
9421 3 9422 1 9462 0 9425 14
9422 2 9423 12 9435 1
9423 3 9424 10 9445 6 9445 9
9424 1 9425 19
9425 1 9426 17
9426 2 9427 18 9439 12
9427 1 9428 6
9428 2 9429 6 9448 9
9429 1 9430 7
9430 6 9431 -2 9447 9 9456 6 9432 5 9449 4 9479 -4
9431 2 9432 4 9478 -4
9432 3 9433 15 9482 16 9455 -2
9433 1 9434 8
9434 3 9435 12 9446 6 9436 13
9435 2 9436 7 9442 6
9436 2 9437 15 9473 17
9437 3 9438 -1 9479 11 9450 12
9438 4 9439 -3 9486 3 9443 4 9481 12
9439 4 9440 -4 9460 19 9478 -4 9452 10
9440 3 9441 20 9481 -1 9447 -1
9441 1 9442 12
9442 2 9443 0 9482 0
9443 4 9444 6 9446 4 9482 14 9480 1
9444 3 9445 7 9473 20 9459 2
9445 1 9446 4
9446 4 9447 2 9464 4 9466 18 9469 -2
9447 2 9448 1 9458 19
9448 4 9449 -3 9474 -2 9497 8 9469 -4
9449 2 9450 12 9458 -2
9450 6 9451 16 9497 4 9463 1 9474 16 9500 20 9484 8
9451 5 9452 10 9461 12 9500 16 9475 6 9488 0
9452 2 9453 9 9467 16
9453 2 9454 17 9454 13
9454 4 9455 3 9461 1 9458 18 9457 9
9455 2 9456 -1 9459 17
9456 3 9457 4 9469 6 9469 3
9457 2 9458 5 9478 19
9458 1 9459 19
9459 4 9460 14 9496 7 9476 13 9477 8
9460 1 9461 13
9461 3 9462 13 9502 -1 9484 20
9462 3 9463 5 9494 19 9476 5
9463 2 9464 3 9508 12
9464 6 9465 15 9483 20 9471 -3 9491 13 9504 11 9497 12
9465 7 9466 12 9504 11 9511 18 9504 -4 9502 1 9469 10 9505 -1
9466 2 9467 18 9471 19
9467 2 9468 7 9503 14
9468 2 9469 16 9495 0
9469 3 9470 6 9492 4 9511 3
9470 1 9471 -4
9471 1 9472 -3
9472 3 9473 12 9514 4 9511 11
9473 1 9474 9
9474 2 9475 14 9498 20
9475 1 9476 5
9476 1 9477 17
9477 2 9478 1 9516 -2
9478 4 9479 8 9486 7 9484 12 9511 -1
9479 3 9480 1 9516 2 9508 12
9480 4 9481 19 9507 -3 9481 10 9499 14
9481 2 9482 5 9529 0
9482 3 9483 5 9504 9 9483 -2
9483 5 9484 6 9525 16 9493 -4 9499 5 9525 13
9484 2 9485 -4 9486 10
9485 4 9486 13 9529 13 9526 7 9525 7
9486 3 9487 17 9526 -4 9497 -3
9487 5 9488 18 9527 19 9535 1 9507 17 9523 -3
9488 2 9489 15 9501 11
9489 5 9490 14 9494 16 9517 14 9534 5 9528 -1
9490 2 9491 9 9515 5
9491 5 9492 14 9536 12 9492 -4 9529 -1 9514 15
9492 4 9493 14 9527 20 9514 7 9529 20
9493 2 9494 16 9526 10
9494 3 9495 13 9525 7 9506 20
9495 4 9496 7 9530 -2 9496 10 9524 15
9496 4 9497 18 9504 19 9516 -4 9538 14
9497 2 9498 1 9509 3
9498 4 9499 13 9533 12 9539 5 9511 0
9499 4 9500 3 9548 7 9538 6 9525 15
9500 3 9501 18 9528 5 9526 -3
9501 1 9502 5
9502 4 9503 5 9545 18 9542 -3 9540 5
9503 4 9504 12 9528 12 9516 0 9552 13
9504 3 9505 7 9527 -1 9553 11
9505 1 9506 -2
9506 5 9507 13 9547 9 9553 19 9529 20 9520 6
9507 3 9508 17 9516 9 9534 10
9508 3 9509 2 9510 18 9539 0
9509 3 9510 5 9513 18 9523 -4
9510 3 9511 1 9548 5 9540 -4
9511 3 9512 14 9540 15 9530 7
9512 1 9513 -2
9513 7 9514 3 9550 7 9515 -4 9517 15 9525 -1 9558 12 9557 20
9514 3 9515 -4 9519 2 9544 4
9515 2 9516 8 9545 15
9516 2 9517 -3 9540 11
9517 2 9518 13 9564 20
9518 2 9519 2 9565 5
9519 1 9520 2
9520 1 9521 4
9521 3 9522 18 9562 3 9558 1
9522 4 9523 0 9533 10 9539 19 9540 3
9523 2 9524 4 9554 -1
9524 3 9525 11 9550 6 9551 -4
9525 4 9526 3 9559 12 9554 9 9566 9
9526 3 9527 -4 9530 15 9573 20
9527 2 9528 -2 9532 2
9528 2 9529 14 9554 6
9529 3 9530 13 9531 1 9572 15
9530 4 9531 -3 9556 5 9531 16 9549 0
9531 1 9532 18
9532 1 9533 11
9533 2 9534 8 9554 3
9534 1 9535 14
9535 1 9536 -4
9536 6 9537 12 9575 1 9579 -4 9572 7 9558 3 9572 9
9537 2 9538 8 9583 20
9538 3 9539 20 9577 8 9578 18
9539 3 9540 -3 9561 3 9548 4
9540 2 9541 20 9563 9
9541 3 9542 0 9559 1 9579 -2
9542 3 9543 13 9575 7 9545 1
9543 2 9544 15 9556 4
9544 2 9545 -1 9591 7
9545 3 9546 3 9561 7 9587 5
9546 3 9547 2 9592 3 9549 12
9547 3 9548 11 9590 3 9556 13
9548 4 9549 3 9594 -2 9586 3 9576 4
9549 2 9550 20 9597 -1
9550 4 9551 -3 9590 7 9566 6 9574 20
9551 2 9552 -3 9579 13
9552 1 9553 9
9553 5 9554 17 9557 3 9586 6 9600 4 9570 5
9554 3 9555 2 9564 5 9573 13
9555 2 9556 9 9582 9
9556 4 9557 15 9564 6 9583 2 9575 17
9557 2 9558 0 9563 7
9558 2 9559 2 9589 9
9559 3 9560 19 9600 6 9569 -1
9560 2 9561 -3 9602 18
9561 3 9562 5 9611 17 9577 9
9562 4 9563 20 9601 1 9581 12 9566 15
9563 4 9564 12 9591 12 9591 14 9572 4
9564 2 9565 5 9574 2
9565 3 9566 19 9594 -4 9588 -2
9566 1 9567 5
9567 1 9568 0
9568 5 9569 1 9581 18 9592 0 9573 0 9599 15
9569 4 9570 20 9574 9 9579 -4 9579 9
9570 3 9571 2 9592 18 9594 -3
9571 2 9572 20 9613 0
9572 1 9573 -2
9573 2 9574 -2 9581 -2
9574 4 9575 15 9613 15 9604 6 9617 16
9575 1 9576 12
9576 2 9577 19 9588 16
9577 2 9578 20 9608 20
9578 3 9579 4 9594 4 9593 2
9579 1 9580 9
9580 6 9581 18 9629 3 9594 15 9596 2 9616 4 9599 18
9581 5 9582 -3 9598 0 9583 -4 9617 10 9607 14
9582 4 9583 -3 9594 -2 9584 9 9631 3
9583 1 9584 0
9584 2 9585 14 9592 -3
9585 2 9586 12 9609 18
9586 4 9587 -3 9598 8 9612 14 9623 12
9587 4 9588 7 9635 14 9618 11 9613 14
9588 1 9589 20
9589 2 9590 11 9638 -3
9590 4 9591 17 9603 6 9629 7 9615 -2
9591 1 9592 17
9592 4 9593 14 9596 3 9620 9 9631 0
9593 2 9594 7 9624 14
9594 4 9595 -2 9619 5 9609 5 9627 17
9595 3 9596 18 9642 10 9633 2
9596 4 9597 19 9642 15 9615 20 9627 19
9597 2 9598 16 9610 1
9598 2 9599 9 9611 7
9599 6 9600 4 9605 2 9614 19 9615 1 9631 -2 9627 0
9600 5 9601 16 9636 -3 9626 17 9611 20 9631 3
9601 3 9602 2 9639 12 9605 6
9602 1 9603 5
9603 4 9604 6 9641 18 9608 9 9635 3
9604 3 9605 8 9632 12 9649 12
9605 3 9606 6 9645 3 9621 19
9606 3 9607 19 9644 11 9626 5
9607 1 9608 17
9608 2 9609 14 9611 10
9609 3 9610 1 9615 -2 9658 16
9610 2 9611 9 9630 9
9611 1 9612 16
9612 3 9613 -3 9616 14 9627 10
9613 2 9614 3 9616 8
9614 4 9615 14 9663 2 9636 17 9660 9
9615 1 9616 0
9616 3 9617 -2 9633 10 9627 2
9617 3 9618 1 9655 20 9633 7
9618 1 9619 0
9619 5 9620 -1 9623 13 9622 11 9655 12 9648 8
9620 2 9621 0 9634 18
9621 3 9622 7 9653 14 9668 18
9622 3 9623 1 9656 0 9660 19
9623 2 9624 14 9673 7
9624 5 9625 14 9626 15 9641 7 9639 19 9674 15
9625 1 9626 7
9626 3 9627 4 9667 5 9676 16
9627 2 9628 -3 9659 -2
9628 4 9629 13 9665 13 9660 20 9634 -1
9629 2 9630 1 9679 10
9630 3 9631 13 9666 0 9660 17
9631 2 9632 -2 9666 8
9632 2 9633 -4 9671 -4
9633 7 9634 15 9666 9 9642 3 9673 4 9654 6 9669 8 9653 5
9634 5 9635 1 9681 15 9659 20 9636 15 9681 -4
9635 1 9636 19
9636 3 9637 17 9660 6 9678 16
9637 1 9638 9
9638 3 9639 -3 9652 18 9659 11
9639 3 9640 20 9665 6 9677 12
9640 6 9641 11 9680 10 9685 12 9650 15 9672 -3 9643 16
9641 5 9642 16 9644 11 9645 20 9670 15 9671 3
9642 6 9643 17 9655 7 9674 18 9643 17 9653 -3 9686 3
9643 1 9644 1
9644 6 9645 0 9676 11 9690 18 9665 7 9661 19 9667 4
9645 3 9646 17 9655 0 9648 18
9646 2 9647 16 9647 4
9647 2 9648 18 9665 -4
9648 2 9649 1 9694 -4
9649 3 9650 4 9697 2 9671 12
9650 4 9651 11 9676 17 9677 0 9665 20
9651 3 9652 16 9661 20 9666 15
9652 3 9653 9 9673 19 9670 16
9653 3 9654 0 9657 11 9670 9
9654 3 9655 2 9666 20 9665 8
9655 2 9656 -1 9691 18
9656 2 9657 10 9671 20
9657 6 9658 -2 9686 9 9703 -3 9672 1 9675 2 9659 8
9658 3 9659 0 9699 2 9675 8
9659 6 9660 12 9691 11 9671 8 9664 -1 9687 10 9680 12
9660 4 9661 -3 9697 9 9710 1 9690 9
9661 3 9662 18 9702 16 9694 4
9662 3 9663 13 9678 2 9683 3
9663 2 9664 2 9688 5
9664 1 9665 -3
9665 2 9666 9 9683 15
9666 5 9667 5 9714 -3 9702 4 9715 5 9709 0
9667 3 9668 18 9710 7 9677 0
9668 4 9669 11 9712 14 9702 16 9707 14
9669 3 9670 12 9695 4 9675 0
9670 3 9671 16 9719 -4 9687 15
9671 2 9672 18 9715 3
9672 4 9673 -2 9693 9 9686 7 9694 12
9673 3 9674 8 9710 9 9675 7
9674 2 9675 8 9696 18
9675 2 9676 5 9704 10
9676 7 9677 13 9695 18 9702 3 9697 -4 9702 -1 9682 16 9700 8
9677 4 9678 3 9725 11 9678 9 9708 -1
9678 1 9679 5
9679 5 9680 11 9695 0 9692 11 9717 8 9696 -1
9680 3 9681 13 9697 4 9700 9
9681 2 9682 3 9729 12
9682 4 9683 2 9716 -4 9700 -4 9687 13
9683 3 9684 -2 9689 13 9697 19
9684 4 9685 6 9696 13 9712 20 9706 12
9685 4 9686 16 9694 8 9735 6 9705 16
9686 6 9687 -2 9702 8 9701 12 9727 9 9704 -2 9689 7
9687 3 9688 8 9711 -1 9723 16
9688 1 9689 1
9689 3 9690 12 9725 1 9698 2
9690 3 9691 17 9721 2 9728 16
9691 1 9692 13
9692 3 9693 18 9709 18 9720 8
9693 3 9694 -1 9708 0 9723 15
9694 4 9695 11 9729 10 9708 12 9713 2
9695 3 9696 4 9741 -2 9742 -4
9696 1 9697 17
9697 6 9698 0 9702 6 9710 -3 9746 -3 9718 16 9700 9
9698 2 9699 15 9708 19
9699 2 9700 10 9740 12
9700 3 9701 12 9717 16 9739 13
9701 4 9702 -2 9723 8 9733 14 9728 14
9702 5 9703 10 9705 1 9712 -2 9705 1 9704 3
9703 5 9704 19 9723 4 9742 -4 9706 15 9711 -1
9704 2 9705 -1 9742 3
9705 3 9706 14 9718 13 9742 3
9706 2 9707 8 9731 -4
9707 2 9708 0 9729 -4
9708 1 9709 13
9709 3 9710 13 9746 -4 9725 3
9710 2 9711 4 9726 16
9711 3 9712 1 9752 16 9719 18
9712 2 9713 9 9737 7
9713 2 9714 9 9753 3
9714 1 9715 10
9715 6 9716 19 9737 10 9732 1 9755 0 9716 19 9739 2
9716 2 9717 20 9744 17
9717 3 9718 -1 9760 15 9764 17
9718 4 9719 12 9763 11 9744 13 9752 -4
9719 2 9720 3 9742 0
9720 9 9721 18 9745 12 9721 9 9758 10 9765 -4 9754 4 9759 17 9747 16 9739 12
9721 2 9722 11 9749 1
9722 4 9723 -1 9755 13 9727 12 9753 8
9723 2 9724 -2 9730 0
9724 2 9725 18 9727 15
9725 3 9726 1 9742 6 9761 7
9726 3 9727 0 9759 6 9737 17
9727 5 9728 3 9772 19 9737 -3 9776 2 9766 0
9728 1 9729 17
9729 3 9730 6 9758 12 9760 1
9730 4 9731 19 9763 4 9752 5 9778 16
9731 3 9732 14 9746 9 9754 19
9732 4 9733 8 9757 17 9782 19 9768 17
9733 4 9734 -4 9776 11 9769 6 9770 7
9734 2 9735 15 9747 1
9735 2 9736 2 9760 2
9736 1 9737 10
9737 2 9738 1 9772 5
9738 2 9739 8 9758 17
9739 1 9740 14
9740 1 9741 7
9741 5 9742 2 9770 19 9749 1 9765 -4 9759 13
9742 7 9743 -4 9766 14 9743 8 9781 0 9756 17 9755 -1 9790 15
9743 2 9744 3 9772 17
9744 2 9745 -4 9778 19
9745 3 9746 -2 9749 4 9757 4
9746 1 9747 13
9747 4 9748 8 9793 -4 9756 9 9757 1
9748 3 9749 16 9777 8 9791 -3
9749 2 9750 17 9754 16
9750 2 9751 -2 9772 -4
9751 3 9752 17 9764 -2 9799 8
9752 3 9753 17 9792 9 9794 13
9753 3 9754 -2 9756 5 9798 10
9754 4 9755 -3 9773 3 9763 15 9765 9
9755 4 9756 10 9782 0 9765 8 9789 17
9756 2 9757 1 9787 1
9757 2 9758 6 9795 15
9758 1 9759 5
9759 6 9760 12 9773 15 9781 20 9790 18 9770 10 9768 2
9760 3 9761 9 9762 11 9794 20
9761 2 9762 6 9811 7
9762 3 9763 9 9777 7 9787 20
9763 2 9764 19 9798 -1
9764 3 9765 17 9812 16 9795 -4
9765 3 9766 10 9773 18 9790 3
9766 2 9767 1 9803 3
9767 2 9768 10 9786 -4
9768 1 9769 8
9769 5 9770 16 9810 14 9772 8 9773 17 9797 4
9770 2 9771 10 9802 16
9771 5 9772 20 9797 16 9796 12 9814 19 9811 19
9772 2 9773 18 9776 10
9773 1 9774 20
9774 2 9775 20 9822 3
9775 2 9776 7 9790 0
9776 2 9777 6 9814 -4
9777 4 9778 16 9778 -2 9779 10 9806 20
9778 3 9779 15 9801 12 9820 3
9779 3 9780 3 9802 16 9810 18
9780 2 9781 12 9786 10
9781 3 9782 8 9790 10 9806 7
9782 4 9783 -4 9832 3 9817 18 9787 8
9783 4 9784 1 9832 2 9791 9 9824 7
9784 4 9785 6 9785 16 9793 0 9806 9
9785 3 9786 13 9829 -3 9826 -3
9786 2 9787 12 9826 11
9787 3 9788 -2 9802 -1 9793 2
9788 3 9789 -3 9821 6 9795 -1
9789 2 9790 2 9819 12
9790 1 9791 10
9791 4 9792 12 9800 18 9807 1 9793 19
9792 2 9793 12 9840 16
9793 3 9794 12 9836 -3 9794 10
9794 6 9795 10 9834 4 9818 14 9815 6 9815 -4 9812 8
9795 3 9796 6 9798 16 9837 11
9796 4 9797 13 9814 9 9829 -3 9817 13
9797 5 9798 -1 9827 4 9815 18 9833 13 9825 8
9798 2 9799 12 9846 7
9799 3 9800 16 9805 19 9834 3
9800 2 9801 5 9819 4
9801 1 9802 10
9802 5 9803 17 9820 16 9846 13 9852 17 9827 -3
9803 7 9804 3 9830 1 9820 19 9819 13 9812 -1 9834 15 9850 7
9804 3 9805 20 9838 5 9854 8
9805 1 9806 9
9806 4 9807 -2 9816 12 9845 -4 9815 6
9807 2 9808 13 9831 19
9808 1 9809 -1
9809 2 9810 10 9859 16
9810 4 9811 6 9822 3 9812 5 9840 14
9811 5 9812 5 9853 12 9838 20 9838 7 9831 3
9812 4 9813 -2 9859 5 9859 -4 9840 7
9813 2 9814 13 9843 17
9814 2 9815 9 9816 -3
9815 2 9816 13 9853 8
9816 2 9817 10 9862 8
9817 3 9818 -4 9861 19 9829 18
9818 3 9819 6 9829 13 9822 -1
9819 2 9820 1 9840 -2
9820 4 9821 3 9864 8 9836 19 9858 14
9821 2 9822 1 9864 20
9822 4 9823 19 9870 17 9844 7 9859 6
9823 2 9824 12 9846 10
9824 8 9825 17 9844 0 9850 6 9855 18 9850 4 9841 12 9873 2 9846 20
9825 2 9826 -2 9855 16
9826 3 9827 19 9849 0 9838 18
9827 3 9828 4 9848 -2 9866 -2
9828 4 9829 0 9842 15 9862 19 9842 1
9829 4 9830 18 9837 6 9841 14 9860 15
9830 7 9831 9 9846 -1 9845 3 9873 13 9872 1 9855 6 9832 -4
9831 3 9832 11 9876 9 9861 12
9832 3 9833 5 9857 -1 9858 -1
9833 2 9834 12 9859 7
9834 3 9835 4 9848 6 9846 10
9835 3 9836 7 9864 -3 9865 6
9836 2 9837 17 9874 11
9837 3 9838 11 9862 16 9845 14
9838 2 9839 8 9871 3
9839 3 9840 18 9840 0 9841 7
9840 3 9841 5 9876 13 9853 -2
9841 3 9842 14 9875 14 9875 13
9842 2 9843 -3 9850 1
9843 2 9844 14 9854 8
9844 3 9845 12 9875 13 9893 15
9845 5 9846 -2 9866 7 9885 -1 9857 18 9873 4
9846 4 9847 -4 9893 11 9877 14 9858 4
9847 2 9848 1 9875 1
9848 1 9849 19
9849 2 9850 17 9856 11
9850 1 9851 5
9851 3 9852 0 9855 -3 9879 -2
9852 1 9853 2
9853 4 9854 14 9878 -3 9863 16 9885 13
9854 3 9855 7 9874 18 9859 2
9855 2 9856 0 9876 2
9856 3 9857 0 9882 9 9860 11
9857 5 9858 14 9860 18 9865 2 9892 7 9881 16
9858 1 9859 12
9859 3 9860 19 9873 11 9860 -3
9860 3 9861 7 9864 16 9863 11
9861 1 9862 7
9862 3 9863 5 9863 13 9903 -2
9863 4 9864 3 9886 -3 9890 -1 9898 1
9864 4 9865 12 9874 14 9890 7 9878 14
9865 2 9866 -4 9878 18
9866 2 9867 0 9869 19
9867 3 9868 6 9917 2 9869 1
9868 4 9869 7 9881 19 9882 10 9913 1
9869 4 9870 14 9907 4 9916 15 9886 10
9870 6 9871 6 9890 15 9882 1 9911 0 9912 12 9904 14
9871 3 9872 16 9918 13 9920 7
9872 5 9873 5 9874 8 9892 -3 9886 12 9910 18
9873 1 9874 9
9874 4 9875 3 9890 3 9918 6 9909 3
9875 3 9876 18 9892 11 9923 19
9876 1 9877 19
9877 3 9878 -4 9904 17 9878 9
9878 4 9879 3 9889 13 9885 9 9884 9
9879 2 9880 3 9922 0
9880 6 9881 9 9901 12 9885 12 9911 10 9895 10 9930 8
9881 3 9882 18 9920 10 9914 8
9882 3 9883 4 9922 2 9894 15
9883 3 9884 10 9919 4 9899 18
9884 1 9885 -3
9885 2 9886 20 9930 9
9886 2 9887 1 9921 -2
9887 4 9888 0 9913 9 9896 -1 9891 4
9888 2 9889 0 9893 -1
9889 4 9890 5 9923 -4 9893 14 9932 1
9890 1 9891 -3
9891 3 9892 1 9927 3 9913 4
9892 1 9893 18
9893 3 9894 9 9899 6 9898 14
9894 2 9895 11 9898 15
9895 2 9896 4 9917 16
9896 2 9897 12 9933 5
9897 4 9898 5 9924 7 9937 -2 9925 -4
9898 3 9899 10 9903 10 9933 0
9899 4 9900 19 9923 13 9935 1 9918 11
9900 4 9901 15 9919 -1 9924 13 9923 6
9901 5 9902 9 9946 2 9920 -4 9914 1 9916 5
9902 1 9903 15
9903 3 9904 5 9924 -1 9937 3
9904 2 9905 4 9906 12
9905 4 9906 2 9951 10 9928 14 9948 17
9906 2 9907 -3 9915 -3
9907 1 9908 13
9908 1 9909 3
9909 1 9910 14
9910 5 9911 14 9935 19 9932 16 9931 4 9957 15
9911 3 9912 17 9912 13 9947 3
9912 3 9913 5 9928 17 9935 4
9913 6 9914 13 9921 8 9947 13 9917 8 9926 10 9951 19
9914 4 9915 20 9948 14 9916 13 9950 7
9915 3 9916 5 9929 17 9954 1
9916 4 9917 14 9922 5 9963 9 9948 7
9917 2 9918 19 9919 0
9918 5 9919 15 9922 7 9959 0 9968 6 9925 1
9919 3 9920 5 9958 19 9950 13
9920 4 9921 16 9946 17 9950 14 9931 14
9921 4 9922 6 9958 16 9944 3 9944 0
9922 3 9923 8 9947 16 9938 0
9923 1 9924 20
9924 2 9925 19 9952 15
9925 4 9926 19 9929 17 9930 1 9968 13
9926 3 9927 -3 9956 16 9959 18
9927 6 9928 9 9965 5 9931 -2 9956 15 9961 -3 9947 11
9928 2 9929 19 9953 1
9929 1 9930 1
9930 3 9931 7 9973 -1 9949 -1
9931 3 9932 10 9961 -4 9934 7
9932 2 9933 -4 9978 5
9933 5 9934 0 9945 1 9974 2 9958 13 9982 13
9934 3 9935 -4 9958 0 9977 6
9935 2 9936 11 9968 -1
9936 1 9937 14
9937 3 9938 4 9961 7 9944 5
9938 2 9939 17 9947 -1
9939 4 9940 8 9959 7 9941 17 9982 14
9940 3 9941 -4 9952 7 9970 2
9941 5 9942 11 9965 -2 9989 9 9944 4 9957 6
9942 2 9943 1 9970 19
9943 2 9944 12 9964 18
9944 2 9945 0 9948 17
9945 2 9946 18 9951 19
9946 3 9947 -4 9957 -3 9947 1
9947 2 9948 -1 9984 5
9948 4 9949 9 9967 6 9998 -4 9966 8
9949 4 9950 9 9958 16 9962 19 9978 8
9950 5 9951 8 9999 11 9988 11 9955 0 9990 13
9951 1 9952 15
9952 1 9953 1
9953 5 9954 6 9965 -3 9987 17 9957 18 9986 10
9954 2 9955 19 9970 7
9955 2 9956 20 9972 3
9956 4 9957 9 9986 13 9972 14 9968 6
9957 2 9958 7 9987 1
9958 5 9959 -3 9975 -3 9983 6 9996 15 9994 11
9959 3 9960 13 9966 10 9993 9
9960 3 9961 8 9992 12 9968 2
9961 3 9962 18 9981 3 9989 20
9962 3 9963 14 9995 17 9975 12
9963 3 9964 10 9977 -4 9973 6
9964 4 9965 -1 9971 1 9968 19 9988 13
9965 3 9966 15 9994 3 9976 14
9966 3 9967 8 9997 10 9967 9
9967 4 9968 17 9984 12 9998 12 9983 2
9968 5 9969 11 9996 20 9983 14 9980 11 9992 0
9969 2 9970 20 9986 16
9970 1 9971 12
9971 5 9972 6 9981 11 9999 12 9987 2 9975 1
9972 4 9973 20 9988 3 9988 20 9976 7
9973 2 9974 -4 9977 3
9974 2 9975 14 9992 20
9975 3 9976 8 9980 15 9990 6
9976 1 9977 19
9977 2 9978 4 9993 1
9978 1 9979 14
9979 3 9980 16 9987 16 9984 17
9980 2 9981 14 9987 2
9981 1 9982 15
9982 4 9983 0 9986 9 9983 -2 9998 15
9983 5 9984 1 9994 0 9999 17 9984 -2 9992 5
9984 3 9985 11 9988 5 9992 19
9985 1 9986 12
9986 2 9987 8 9997 7
9987 3 9988 11 9997 8 9991 20
9988 4 9989 13 9991 3 9996 2 9999 7
9989 1 9990 6
9990 1 9991 19
9991 4 9992 11 9998 12 9993 -2 9997 1
9992 2 9993 -4 9994 0
9993 2 9994 -2 9997 7
9994 3 9995 4 9995 2 9997 -3
9995 4 9996 16 9998 14 9997 9 9999 3
9996 2 9997 7 9998 8
9997 1 9998 6
9998 2 9999 -2 9999 -2
9999 0
SOURCE 0
